,Al,Co,Fe,Ni,Si,Cr,Mn,Nb,Mo,Ti,Cu,C,V,Zr,Nd,Y,Sn,Li,Mg,Zn,Ta,Hf,W,Re,Pd,B,Sc,Ga,mean_atomic_radius,mean_electronegativity,mean_melting_point,mean_valence_electrons,delta,delta_chi,delta_S,delta_H,n_elements,proc_ANNEAL,proc_CAST,proc_OTHER,proc_POWDER,proc_WROUGHT,calculated density
0,0.07692307692307693,0.3076923076923077,0.3076923076923077,0.3076923076923077,0.0,0.0,0.0,0.0,0.0,0.0,0.0,0.0,0.0,0.0,0.0,0.0,0.0,0.0,0.0,0.0,0.0,0.0,0.0,0.0,0.0,0.0,0.0,0.0,1.3576923076923078,1.853076923076923,1704.7284615384615,8.538461538461538,2.8328611898017013,0.07699996157687501,10.686568849046568,-6.059171597633137,4,0,1,0,0,0,7.9
1,0.14285714285714285,0.2857142857142857,0.2857142857142857,0.2857142857142857,0.0,0.0,0.0,0.0,0.0,0.0,0.0,0.0,0.0,0.0,0.0,0.0,0.0,0.0,0.0,0.0,0.0,0.0,0.0,0.0,0.0,0.0,0.0,0.0,1.3499999999999999,1.8357142857142856,1649.6385714285714,8.142857142857142,3.428963332490926,0.09707981147446855,11.239408020521262,-9.46938775510204,4,0,1,0,0,0,7.4
2,0.2,0.26666666666666666,0.26666666666666666,0.26666666666666666,0.0,0.0,0.0,0.0,0.0,0.0,0.0,0.0,0.0,0.0,0.0,0.0,0.0,0.0,0.0,0.0,0.0,0.0,0.0,0.0,0.0,0.0,0.0,0.0,1.3433333333333333,1.8206666666666669,1601.894,7.8,3.8119830014236284,0.1093902290984995,11.468125449813064,-11.946666666666667,4,0,1,0,0,0,7.0
3,0.25,0.25,0.25,0.25,0.0,0.0,0.0,0.0,0.0,0.0,0.0,0.0,0.0,0.0,0.0,0.0,0.0,0.0,0.0,0.0,0.0,0.0,0.0,0.0,0.0,0.0,0.0,0.0,1.3375,1.8075,1560.1175,7.5,4.073737330411839,0.1175531794550874,11.52634446553133,-13.75,4,0,1,0,0,0,6.6
4,0.0,0.3333333333333333,0.3333333333333333,0.3333333333333333,0.0,0.0,0.0,0.0,0.0,0.0,0.0,0.0,0.0,0.0,0.0,0.0,0.0,0.0,0.0,0.0,0.0,0.0,0.0,0.0,0.0,0.0,0.0,0.0,1.3666666666666667,1.8733333333333333,1769.0,9.0,1.7246506858208492,0.03299831645537215,9.134411874130997,-1.3333333333333335,3,0,1,0,0,0,8.5
5,0.0,0.3333333333333333,0.3333333333333333,0.3333333333333333,0.0,0.0,0.0,0.0,0.0,0.0,0.0,0.0,0.0,0.0,0.0,0.0,0.0,0.0,0.0,0.0,0.0,0.0,0.0,0.0,0.0,0.0,0.0,0.0,1.3666666666666667,1.8733333333333333,1769.0,9.0,1.7246506858208492,0.03299831645537215,9.134411874130997,-1.3333333333333335,3,0,1,0,0,0,8.5
6,0.0,0.3076923076923077,0.3076923076923077,0.3076923076923077,0.07692307692307693,0.0,0.0,0.0,0.0,0.0,0.0,0.0,0.0,0.0,0.0,0.0,0.0,0.0,0.0,0.0,0.0,0.0,0.0,0.0,0.0,0.0,0.0,0.0,1.346153846153846,1.8753846153846154,1762.6923076923076,8.615384615384617,5.540205551332946,0.03249032627991205,10.686568849046568,-11.834319526627219,4,0,1,0,0,0,7.7
7,0.0,0.2857142857142857,0.2857142857142857,0.2857142857142857,0.14285714285714285,0.0,0.0,0.0,0.0,0.0,0.0,0.0,0.0,0.0,0.0,0.0,0.0,0.0,0.0,0.0,0.0,0.0,0.0,0.0,0.0,0.0,0.0,0.0,1.3285714285714287,1.8771428571428568,1757.2857142857142,8.285714285714285,7.213122508063834,0.031943828249996926,11.239408020521262,-19.428571428571427,4,0,1,0,0,0,7.1
8,0.0,0.26666666666666666,0.26666666666666666,0.26666666666666666,0.2,0.0,0.0,0.0,0.0,0.0,0.0,0.0,0.0,0.0,0.0,0.0,0.0,0.0,0.0,0.0,0.0,0.0,0.0,0.0,0.0,0.0,0.0,0.0,1.3133333333333335,1.8786666666666665,1752.6000000000001,8.0,8.278937274264004,0.031382939455839455,11.468125449813064,-24.96,4,0,1,0,0,0,6.6
9,0.0,0.25,0.25,0.25,0.0,0.25,0.0,0.0,0.0,0.0,0.0,0.0,0.0,0.0,0.0,0.0,0.0,0.0,0.0,0.0,0.0,0.0,0.0,0.0,0.0,0.0,0.0,0.0,1.375,1.82,1871.75,8.25,1.8181818181818077,0.09669539802906858,11.52634446553133,-3.75,4,0,0,0,0,1,8.2
10,0.0,0.25,0.0,0.25,0.0,0.25,0.25,0.0,0.0,0.0,0.0,0.0,0.0,0.0,0.0,0.0,0.0,0.0,0.0,0.0,0.0,0.0,0.0,0.0,0.0,0.0,0.0,0.0,1.375,1.75,1798.75,8.0,1.8181818181818077,0.15049916943292405,11.52634446553133,-5.5,4,0,0,0,0,1,8.1
11,0.0,0.3333333333333333,0.0,0.3333333333333333,0.0,0.3333333333333333,0.0,0.0,0.0,0.0,0.0,0.0,0.0,0.0,0.0,0.0,0.0,0.0,0.0,0.0,0.0,0.0,0.0,0.0,0.0,0.0,0.0,0.0,1.3666666666666667,1.8166666666666664,1891.9999999999998,8.333333333333332,1.7246506858208492,0.11145502331533658,9.134411874130997,-4.888888888888888,3,0,0,0,0,1,8.3
12,0.0,0.25,0.25,0.25,0.0,0.0,0.25,0.0,0.0,0.0,0.0,0.0,0.0,0.0,0.0,0.0,0.0,0.0,0.0,0.0,0.0,0.0,0.0,0.0,0.0,0.0,0.0,0.0,1.375,1.7925,1706.5,8.5,1.8181818181818077,0.14289419162443232,11.52634446553133,-4.0,4,0,0,0,0,1,8.2
13,0.0,0.3333333333333333,0.3333333333333333,0.3333333333333333,0.0,0.0,0.0,0.0,0.0,0.0,0.0,0.0,0.0,0.0,0.0,0.0,0.0,0.0,0.0,0.0,0.0,0.0,0.0,0.0,0.0,0.0,0.0,0.0,1.3666666666666667,1.8733333333333333,1769.0,9.0,1.7246506858208492,0.03299831645537215,9.134411874130997,-1.3333333333333335,3,0,0,0,0,1,8.5
14,0.0,0.3333333333333333,0.0,0.3333333333333333,0.0,0.0,0.3333333333333333,0.0,0.0,0.0,0.0,0.0,0.0,0.0,0.0,0.0,0.0,0.0,0.0,0.0,0.0,0.0,0.0,0.0,0.0,0.0,0.0,0.0,1.3666666666666667,1.7799999999999998,1671.6666666666665,8.666666666666666,1.7246506858208492,0.16309506430300083,9.134411874130997,-5.777777777777777,3,0,0,0,0,1,8.4
15,0.0,0.0,0.3333333333333333,0.3333333333333333,0.0,0.0,0.3333333333333333,0.0,0.0,0.0,0.0,0.0,0.0,0.0,0.0,0.0,0.0,0.0,0.0,0.0,0.0,0.0,0.0,0.0,0.0,0.0,0.0,0.0,1.3833333333333333,1.7633333333333332,1685.9999999999998,8.333333333333334,1.70387176189529,0.15434449203720296,9.134411874130997,-4.444444444444444,3,0,0,0,0,1,8.1
16,0.0,0.24372410431391667,0.24372410431391667,0.24372410431391667,0.0,0.24372410431391667,0.0,0.025103582744333414,0.0,0.0,0.0,0.0,0.0,0.0,0.0,0.0,0.0,0.0,0.0,0.0,0.0,0.0,0.0,0.0,0.0,0.0,0.0,0.0,1.3768827687058252,1.8144772117962467,1893.797221545211,8.168413356080917,1.9849771648070749,0.10148789936057746,12.212167294345933,-5.473010985880339,5,0,1,0,0,0,8.2
17,0.0,0.24067388688327315,0.24067388688327315,0.24067388688327315,0.0,0.24067388688327315,0.0,0.03730445246690734,0.0,0.0,0.0,0.0,0.0,0.0,0.0,0.0,0.0,0.0,0.0,0.0,0.0,0.0,0.0,0.0,0.0,0.0,0.0,0.0,1.3777978339350179,1.8117930204572805,1904.5126353790613,8.128760529482552,2.0575953516554786,0.10363100093899562,12.42070100057308,-6.276635952508178,5,0,1,0,0,0,8.2
18,0.0,0.2377555872563005,0.2377555872563005,0.2377555872563005,0.0,0.2377555872563005,0.0,0.0489776509747979,0.0,0.0,0.0,0.0,0.0,0.0,0.0,0.0,0.0,0.0,0.0,0.0,0.0,0.0,0.0,0.0,0.0,0.0,0.0,0.0,1.3786733238231097,1.8092249167855443,1914.764621968616,8.090822634331907,2.1226367332490303,0.10557686703197539,12.587245430103083,-7.024812729318823,5,0,1,0,0,0,8.2
19,0.0,0.23207240659085634,0.23207240659085634,0.23207240659085634,0.0,0.23207240659085634,0.0,0.0717103736365746,0.0,0.0,0.0,0.0,0.0,0.0,0.0,0.0,0.0,0.0,0.0,0.0,0.0,0.0,0.0,0.0,0.0,0.0,0.0,0.0,1.3803782780227432,1.8042237177999534,1934.7296356463216,8.016941285681131,2.2383011164489686,0.10909353331179962,12.845266652995885,-8.423759798111547,5,0,1,0,0,0,8.2
20,0.0,0.22665457842248413,0.22665457842248413,0.22665457842248413,0.0,0.22665457842248413,0.0,0.09338168631006347,0.0,0.0,0.0,0.0,0.0,0.0,0.0,0.0,0.0,0.0,0.0,0.0,0.0,0.0,0.0,0.0,0.0,0.0,0.0,0.0,1.3820036264732547,1.799456029011786,1953.7624660018132,7.946509519492294,2.3367020121322146,0.11213607852267439,13.029924204620343,-9.685938539004725,5,0,1,0,0,0,8.2
21,0.0,0.25,0.25,0.25,0.0,0.25,0.0,0.0,0.0,0.0,0.0,0.0,0.0,0.0,0.0,0.0,0.0,0.0,0.0,0.0,0.0,0.0,0.0,0.0,0.0,0.0,0.0,0.0,1.375,1.82,1871.75,8.25,1.8181818181818077,0.09669539802906858,11.52634446553133,-3.75,4,0,1,0,0,0,8.2
22,0.058823529411764705,0.23529411764705882,0.23529411764705882,0.23529411764705882,0.0,0.23529411764705882,0.0,0.0,0.0,0.0,0.0,0.0,0.0,0.0,0.0,0.0,0.0,0.0,0.0,0.0,0.0,0.0,0.0,0.0,0.0,0.0,0.0,0.0,1.3676470588235294,1.8076470588235294,1816.5570588235294,7.941176470588235,2.787415354153918,0.10602604628745466,12.70842814630239,-6.7543252595155705,5,1,0,0,0,0,7.7
23,0.058823529411764705,0.23529411764705882,0.23529411764705882,0.23529411764705882,0.0,0.23529411764705882,0.0,0.0,0.0,0.0,0.0,0.0,0.0,0.0,0.0,0.0,0.0,0.0,0.0,0.0,0.0,0.0,0.0,0.0,0.0,0.0,0.0,0.0,1.3676470588235294,1.8076470588235294,1816.5570588235294,7.941176470588235,2.787415354153918,0.10602604628745466,12.70842814630239,-6.7543252595155705,5,1,0,0,0,0,7.7
24,0.08571428571428572,0.22857142857142856,0.22857142857142856,0.22857142857142856,0.0,0.22857142857142856,0.0,0.0,0.0,0.0,0.0,0.0,0.0,0.0,0.0,0.0,0.0,0.0,0.0,0.0,0.0,0.0,0.0,0.0,0.0,0.0,0.0,0.0,1.3642857142857143,1.802,1791.326,7.799999999999999,3.106261146427501,0.1095653751354479,12.970433743885248,-7.993469387755102,5,1,0,0,0,0,7.5
25,0.08571428571428572,0.22857142857142856,0.22857142857142856,0.22857142857142856,0.0,0.22857142857142856,0.0,0.0,0.0,0.0,0.0,0.0,0.0,0.0,0.0,0.0,0.0,0.0,0.0,0.0,0.0,0.0,0.0,0.0,0.0,0.0,0.0,0.0,1.3642857142857143,1.802,1791.326,7.799999999999999,3.106261146427501,0.1095653751354479,12.970433743885248,-7.993469387755102,5,1,0,0,0,0,7.5
26,0.1111111111111111,0.2222222222222222,0.2222222222222222,0.2222222222222222,0.0,0.2222222222222222,0.0,0.0,0.0,0.0,0.0,0.0,0.0,0.0,0.0,0.0,0.0,0.0,0.0,0.0,0.0,0.0,0.0,0.0,0.0,0.0,0.0,0.0,1.3611111111111112,1.7966666666666666,1767.4966666666664,7.666666666666666,3.3658005107082896,0.11254628677422751,13.146003985803628,-9.08641975308642,5,1,0,0,0,0,7.3
27,0.1111111111111111,0.2222222222222222,0.2222222222222222,0.2222222222222222,0.0,0.2222222222222222,0.0,0.0,0.0,0.0,0.0,0.0,0.0,0.0,0.0,0.0,0.0,0.0,0.0,0.0,0.0,0.0,0.0,0.0,0.0,0.0,0.0,0.0,1.3611111111111112,1.7966666666666666,1767.4966666666664,7.666666666666666,3.3658005107082896,0.11254628677422751,13.146003985803628,-9.08641975308642,5,1,0,0,0,0,7.3
28,0.15789473684210525,0.21052631578947367,0.21052631578947367,0.21052631578947367,0.0,0.21052631578947367,0.0,0.0,0.0,0.0,0.0,0.0,0.0,0.0,0.0,0.0,0.0,0.0,0.0,0.0,0.0,0.0,0.0,0.0,0.0,0.0,0.0,0.0,1.355263157894737,1.786842105263158,1723.6005263157895,7.421052631578947,3.765188238769965,0.11720663855722357,13.332866993811251,-10.903047091412741,5,1,0,0,0,0,7.0
29,0.15789473684210525,0.21052631578947367,0.21052631578947367,0.21052631578947367,0.0,0.21052631578947367,0.0,0.0,0.0,0.0,0.0,0.0,0.0,0.0,0.0,0.0,0.0,0.0,0.0,0.0,0.0,0.0,0.0,0.0,0.0,0.0,0.0,0.0,1.355263157894737,1.786842105263158,1723.6005263157895,7.421052631578947,3.765188238769965,0.11720663855722357,13.332866993811251,-10.903047091412741,5,1,0,0,0,0,7.0
30,0.1794871794871795,0.20512820512820512,0.20512820512820512,0.20512820512820512,0.0,0.20512820512820512,0.0,0.0,0.0,0.0,0.0,0.0,0.0,0.0,0.0,0.0,0.0,0.0,0.0,0.0,0.0,0.0,0.0,0.0,0.0,0.0,0.0,0.0,1.3525641025641024,1.7823076923076924,1703.340769230769,7.3076923076923075,3.9219262304411724,0.11902297857139973,13.370441668648876,-11.655489809335965,5,1,0,0,0,0,6.9
31,0.1794871794871795,0.20512820512820512,0.20512820512820512,0.20512820512820512,0.0,0.20512820512820512,0.0,0.0,0.0,0.0,0.0,0.0,0.0,0.0,0.0,0.0,0.0,0.0,0.0,0.0,0.0,0.0,0.0,0.0,0.0,0.0,0.0,0.0,1.3525641025641024,1.7823076923076924,1703.340769230769,7.3076923076923075,3.9219262304411724,0.11902297857139973,13.370441668648876,-11.655489809335965,5,1,0,0,0,0,6.9
32,0.23809523809523808,0.19047619047619047,0.19047619047619047,0.19047619047619047,0.0,0.19047619047619047,0.0,0.0,0.0,0.0,0.0,0.0,0.0,0.0,0.0,0.0,0.0,0.0,0.0,0.0,0.0,0.0,0.0,0.0,0.0,0.0,0.0,0.0,1.3452380952380951,1.77,1648.35,7.0,4.2771844154317,0.12297889869326978,13.345592805443404,-13.424036281179136,5,1,0,0,0,0,6.5
33,0.23809523809523808,0.19047619047619047,0.19047619047619047,0.19047619047619047,0.0,0.19047619047619047,0.0,0.0,0.0,0.0,0.0,0.0,0.0,0.0,0.0,0.0,0.0,0.0,0.0,0.0,0.0,0.0,0.0,0.0,0.0,0.0,0.0,0.0,1.3452380952380951,1.77,1648.35,7.0,4.2771844154317,0.12297889869326978,13.345592805443404,-13.424036281179136,5,1,0,0,0,0,6.5
34,0.27262813522355506,0.18184296619411122,0.18184296619411122,0.18184296619411122,0.0,0.18184296619411122,0.0,0.0,0.0,0.0,0.0,0.0,0.0,0.0,0.0,0.0,0.0,0.0,0.0,0.0,0.0,0.0,0.0,0.0,0.0,0.0,0.0,0.0,1.3409214830970555,1.7627480916030533,1615.9484732824426,6.818702290076336,4.445278176938023,0.12468378677248364,13.25503303008884,-14.278738037957446,5,1,0,0,0,0,6.2
35,0.27262813522355506,0.18184296619411122,0.18184296619411122,0.18184296619411122,0.0,0.18184296619411122,0.0,0.0,0.0,0.0,0.0,0.0,0.0,0.0,0.0,0.0,0.0,0.0,0.0,0.0,0.0,0.0,0.0,0.0,0.0,0.0,0.0,0.0,1.3409214830970555,1.7627480916030533,1615.9484732824426,6.818702290076336,4.445278176938023,0.12468378677248364,13.25503303008884,-14.278738037957446,5,1,0,0,0,0,6.2
36,0.3333333333333333,0.16666666666666666,0.16666666666666666,0.16666666666666666,0.0,0.16666666666666666,0.0,0.0,0.0,0.0,0.0,0.0,0.0,0.0,0.0,0.0,0.0,0.0,0.0,0.0,0.0,0.0,0.0,0.0,0.0,0.0,0.0,0.0,1.3333333333333333,1.75,1558.9899999999998,6.5,4.67707173346743,0.1266227994214838,12.976526695974774,-15.444444444444443,5,1,0,0,0,0,5.9
37,0.3333333333333333,0.16666666666666666,0.16666666666666666,0.16666666666666666,0.0,0.16666666666666666,0.0,0.0,0.0,0.0,0.0,0.0,0.0,0.0,0.0,0.0,0.0,0.0,0.0,0.0,0.0,0.0,0.0,0.0,0.0,0.0,0.0,0.0,1.3333333333333333,1.75,1558.9899999999998,6.5,4.67707173346743,0.1266227994214838,12.976526695974774,-15.444444444444443,5,1,0,0,0,0,5.9
38,0.2,0.2,0.2,0.2,0.0,0.2,0.0,0.0,0.0,0.0,0.0,0.0,0.0,0.0,0.0,0.0,0.0,0.0,0.0,0.0,0.0,0.0,0.0,0.0,0.0,0.0,0.0,0.0,1.35,1.778,1684.094,7.2,4.057204129667899,0.12056533498481224,13.38167152293333,-12.320000000000002,5,1,0,0,0,0,6.7
39,0.2,0.2,0.2,0.2,0.0,0.2,0.0,0.0,0.0,0.0,0.0,0.0,0.0,0.0,0.0,0.0,0.0,0.0,0.0,0.0,0.0,0.0,0.0,0.0,0.0,0.0,0.0,0.0,1.35,1.778,1684.094,7.2,4.057204129667899,0.12056533498481224,13.38167152293333,-12.320000000000002,5,1,0,0,0,0,6.7
40,0.0,0.25,0.25,0.25,0.0,0.25,0.0,0.0,0.0,0.0,0.0,0.0,0.0,0.0,0.0,0.0,0.0,0.0,0.0,0.0,0.0,0.0,0.0,0.0,0.0,0.0,0.0,0.0,1.375,1.82,1871.75,8.25,1.8181818181818077,0.09669539802906858,11.52634446553133,-3.75,4,1,0,0,0,0,8.2
41,0.0,0.25,0.25,0.25,0.0,0.25,0.0,0.0,0.0,0.0,0.0,0.0,0.0,0.0,0.0,0.0,0.0,0.0,0.0,0.0,0.0,0.0,0.0,0.0,0.0,0.0,0.0,0.0,1.375,1.82,1871.75,8.25,1.8181818181818077,0.09669539802906858,11.52634446553133,-3.75,4,1,0,0,0,0,8.2
42,0.1,0.2,0.2,0.2,0.0,0.2,0.0,0.0,0.1,0.0,0.0,0.0,0.0,0.0,0.0,0.0,0.0,0.0,0.0,0.0,0.0,0.0,0.0,0.0,0.0,0.0,0.0,0.0,1.37,1.833,1880.347,7.5,3.72191205371736,0.1525811259625515,14.534305969486462,-8.68,6,0,1,0,0,0,7.7
43,0.2499375156210947,0.16670832291927018,0.16670832291927018,0.16670832291927018,0.0,0.16670832291927018,0.0,0.0,0.08322919270182454,0.0,0.0,0.0,0.0,0.0,0.0,0.0,0.0,0.0,0.0,0.0,0.0,0.0,0.0,0.0,0.0,0.0,0.0,0.0,1.3499999999999999,1.7958110472381905,1722.486128467883,6.7505623594101465,4.780624301526801,0.16215216605611174,14.534648239393837,-13.193874488138775,6,0,1,0,0,0,6.6
44,0.3076923076923077,0.15384615384615385,0.15384615384615385,0.15384615384615385,0.0,0.15384615384615385,0.0,0.0,0.07692307692307693,0.0,0.0,0.0,0.0,0.0,0.0,0.0,0.0,0.0,0.0,0.0,0.0,0.0,0.0,0.0,0.0,0.0,0.0,0.0,1.3423076923076922,1.7815384615384615,1661.8369230769233,6.461538461538463,5.028632886757661,0.1635117569918329,14.233136376902362,-14.295857988165682,6,0,1,0,0,0,6.3
45,0.18181818181818182,0.18181818181818182,0.18181818181818182,0.18181818181818182,0.0,0.18181818181818182,0.0,0.0,0.09090909090909091,0.0,0.0,0.0,0.0,0.0,0.0,0.0,0.0,0.0,0.0,0.0,0.0,0.0,0.0,0.0,0.0,0.0,0.0,0.0,1.3590909090909091,1.8127272727272727,1794.267272727273,7.090909090909091,4.386246504549835,0.15897918154679644,14.698052761349631,-11.43801652892562,6,0,1,0,0,0,7.1
46,0.0,0.2222222222222222,0.2222222222222222,0.2222222222222222,0.0,0.2222222222222222,0.0,0.0,0.1111111111111111,0.0,0.0,0.0,0.0,0.0,0.0,0.0,0.0,0.0,0.0,0.0,0.0,0.0,0.0,0.0,0.0,0.0,0.0,0.0,1.3833333333333333,1.8577777777777778,1985.5555555555554,8.0,2.4096385542168632,0.14045780527164878,13.14600398580363,-4.345679012345679,5,0,1,0,0,0,8.5
47,0.09090909090909091,0.18181818181818182,0.18181818181818182,0.18181818181818182,0.0,0.18181818181818182,0.0,0.0,0.0,0.18181818181818182,0.0,0.0,0.0,0.0,0.0,0.0,0.0,0.0,0.0,0.0,0.0,0.0,0.0,0.0,0.0,0.0,0.0,0.0,1.3681818181818184,1.75,1799.0427272727275,7.0,3.22104973914706,0.14199871958449609,14.69805276134963,-19.570247933884303,6,0,1,0,0,0,6.6
48,0.2306805074971165,0.15386389850057672,0.15386389850057672,0.15386389850057672,0.0,0.15386389850057672,0.0,0.0,0.0,0.15386389850057672,0.0,0.0,0.0,0.0,0.0,0.0,0.0,0.0,0.0,0.0,0.0,0.0,0.0,0.0,0.0,0.0,0.0,0.0,1.350011534025375,1.7284752018454441,1665.9621683967707,6.3850057670126885,4.357624253936136,0.1400487813219287,14.785419744115682,-22.72060450532069,6,0,1,0,0,0,5.9
49,0.2857142857142857,0.14285714285714285,0.14285714285714285,0.14285714285714285,0.0,0.14285714285714285,0.0,0.0,0.0,0.14285714285714285,0.0,0.0,0.0,0.0,0.0,0.0,0.0,0.0,0.0,0.0,0.0,0.0,0.0,0.0,0.0,0.0,0.0,0.0,1.3428571428571427,1.72,1613.562857142857,6.142857142857142,4.637126535681566,0.1383577144320371,14.532649296387355,-23.346938775510203,6,0,1,0,0,0,5.6
50,0.16666666666666666,0.16666666666666666,0.16666666666666666,0.16666666666666666,0.0,0.16666666666666666,0.0,0.0,0.0,0.16666666666666666,0.0,0.0,0.0,0.0,0.0,0.0,0.0,0.0,0.0,0.0,0.0,0.0,0.0,0.0,0.0,0.0,0.0,0.0,1.3583333333333334,1.7383333333333333,1726.9116666666664,6.666666666666667,3.928297078179658,0.14135259302734965,14.897584106896662,-21.555555555555554,6,0,1,0,0,0,6.2
51,0.0,0.2,0.2,0.2,0.0,0.2,0.0,0.0,0.0,0.2,0.0,0.0,0.0,0.0,0.0,0.0,0.0,0.0,0.0,0.0,0.0,0.0,0.0,0.0,0.0,0.0,0.0,0.0,1.3800000000000001,1.764,1885.6000000000001,7.4,1.7749925672341786,0.1415061836104698,13.38167152293333,-16.320000000000004,5,0,1,0,0,0,7.2
52,0.032172230285437836,0.2418964683115627,0.16134494436381233,0.2418964683115627,0.0,0.16134494436381233,0.0,0.0,0.0,0.16134494436381233,0.0,0.0,0.0,0.0,0.0,0.0,0.0,0.0,0.0,0.0,0.0,0.0,0.0,0.0,0.0,0.0,0.0,0.0,1.3709845186260285,1.7801499758103534,1832.8000749879056,7.5967585873246275,2.4097458156193188,0.13948823719292788,13.969750147120138,-16.959314816258168,6,1,0,0,0,0,7.2
53,0.035,0.2631578947368421,0.1755263157894737,0.2631578947368421,0.0,0.1755263157894737,0.0,0.0,0.0,0.08763157894736844,0.0,0.0,0.0,0.0,0.0,0.0,0.0,0.0,0.0,0.0,0.0,0.0,0.0,0.0,0.0,0.0,0.0,0.0,1.3684342105263159,1.801257894736842,1823.2898710526317,7.912894736842106,2.431243117259637,0.12511004341774049,13.670162101325479,-12.39256343490305,6,1,0,0,0,0,7.6
54,0.0,0.24993751562109476,0.1667083229192702,0.24993751562109476,0.0,0.1667083229192702,0.0,0.0,0.0,0.1667083229192702,0.0,0.0,0.0,0.0,0.0,0.0,0.0,0.0,0.0,0.0,0.0,0.0,0.0,0.0,0.0,0.0,0.0,0.0,1.3750062484378909,1.7858060484878782,1862.6953261684582,7.749562609347664,1.8181734990326184,0.13823667758105834,13.212385326146,-15.61249902470646,5,1,0,0,0,0,7.4
55,0.0,0.2727024815925825,0.18189255522225253,0.2727024815925825,0.0,0.18189255522225253,0.0,0.0,0.0,0.09080992637032997,0.0,0.0,0.0,0.0,0.0,0.0,0.0,0.0,0.0,0.0,0.0,0.0,0.0,0.0,0.0,0.0,0.0,0.0,1.3727297518407418,1.808194709571857,1855.5631306244886,8.091082628851924,1.8136640544008387,0.12184166384774203,12.858789705041424,-10.736328083023515,5,1,0,0,0,0,7.8
56,0.175,0.075,0.25,0.25,0.0,0.25,0.0,0.0,0.0,0.0,0.0,0.0,0.0,0.0,0.0,0.0,0.0,0.0,0.0,0.0,0.0,0.0,0.0,0.0,0.0,0.0,0.0,0.0,1.3575,1.77275,1725.70725,7.2,3.9967835016962603,0.11918446836731703,12.796102275390187,-11.397499999999999,5,0,0,0,1,0,6.8
57,0.27262813522355506,0.18184296619411122,0.18184296619411122,0.18184296619411122,0.0,0.18184296619411122,0.0,0.0,0.0,0.0,0.0,0.0,0.0,0.0,0.0,0.0,0.0,0.0,0.0,0.0,0.0,0.0,0.0,0.0,0.0,0.0,0.0,0.0,1.3409214830970555,1.7627480916030533,1615.9484732824426,6.818702290076336,4.445278176938023,0.12468378677248364,13.25503303008884,-14.278738037957446,5,0,1,0,0,0,6.2
58,0.3846153846153847,0.15384615384615388,0.15384615384615388,0.15384615384615388,0.0,0.15384615384615388,0.0,0.0,0.0,0.0,0.0,0.0,0.0,0.0,0.0,0.0,0.0,0.0,0.0,0.0,0.0,0.0,0.0,0.0,0.0,0.0,0.0,0.0,1.3269230769230773,1.7392307692307696,1510.8730769230772,6.230769230769233,4.8154341234307605,0.12724667373385976,12.632907165168412,-16.094674556213022,5,0,1,0,0,0,5.6
59,0.3333333333333333,0.16666666666666666,0.16666666666666666,0.16666666666666666,0.0,0.16666666666666666,0.0,0.0,0.0,0.0,0.0,0.0,0.0,0.0,0.0,0.0,0.0,0.0,0.0,0.0,0.0,0.0,0.0,0.0,0.0,0.0,0.0,0.0,1.3333333333333333,1.75,1558.9899999999998,6.5,4.67707173346743,0.1266227994214838,12.976526695974774,-15.444444444444443,5,0,1,0,0,0,5.9
60,0.42881646655231564,0.14279588336192112,0.14279588336192112,0.14279588336192112,0.0,0.14279588336192112,0.0,0.0,0.0,0.0,0.0,0.0,0.0,0.0,0.0,0.0,0.0,0.0,0.0,0.0,0.0,0.0,0.0,0.0,0.0,0.0,0.0,0.0,1.3213979416809607,1.7299485420240137,1469.4000857632936,5.9987135506003435,4.89514606403468,0.12705159239101307,12.262282691203971,-16.409279941392633,5,0,1,0,0,0,5.3
61,0.2,0.2,0.2,0.2,0.0,0.2,0.0,0.0,0.0,0.0,0.0,0.0,0.0,0.0,0.0,0.0,0.0,0.0,0.0,0.0,0.0,0.0,0.0,0.0,0.0,0.0,0.0,0.0,1.35,1.778,1684.094,7.2,4.057204129667899,0.12056533498481224,13.38167152293333,-12.320000000000002,5,0,1,0,0,0,6.7
62,0.2,0.0,0.2,0.2,0.0,0.2,0.0,0.0,0.0,0.0,0.2,0.0,0.0,0.0,0.0,0.0,0.0,0.0,0.0,0.0,0.0,0.0,0.0,0.0,0.0,0.0,0.0,0.0,1.35,1.782,1602.0480000000002,7.6000000000000005,4.057204129667899,0.12416118556135002,13.38167152293333,-4.000000000000001,5,0,1,0,0,0,6.8
63,0.0,0.2,0.2,0.2,0.0,0.2,0.0,0.0,0.0,0.0,0.2,0.0,0.0,0.0,0.0,0.0,0.0,0.0,0.0,0.0,0.0,0.0,0.0,0.0,0.0,0.0,0.0,0.0,1.37,1.8359999999999999,1768.9540000000002,8.8,1.7879487173599762,0.09221713506718802,13.38167152293333,3.200000000000001,5,0,1,0,0,0,8.3
64,0.0,0.0,0.2,0.2,0.0,0.2,0.2,0.0,0.0,0.0,0.2,0.0,0.0,0.0,0.0,0.0,0.0,0.0,0.0,0.0,0.0,0.0,0.0,0.0,0.0,0.0,0.0,0.0,1.3800000000000001,1.77,1719.1540000000002,8.4,1.7749925672341786,0.14184498581197713,13.38167152293333,2.72,5,0,1,0,0,0,8.1
65,0.0,0.0,0.2,0.2,0.0,0.2,0.0,0.0,0.2,0.0,0.2,0.0,0.0,0.0,0.0,0.0,0.0,0.0,0.0,0.0,0.0,0.0,0.0,0.0,0.0,0.0,0.0,0.0,1.3900000000000001,1.8920000000000001,1994.5540000000003,8.2,2.691839846599958,0.1611707169432463,13.38167152293333,4.640000000000001,5,0,1,0,0,0,8.7
66,0.2,0.2,0.2,0.2,0.0,0.2,0.0,0.0,0.0,0.0,0.0,0.0,0.0,0.0,0.0,0.0,0.0,0.0,0.0,0.0,0.0,0.0,0.0,0.0,0.0,0.0,0.0,0.0,1.35,1.778,1684.094,7.2,4.057204129667899,0.12056533498481224,13.38167152293333,-12.320000000000002,5,0,1,0,0,0,6.7
67,0.19607843137254904,0.19607843137254904,0.19607843137254904,0.19607843137254904,0.0,0.19607843137254904,0.0,0.0,0.0,0.0,0.0,0.019607843137254905,0.0,0.0,0.0,0.0,0.0,0.0,0.0,0.0,0.0,0.0,0.0,0.0,0.0,0.0,0.0,0.0,1.3372549019607842,1.793137254901961,1725.5823529411766,7.137254901960786,7.865444872179676,0.16033653573189,13.921709560836417,-15.347943098808155,6,0,1,0,0,0,6.7
68,0.1923076923076923,0.1923076923076923,0.1923076923076923,0.1923076923076923,0.0,0.1923076923076923,0.0,0.0,0.0,0.0,0.0,0.038461538461538464,0.0,0.0,0.0,0.0,0.0,0.0,0.0,0.0,0.0,0.0,0.0,0.0,0.0,0.0,0.0,0.0,1.3249999999999997,1.8076923076923077,1765.475,7.076923076923076,10.26792810207489,0.18978343310017848,14.222451816405261,-18.13609467455621,6,0,1,0,0,0,6.6
69,0.18867924528301888,0.18867924528301888,0.18867924528301888,0.18867924528301888,0.0,0.18867924528301888,0.0,0.0,0.0,0.0,0.0,0.05660377358490566,0.0,0.0,0.0,0.0,0.0,0.0,0.0,0.0,0.0,0.0,0.0,0.0,0.0,0.0,0.0,0.0,1.3132075471698115,1.8216981132075474,1803.8622641509435,7.018867924528302,12.134214017464867,0.21339781124813953,14.432776579241523,-20.70487718049128,6,0,1,0,0,0,6.5
70,0.18518518518518517,0.18518518518518517,0.18518518518518517,0.18518518518518517,0.0,0.18518518518518517,0.0,0.0,0.0,0.0,0.0,0.07407407407407407,0.0,0.0,0.0,0.0,0.0,0.0,0.0,0.0,0.0,0.0,0.0,0.0,0.0,0.0,0.0,0.0,1.3018518518518518,1.835185185185185,1840.8277777777778,6.962962962962962,13.688320595982256,0.23310100132251313,14.585897380212828,-23.072702331961587,6,0,1,0,0,0,6.5
71,0.18181818181818182,0.18181818181818182,0.18181818181818182,0.18181818181818182,0.0,0.18181818181818182,0.0,0.0,0.0,0.0,0.0,0.09090909090909091,0.0,0.0,0.0,0.0,0.0,0.0,0.0,0.0,0.0,0.0,0.0,0.0,0.0,0.0,0.0,0.0,1.290909090909091,1.8481818181818181,1876.4490909090912,6.909090909090908,15.02989152845989,0.2499388354930127,14.698052761349631,-25.256198347107443,6,0,1,0,0,0,6.4
72,0.15386389850057672,0.15386389850057672,0.15386389850057672,0.15386389850057672,0.0,0.15386389850057672,0.0,0.0,0.0,0.0,0.0,0.2306805074971165,0.0,0.0,0.0,0.0,0.0,0.0,0.0,0.0,0.0,0.0,0.0,0.0,0.0,0.0,0.0,0.0,1.2000576701268744,1.956085351787774,2172.192269896194,6.461822376009229,23.166118471258528,0.34198000994474537,14.785419744115682,-39.66160537137034,6,0,1,0,0,0,5.9
73,0.16666666666666666,0.16666666666666666,0.16666666666666666,0.16666666666666666,0.0,0.16666666666666666,0.0,0.0,0.0,0.0,0.0,0.16666666666666666,0.0,0.0,0.0,0.0,0.0,0.0,0.0,0.0,0.0,0.0,0.0,0.0,0.0,0.0,0.0,0.0,1.2416666666666667,1.9066666666666667,2036.7449999999997,6.666666666666667,19.920566549873595,0.3080404013906112,14.897584106896662,-33.888888888888886,6,0,1,0,0,0,6.2
74,0.2,0.2,0.2,0.2,0.0,0.2,0.0,0.0,0.0,0.0,0.0,0.0,0.0,0.0,0.0,0.0,0.0,0.0,0.0,0.0,0.0,0.0,0.0,0.0,0.0,0.0,0.0,0.0,1.35,1.778,1684.094,7.2,4.057204129667899,0.12056533498481224,13.38167152293333,-12.320000000000002,5,0,1,0,0,0,6.7
75,0.19607843137254904,0.19607843137254904,0.19607843137254904,0.19607843137254904,0.0,0.19607843137254904,0.0,0.0,0.019607843137254905,0.0,0.0,0.0,0.0,0.0,0.0,0.0,0.0,0.0,0.0,0.0,0.0,0.0,0.0,0.0,0.0,0.0,0.0,0.0,1.3519607843137254,1.7854901960784317,1707.8568627450982,7.176470588235295,4.140421297641825,0.1305991280860033,13.921709560836417,-12.13379469434833,6,0,1,0,0,0,6.8
76,0.1923076923076923,0.1923076923076923,0.1923076923076923,0.1923076923076923,0.0,0.1923076923076923,0.0,0.0,0.038461538461538464,0.0,0.0,0.0,0.0,0.0,0.0,0.0,0.0,0.0,0.0,0.0,0.0,0.0,0.0,0.0,0.0,0.0,0.0,0.0,1.3538461538461537,1.7926923076923076,1730.7057692307692,7.153846153846152,4.21374914039526,0.13918879520298738,14.222451816405261,-11.952662721893489,6,0,1,0,0,0,6.9
77,0.18867924528301888,0.18867924528301888,0.18867924528301888,0.18867924528301888,0.0,0.18867924528301888,0.0,0.0,0.05660377358490566,0.0,0.0,0.0,0.0,0.0,0.0,0.0,0.0,0.0,0.0,0.0,0.0,0.0,0.0,0.0,0.0,0.0,0.0,0.0,1.3556603773584905,1.799622641509434,1752.6924528301888,7.132075471698114,4.278476311465383,0.1466475979275763,14.432776579241523,-11.776432894268424,6,0,1,0,0,0,7.0
78,0.18518518518518517,0.18518518518518517,0.18518518518518517,0.18518518518518517,0.0,0.18518518518518517,0.0,0.0,0.07407407407407407,0.0,0.0,0.0,0.0,0.0,0.0,0.0,0.0,0.0,0.0,0.0,0.0,0.0,0.0,0.0,0.0,0.0,0.0,0.0,1.3574074074074074,1.806296296296296,1773.8648148148147,7.111111111111111,4.335674920073862,0.15319191904391252,14.585897380212828,-11.604938271604937,6,0,1,0,0,0,7.0
79,0.18181818181818182,0.18181818181818182,0.18181818181818182,0.18181818181818182,0.0,0.18181818181818182,0.0,0.0,0.09090909090909091,0.0,0.0,0.0,0.0,0.0,0.0,0.0,0.0,0.0,0.0,0.0,0.0,0.0,0.0,0.0,0.0,0.0,0.0,0.0,1.3590909090909091,1.8127272727272727,1794.267272727273,7.090909090909091,4.386246504549835,0.15897918154679644,14.698052761349631,-11.43801652892562,6,0,1,0,0,0,7.1
80,0.2,0.2,0.2,0.2,0.0,0.2,0.0,0.0,0.0,0.0,0.0,0.0,0.0,0.0,0.0,0.0,0.0,0.0,0.0,0.0,0.0,0.0,0.0,0.0,0.0,0.0,0.0,0.0,1.35,1.778,1684.094,7.2,4.057204129667899,0.12056533498481224,13.38167152293333,-12.320000000000002,5,0,1,0,0,0,6.7
81,0.19607843137254904,0.19607843137254904,0.19607843137254904,0.19607843137254904,0.0,0.19607843137254904,0.0,0.019607843137254905,0.0,0.0,0.0,0.0,0.0,0.0,0.0,0.0,0.0,0.0,0.0,0.0,0.0,0.0,0.0,0.0,0.0,0.0,0.0,0.0,1.3519607843137254,1.774509803921569,1704.994117647059,7.15686274509804,4.140421297641825,0.12190182043534765,13.921709560836417,-13.31795463283353,6,0,1,0,0,0,6.8
82,0.19047619047619047,0.19047619047619047,0.19047619047619047,0.19047619047619047,0.0,0.19047619047619047,0.0,0.047619047619047616,0.0,0.0,0.0,0.0,0.0,0.0,0.0,0.0,0.0,0.0,0.0,0.0,0.0,0.0,0.0,0.0,0.0,0.0,0.0,0.0,1.3547619047619046,1.7695238095238093,1734.8514285714286,7.095238095238094,4.247116335182626,0.12361523216652046,14.336210888897755,-14.657596371882084,6,0,1,0,0,0,6.8
83,0.18181818181818182,0.18181818181818182,0.18181818181818182,0.18181818181818182,0.0,0.18181818181818182,0.0,0.09090909090909091,0.0,0.0,0.0,0.0,0.0,0.0,0.0,0.0,0.0,0.0,0.0,0.0,0.0,0.0,0.0,0.0,0.0,0.0,0.0,0.0,1.3590909090909091,1.761818181818182,1780.9945454545457,6.999999999999999,4.386246504549835,0.1258294792615771,14.698052761349631,-16.52892561983471,6,0,1,0,0,0,7.0
84,0.17391304347826086,0.17391304347826086,0.17391304347826086,0.17391304347826086,0.0,0.17391304347826086,0.0,0.13043478260869565,0.0,0.0,0.0,0.0,0.0,0.0,0.0,0.0,0.0,0.0,0.0,0.0,0.0,0.0,0.0,0.0,0.0,0.0,0.0,0.0,1.3630434782608694,1.754782608695652,1823.1252173913044,6.91304347826087,4.488436133802324,0.1274113354187715,14.855713400385541,-18.026465028355386,6,0,1,0,0,0,7.0
85,0.2,0.2,0.2,0.2,0.0,0.2,0.0,0.0,0.0,0.0,0.0,0.0,0.0,0.0,0.0,0.0,0.0,0.0,0.0,0.0,0.0,0.0,0.0,0.0,0.0,0.0,0.0,0.0,1.35,1.778,1684.094,7.2,4.057204129667899,0.12056533498481224,13.38167152293333,-12.320000000000002,5,0,1,0,0,0,6.7
86,0.13793103448275862,0.1724137931034483,0.1724137931034483,0.1724137931034483,0.0,0.1724137931034483,0.0,0.0,0.0,0.0,0.1724137931034483,0.0,0.0,0.0,0.0,0.0,0.0,0.0,0.0,0.0,0.0,0.0,0.0,0.0,0.0,0.0,0.0,0.0,1.3534482758620692,1.8048275862068968,1653.7148275862069,8.0,3.488678710223984,0.11577685700653445,14.871616835820525,-3.61474435196195,6,0,1,0,0,0,7.3
87,0.2,0.1,0.2,0.2,0.0,0.2,0.0,0.0,0.1,0.0,0.0,0.0,0.0,0.0,0.0,0.0,0.0,0.0,0.0,0.0,0.0,0.0,0.0,0.0,0.0,0.0,0.0,0.0,1.36,1.806,1796.894,6.9,4.591910292939998,0.1652392205258788,14.534305969486462,-11.72,6,0,1,0,0,0,7.0
88,0.16670832291927018,0.2499375156210947,0.16670832291927018,0.16670832291927018,0.0,0.16670832291927018,0.0,0.0,0.08322919270182454,0.0,0.0,0.0,0.0,0.0,0.0,0.0,0.0,0.0,0.0,0.0,0.0,0.0,0.0,0.0,0.0,0.0,0.0,0.0,1.3583229192701824,1.818282929267683,1791.9433866533366,7.249937515621094,4.205798675555307,0.15331242531536127,14.534648239393837,-11.084874619885394,6,0,1,0,0,0,7.2
89,0.15384615384615385,0.3076923076923077,0.15384615384615385,0.15384615384615385,0.0,0.15384615384615385,0.0,0.0,0.07692307692307693,0.0,0.0,0.0,0.0,0.0,0.0,0.0,0.0,0.0,0.0,0.0,0.0,0.0,0.0,0.0,0.0,0.0,0.0,0.0,1.3576923076923078,1.823076923076923,1790.226153846154,7.384615384615385,4.046135086993116,0.14824016975500967,14.233136376902362,-10.698224852071007,6,0,1,0,0,0,7.3
90,0.18181818181818182,0.18181818181818182,0.18181818181818182,0.18181818181818182,0.0,0.18181818181818182,0.0,0.0,0.09090909090909091,0.0,0.0,0.0,0.0,0.0,0.0,0.0,0.0,0.0,0.0,0.0,0.0,0.0,0.0,0.0,0.0,0.0,0.0,0.0,1.3590909090909091,1.8127272727272727,1794.267272727273,7.090909090909091,4.386246504549835,0.15897918154679644,14.698052761349631,-11.43801652892562,6,0,1,0,0,0,7.1
91,0.18181818181818182,0.18181818181818182,0.18181818181818182,0.18181818181818182,0.0,0.18181818181818182,0.0,0.0,0.09090909090909091,0.0,0.0,0.0,0.0,0.0,0.0,0.0,0.0,0.0,0.0,0.0,0.0,0.0,0.0,0.0,0.0,0.0,0.0,0.0,1.3590909090909091,1.8127272727272727,1794.267272727273,7.090909090909091,4.386246504549835,0.15897918154679644,14.698052761349631,-11.43801652892562,6,0,1,0,0,0,7.1
92,0.19607843137254904,0.19607843137254904,0.11764705882352941,0.19607843137254904,0.0,0.19607843137254904,0.0,0.0,0.09803921568627452,0.0,0.0,0.0,0.0,0.0,0.0,0.0,0.0,0.0,0.0,0.0,0.0,0.0,0.0,0.0,0.0,0.0,0.0,0.0,1.3558823529411765,1.8113725490196082,1792.9549019607844,7.019607843137256,4.48067487630648,0.1650195426079048,14.611014958894131,-12.318339100346023,6,0,1,0,0,0,7.1
93,0.16670832291927018,0.16670832291927018,0.2499375156210947,0.16670832291927018,0.0,0.16670832291927018,0.0,0.0,0.08322919270182454,0.0,0.0,0.0,0.0,0.0,0.0,0.0,0.0,0.0,0.0,0.0,0.0,0.0,0.0,0.0,0.0,0.0,0.0,0.0,1.3624843789052736,1.8141214696325918,1795.522241939515,7.16670832291927,4.270277974397571,0.15225566916946337,14.534648239393837,-10.50224946887497,6,0,1,0,0,0,7.2
94,0.15384615384615385,0.15384615384615385,0.3076923076923077,0.15384615384615385,0.0,0.15384615384615385,0.0,0.0,0.07692307692307693,0.0,0.0,0.0,0.0,0.0,0.0,0.0,0.0,0.0,0.0,0.0,0.0,0.0,0.0,0.0,0.0,0.0,0.0,0.0,1.3653846153846154,1.8153846153846154,1796.8415384615387,7.230769230769232,4.159105087389689,0.14637230636635443,14.233136376902362,-9.70414201183432,6,0,1,0,0,0,7.2
95,0.2222222222222222,0.2222222222222222,0.2222222222222222,0.0,0.0,0.2222222222222222,0.0,0.0,0.1111111111111111,0.0,0.0,0.0,0.0,0.0,0.0,0.0,0.0,0.0,0.0,0.0,0.0,0.0,0.0,0.0,0.0,0.0,0.0,0.0,1.3611111111111112,1.791111111111111,1808.9933333333333,6.444444444444445,4.829452884162946,0.1682884061791572,13.14600398580363,-10.271604938271604,5,0,1,0,0,0,6.8
96,0.18181818181818182,0.18181818181818182,0.18181818181818182,0.18181818181818182,0.0,0.18181818181818182,0.0,0.0,0.09090909090909091,0.0,0.0,0.0,0.0,0.0,0.0,0.0,0.0,0.0,0.0,0.0,0.0,0.0,0.0,0.0,0.0,0.0,0.0,0.0,1.3590909090909091,1.8127272727272727,1794.267272727273,7.090909090909091,4.386246504549835,0.15897918154679644,14.698052761349631,-11.43801652892562,6,0,1,0,0,0,7.1
97,0.2,0.2,0.2,0.1,0.0,0.2,0.0,0.0,0.1,0.0,0.0,0.0,0.0,0.0,0.0,0.0,0.0,0.0,0.0,0.0,0.0,0.0,0.0,0.0,0.0,0.0,0.0,0.0,1.36,1.8030000000000002,1800.894,6.8,4.591910292939998,0.16358789686281808,14.53430596948646,-11.080000000000002,6,0,1,0,0,0,7.0
98,0.16670832291927018,0.16670832291927018,0.16670832291927018,0.2499375156210947,0.0,0.16670832291927018,0.0,0.0,0.08322919270182454,0.0,0.0,0.0,0.0,0.0,0.0,0.0,0.0,0.0,0.0,0.0,0.0,0.0,0.0,0.0,0.0,0.0,0.0,0.0,1.3583229192701824,1.8207798050487378,1788.6142189452635,7.333166708322919,4.205798675555307,0.15453663435969536,14.534648239393837,-11.528791383758659,6,0,1,0,0,0,7.2
99,0.15384615384615385,0.15384615384615385,0.15384615384615385,0.3076923076923077,0.0,0.15384615384615385,0.0,0.0,0.07692307692307693,0.0,0.0,0.0,0.0,0.0,0.0,0.0,0.0,0.0,0.0,0.0,0.0,0.0,0.0,0.0,0.0,0.0,0.0,0.0,1.3576923076923078,1.8276923076923075,1784.0723076923077,7.538461538461539,4.046135086993116,0.1503919927366146,14.233136376902362,-11.455621301775148,6,0,1,0,0,0,7.3
100,0.2,0.2,0.2,0.2,0.0,0.2,0.0,0.0,0.0,0.0,0.0,0.0,0.0,0.0,0.0,0.0,0.0,0.0,0.0,0.0,0.0,0.0,0.0,0.0,0.0,0.0,0.0,0.0,1.35,1.778,1684.094,7.2,4.057204129667899,0.12056533498481224,13.38167152293333,-12.320000000000002,5,0,1,0,0,0,6.7
101,0.16666666666666666,0.16666666666666666,0.16666666666666666,0.16666666666666666,0.16666666666666666,0.16666666666666666,0.0,0.0,0.0,0.0,0.0,0.0,0.0,0.0,0.0,0.0,0.0,0.0,0.0,0.0,0.0,0.0,0.0,0.0,0.0,0.0,0.0,0.0,1.3083333333333333,1.7983333333333333,1684.5783333333331,6.666666666666667,8.08189652257931,0.11908213785264163,14.897584106896662,-27.33333333333333,6,0,1,0,0,0,5.7
102,0.1923076923076923,0.1923076923076923,0.1923076923076923,0.1923076923076923,0.038461538461538464,0.1923076923076923,0.0,0.0,0.0,0.0,0.0,0.0,0.0,0.0,0.0,0.0,0.0,0.0,0.0,0.0,0.0,0.0,0.0,0.0,0.0,0.0,0.0,0.0,1.3403846153846153,1.7826923076923076,1684.2057692307692,7.076923076923077,5.377809128835381,0.12052952693803005,14.222451816405261,-16.390532544378694,6,0,1,0,0,0,6.5
103,0.18518518518518517,0.18518518518518517,0.18518518518518517,0.18518518518518517,0.07407407407407407,0.18518518518518517,0.0,0.0,0.0,0.0,0.0,0.0,0.0,0.0,0.0,0.0,0.0,0.0,0.0,0.0,0.0,0.0,0.0,0.0,0.0,0.0,0.0,0.0,1.3314814814814815,1.787037037037037,1684.3092592592593,6.962962962962962,6.3125483827038735,0.12033332763357368,14.585897380212828,-19.835390946502056,6,0,1,0,0,0,6.2
104,0.17857142857142858,0.17857142857142858,0.17857142857142858,0.17857142857142858,0.10714285714285715,0.17857142857142858,0.0,0.0,0.0,0.0,0.0,0.0,0.0,0.0,0.0,0.0,0.0,0.0,0.0,0.0,0.0,0.0,0.0,0.0,0.0,0.0,0.0,0.0,1.3232142857142857,1.7910714285714286,1684.4053571428572,6.857142857142857,7.0318032227330765,0.12001009736429574,14.779006410718658,-22.755102040816332,6,0,1,0,0,0,6.0
105,0.1724137931034483,0.1724137931034483,0.1724137931034483,0.1724137931034483,0.13793103448275862,0.1724137931034483,0.0,0.0,0.0,0.0,0.0,0.0,0.0,0.0,0.0,0.0,0.0,0.0,0.0,0.0,0.0,0.0,0.0,0.0,0.0,0.0,0.0,0.0,1.3155172413793106,1.7948275862068968,1684.4948275862068,6.758620689655173,7.608348767339443,0.11958608757898828,14.871616835820523,-25.231866825208087,6,0,1,0,0,0,5.8
106,0.047619047619047616,0.19047619047619047,0.19047619047619047,0.19047619047619047,0.0,0.19047619047619047,0.0,0.0,0.0,0.09523809523809523,0.09523809523809523,0.0,0.0,0.0,0.0,0.0,0.0,0.0,0.0,0.0,0.0,0.0,0.0,0.0,0.0,0.0,0.0,0.0,1.3690476190476188,1.7909523809523809,1784.7147619047616,7.857142857142856,2.6375218935831444,0.1282818608676394,15.433957980853119,-9.088435374149658,7,0,1,0,0,0,7.4
107,0.045454545454545456,0.18181818181818182,0.18181818181818182,0.18181818181818182,0.0,0.18181818181818182,0.0,0.0,0.0,0.09090909090909091,0.13636363636363635,0.0,0.0,0.0,0.0,0.0,0.0,0.0,0.0,0.0,0.0,0.0,0.0,0.0,0.0,0.0,0.0,0.0,1.3681818181818182,1.7959090909090907,1765.308181818182,8.0,2.5947673341882584,0.12737414790183682,15.548150135882919,-7.2809917355371905,7,0,1,0,0,0,7.5
108,0.09090909090909091,0.18181818181818182,0.18181818181818182,0.18181818181818182,0.0,0.18181818181818182,0.0,0.0,0.0,0.09090909090909091,0.09090909090909091,0.0,0.0,0.0,0.0,0.0,0.0,0.0,0.0,0.0,0.0,0.0,0.0,0.0,0.0,0.0,0.0,0.0,1.3636363636363638,1.7827272727272725,1746.0218181818184,7.636363636363636,3.1622776601683786,0.13087752144594847,15.745902258216116,-10.84297520661157,7,0,1,0,0,0,7.1
109,0.13636363636363635,0.18181818181818182,0.18181818181818182,0.18181818181818182,0.0,0.18181818181818182,0.0,0.0,0.0,0.09090909090909091,0.045454545454545456,0.0,0.0,0.0,0.0,0.0,0.0,0.0,0.0,0.0,0.0,0.0,0.0,0.0,0.0,0.0,0.0,0.0,1.359090909090909,1.7695454545454545,1726.7354545454546,7.2727272727272725,3.6176099753819217,0.13298931169381012,15.548150135882917,-14.388429752066116,7,0,1,0,0,0,6.8
110,0.0,0.18181818181818182,0.18181818181818182,0.18181818181818182,0.0,0.18181818181818182,0.0,0.0,0.0,0.09090909090909091,0.18181818181818182,0.0,0.0,0.0,0.0,0.0,0.0,0.0,0.0,0.0,0.0,0.0,0.0,0.0,0.0,0.0,0.0,0.0,1.3727272727272726,1.8090909090909089,1784.5945454545456,8.363636363636363,1.8136508526661113,0.12235971897011809,14.698052761349631,-3.7024793388429753,6,0,1,0,0,0,7.8
111,0.16666666666666666,0.16666666666666666,0.16666666666666666,0.16666666666666666,0.0,0.16666666666666666,0.0,0.0,0.0,0.16666666666666666,0.0,0.0,0.0,0.0,0.0,0.0,0.0,0.0,0.0,0.0,0.0,0.0,0.0,0.0,0.0,0.0,0.0,0.0,1.3583333333333334,1.7383333333333333,1726.9116666666664,6.666666666666667,3.928297078179658,0.14135259302734965,14.897584106896662,-21.555555555555554,6,0,1,0,0,0,6.2
112,0.18181818181818182,0.18181818181818182,0.18181818181818182,0.18181818181818182,0.0,0.18181818181818182,0.0,0.0,0.0,0.09090909090909091,0.0,0.0,0.0,0.0,0.0,0.0,0.0,0.0,0.0,0.0,0.0,0.0,0.0,0.0,0.0,0.0,0.0,0.0,1.3545454545454545,1.7563636363636363,1707.4490909090912,6.909090909090908,3.998783653628519,0.13377543783742601,14.698052761349631,-17.917355371900825,6,0,1,0,0,0,6.4
113,0.15386389850057672,0.15386389850057672,0.15386389850057672,0.15386389850057672,0.0,0.15386389850057672,0.0,0.0,0.0,0.2306805074971165,0.0,0.0,0.0,0.0,0.0,0.0,0.0,0.0,0.0,0.0,0.0,0.0,0.0,0.0,0.0,0.0,0.0,0.0,1.361534025374856,1.7230980392156865,1743.3572064590544,6.461822376009229,3.8527089656473583,0.14572326345414532,14.785419744115682,-23.902534798300895,6,0,1,0,0,0,6.1
114,0.14285714285714285,0.14285714285714285,0.14285714285714285,0.14285714285714285,0.0,0.0,0.0,0.0,0.0,0.14285714285714285,0.0,0.0,0.14285714285714285,0.14285714285714285,0.0,0.0,0.0,0.0,0.0,0.0,0.0,0.0,0.0,0.0,0.0,0.0,0.0,0.0,1.3785714285714286,1.6757142857142857,1784.6385714285714,6.142857142857142,6.086704727705042,0.19448519171370954,16.179269934320402,-31.428571428571427,7,0,1,0,0,0,6.2
115,0.16666666666666666,0.0,0.16666666666666666,0.16666666666666666,0.0,0.0,0.0,0.0,0.0,0.16666666666666666,0.0,0.0,0.16666666666666666,0.16666666666666666,0.0,0.0,0.0,0.0,0.0,0.0,0.0,0.0,0.0,0.0,0.0,0.0,0.0,0.0,1.3833333333333333,1.6416666666666668,1787.4116666666666,5.666666666666667,6.488150370041574,0.18977325651653046,14.897584106896662,-31.333333333333332,6,0,1,0,0,0,5.9
116,0.0,0.0,0.16666666666666666,0.16666666666666666,0.0,0.0,0.0,0.0,0.16666666666666666,0.16666666666666666,0.0,0.0,0.16666666666666666,0.16666666666666666,0.0,0.0,0.0,0.0,0.0,0.0,0.0,0.0,0.0,0.0,0.0,0.0,0.0,0.0,1.4166666666666665,1.7333333333333334,2114.5,6.166666666666667,4.850712500726658,0.268741924943285,14.897584106896662,-19.777777777777775,6,0,1,0,0,0,7.1
117,0.019607843137254905,0.19607843137254904,0.19607843137254904,0.19607843137254904,0.0,0.19607843137254904,0.19607843137254904,0.0,0.0,0.0,0.0,0.0,0.0,0.0,0.0,0.0,0.0,0.0,0.0,0.0,0.0,0.0,0.0,0.0,0.0,0.0,0.0,0.0,1.3774509803921569,1.7629411764705885,1784.18568627451,7.901960784313727,2.193741638067249,0.1386955209088763,13.921709560836417,-5.24413687043445,6,0,1,0,0,0,7.9
118,0.038461538461538464,0.1923076923076923,0.1923076923076923,0.1923076923076923,0.0,0.1923076923076923,0.1923076923076923,0.0,0.0,0.0,0.0,0.0,0.0,0.0,0.0,0.0,0.0,0.0,0.0,0.0,0.0,0.0,0.0,0.0,0.0,0.0,0.0,0.0,1.3749999999999998,1.76,1767.825769230769,7.807692307692306,2.521364528296492,0.13895212235763907,14.222451816405263,-6.242603550295857,6,0,1,0,0,0,7.7
119,0.07063197026022305,0.1858736059479554,0.1858736059479554,0.1858736059479554,0.0,0.1858736059479554,0.1858736059479554,0.0,0.0,0.0,0.0,0.0,0.0,0.0,0.0,0.0,0.0,0.0,0.0,0.0,0.0,0.0,0.0,0.0,0.0,0.0,0.0,0.0,1.3708178438661711,1.7549814126394054,1739.9105204460966,7.646840148698885,2.978424764269663,0.13924550952245465,14.558945090564219,-7.846768286784318,6,0,1,0,0,0,7.5
120,0.07918968692449356,0.1841620626151013,0.1841620626151013,0.1841620626151013,0.0,0.1841620626151013,0.1841620626151013,0.0,0.0,0.0,0.0,0.0,0.0,0.0,0.0,0.0,0.0,0.0,0.0,0.0,0.0,0.0,0.0,0.0,0.0,0.0,0.0,0.0,1.3697053406998159,1.753646408839779,1732.4847329650092,7.604051565377532,3.084388503382705,0.13929300642874382,14.623316941028715,-8.25235968241371,6,0,1,0,0,0,7.4
121,0.08925318761384335,0.18214936247723132,0.18214936247723132,0.18214936247723132,0.0,0.18214936247723132,0.18214936247723132,0.0,0.0,0.0,0.0,0.0,0.0,0.0,0.0,0.0,0.0,0.0,0.0,0.0,0.0,0.0,0.0,0.0,0.0,0.0,0.0,0.0,1.3683970856102003,1.7520765027322405,1723.7523315118397,7.553734061930784,3.202292638594184,0.13933247566136817,14.68837081385742,-8.71795382231645,6,0,1,0,0,0,7.4
122,0.10071942446043165,0.17985611510791366,0.17985611510791366,0.17985611510791366,0.0,0.17985611510791366,0.17985611510791366,0.0,0.0,0.0,0.0,0.0,0.0,0.0,0.0,0.0,0.0,0.0,0.0,0.0,0.0,0.0,0.0,0.0,0.0,0.0,0.0,0.0,1.3669064748201438,1.7502877697841726,1713.8027338129496,7.496402877697841,3.328713326493029,0.1393558792209478,14.749898833040053,-9.233476528130012,6,0,1,0,0,0,7.3
123,0.11032028469750889,0.17793594306049823,0.17793594306049823,0.17793594306049823,0.0,0.17793594306049823,0.17793594306049823,0.0,0.0,0.0,0.0,0.0,0.0,0.0,0.0,0.0,0.0,0.0,0.0,0.0,0.0,0.0,0.0,0.0,0.0,0.0,0.0,0.0,1.365658362989324,1.7487900355871886,1705.4717793594307,7.448398576512456,3.4287159262386293,0.13935781299611164,14.792066785646876,-9.652866605032864,6,0,1,0,0,0,7.2
124,0.11971830985915495,0.17605633802816903,0.17605633802816903,0.17605633802816903,0.0,0.17605633802816903,0.17605633802816903,0.0,0.0,0.0,0.0,0.0,0.0,0.0,0.0,0.0,0.0,0.0,0.0,0.0,0.0,0.0,0.0,0.0,0.0,0.0,0.0,0.0,1.3644366197183102,1.7473239436619719,1697.3168309859157,7.401408450704226,3.521895242311264,0.13934411499753954,14.825768643179389,-10.052568934735174,6,0,1,0,0,0,7.2
125,0.13043478260869565,0.17391304347826086,0.17391304347826086,0.17391304347826086,0.0,0.17391304347826086,0.17391304347826086,0.0,0.0,0.0,0.0,0.0,0.0,0.0,0.0,0.0,0.0,0.0,0.0,0.0,0.0,0.0,0.0,0.0,0.0,0.0,0.0,0.0,1.3630434782608694,1.7456521739130435,1688.0178260869566,7.3478260869565215,3.62290803559826,0.13930966716218693,14.855713400385541,-10.495274102079396,6,0,1,0,0,0,7.1
126,0.13941480206540446,0.1721170395869191,0.1721170395869191,0.1721170395869191,0.0,0.1721170395869191,0.1721170395869191,0.0,0.0,0.0,0.0,0.0,0.0,0.0,0.0,0.0,0.0,0.0,0.0,0.0,0.0,0.0,0.0,0.0,0.0,0.0,0.0,0.0,1.3618760757314972,1.7442512908777967,1680.2255938037865,7.3029259896729775,3.7035622779380972,0.13926534135900923,14.874292968331558,-10.855519446855528,6,0,1,0,0,0,7.0
127,0.14965986394557823,0.17006802721088435,0.17006802721088435,0.17006802721088435,0.0,0.17006802721088435,0.17006802721088435,0.0,0.0,0.0,0.0,0.0,0.0,0.0,0.0,0.0,0.0,0.0,0.0,0.0,0.0,0.0,0.0,0.0,0.0,0.0,0.0,0.0,1.3605442176870748,1.7426530612244897,1671.3356462585034,7.2517006802721085,3.7914377220257687,0.13919753756233624,14.88867776141683,-11.254569855152946,6,0,1,0,0,0,7.0
128,0.15966386554621848,0.1680672268907563,0.1680672268907563,0.1680672268907563,0.0,0.1680672268907563,0.1680672268907563,0.0,0.0,0.0,0.0,0.0,0.0,0.0,0.0,0.0,0.0,0.0,0.0,0.0,0.0,0.0,0.0,0.0,0.0,0.0,0.0,0.0,1.3592436974789917,1.7410924369747898,1662.6548739495797,7.201680672268908,3.8732501039077736,0.1391135798333906,14.896099436418886,-11.63194689640562,6,0,1,0,0,0,6.9
129,0.2,0.16,0.16,0.16,0.0,0.16,0.16,0.0,0.0,0.0,0.0,0.0,0.0,0.0,0.0,0.0,0.0,0.0,0.0,0.0,0.0,0.0,0.0,0.0,0.0,0.0,0.0,0.0,1.354,1.7348000000000001,1627.654,7.0,4.16742569561769,0.13859639244944288,14.865933168854928,-13.030400000000002,6,0,1,0,0,0,6.6
130,0.0,0.2,0.2,0.2,0.0,0.2,0.2,0.0,0.0,0.0,0.0,0.0,0.0,0.0,0.0,0.0,0.0,0.0,0.0,0.0,0.0,0.0,0.0,0.0,0.0,0.0,0.0,0.0,1.3800000000000001,1.766,1801.2,8.0,1.7749925672341786,0.1383618444514238,13.38167152293333,-4.16,5,0,1,0,0,0,8.0
131,0.0,0.2,0.2,0.2,0.0,0.2,0.2,0.0,0.0,0.0,0.0,0.0,0.0,0.0,0.0,0.0,0.0,0.0,0.0,0.0,0.0,0.0,0.0,0.0,0.0,0.0,0.0,0.0,1.3800000000000001,1.766,1801.2,8.0,1.7749925672341786,0.1383618444514238,13.38167152293333,-4.16,5,0,1,0,0,0,8.0
132,0.0,0.2,0.2,0.2,0.0,0.2,0.2,0.0,0.0,0.0,0.0,0.0,0.0,0.0,0.0,0.0,0.0,0.0,0.0,0.0,0.0,0.0,0.0,0.0,0.0,0.0,0.0,0.0,1.3800000000000001,1.766,1801.2,8.0,1.7749925672341786,0.1383618444514238,13.38167152293333,-4.16,5,1,0,0,0,0,8.0
133,0.0,0.19047619047619047,0.19047619047619047,0.19047619047619047,0.0,0.19047619047619047,0.19047619047619047,0.0,0.0,0.0,0.0,0.0,0.047619047619047616,0.0,0.0,0.0,0.0,0.0,0.0,0.0,0.0,0.0,0.0,0.0,0.0,0.0,0.0,0.0,1.3785714285714286,1.7595238095238095,1819.3809523809523,7.857142857142856,1.7948713031801844,0.13809852212843898,14.336210888897755,-5.297052154195011,6,0,1,0,0,0,7.9
134,0.0,0.19047619047619047,0.19047619047619047,0.19047619047619047,0.0,0.19047619047619047,0.19047619047619047,0.0,0.0,0.0,0.0,0.0,0.047619047619047616,0.0,0.0,0.0,0.0,0.0,0.0,0.0,0.0,0.0,0.0,0.0,0.0,0.0,0.0,0.0,1.3785714285714286,1.7595238095238095,1819.3809523809523,7.857142857142856,1.7948713031801844,0.13809852212843898,14.336210888897755,-5.297052154195011,6,1,0,0,0,0,7.9
135,0.0,0.18181818181818182,0.18181818181818182,0.18181818181818182,0.0,0.18181818181818182,0.18181818181818182,0.0,0.0,0.0,0.0,0.0,0.09090909090909091,0.0,0.0,0.0,0.0,0.0,0.0,0.0,0.0,0.0,0.0,0.0,0.0,0.0,0.0,0.0,1.3772727272727274,1.7536363636363634,1835.9090909090912,7.727272727272727,1.8076652062876712,0.13759444540009116,14.698052761349631,-6.214876033057852,6,0,1,0,0,0,7.8
136,0.0,0.18181818181818182,0.18181818181818182,0.18181818181818182,0.0,0.18181818181818182,0.18181818181818182,0.0,0.0,0.0,0.0,0.0,0.09090909090909091,0.0,0.0,0.0,0.0,0.0,0.0,0.0,0.0,0.0,0.0,0.0,0.0,0.0,0.0,0.0,1.3772727272727274,1.7536363636363634,1835.9090909090912,7.727272727272727,1.8076652062876712,0.13759444540009116,14.698052761349631,-6.214876033057852,6,1,0,0,0,0,7.8
137,0.0,0.17391304347826086,0.17391304347826086,0.17391304347826086,0.0,0.17391304347826086,0.17391304347826086,0.0,0.0,0.0,0.0,0.0,0.13043478260869565,0.0,0.0,0.0,0.0,0.0,0.0,0.0,0.0,0.0,0.0,0.0,0.0,0.0,0.0,0.0,1.376086956521739,1.7482608695652175,1850.9999999999998,7.608695652173913,1.815027692429066,0.13691165586715884,14.855713400385541,-6.956521739130434,6,1,0,0,0,0,7.7
138,0.0,0.17391304347826086,0.17391304347826086,0.17391304347826086,0.0,0.17391304347826086,0.17391304347826086,0.0,0.0,0.0,0.0,0.0,0.13043478260869565,0.0,0.0,0.0,0.0,0.0,0.0,0.0,0.0,0.0,0.0,0.0,0.0,0.0,0.0,0.0,1.376086956521739,1.7482608695652175,1850.9999999999998,7.608695652173913,1.815027692429066,0.13691165586715884,14.855713400385541,-6.956521739130434,6,0,1,0,0,0,7.7
139,0.0,0.16666666666666666,0.16666666666666666,0.16666666666666666,0.0,0.16666666666666666,0.16666666666666666,0.0,0.0,0.0,0.0,0.0,0.16666666666666666,0.0,0.0,0.0,0.0,0.0,0.0,0.0,0.0,0.0,0.0,0.0,0.0,0.0,0.0,0.0,1.375,1.7433333333333334,1864.8333333333333,7.5,1.8181818181818077,0.13609637108395733,14.897584106896662,-7.5555555555555545,6,1,0,0,0,0,7.7
140,0.0,0.16666666666666666,0.16666666666666666,0.16666666666666666,0.0,0.16666666666666666,0.16666666666666666,0.0,0.0,0.0,0.0,0.0,0.16666666666666666,0.0,0.0,0.0,0.0,0.0,0.0,0.0,0.0,0.0,0.0,0.0,0.0,0.0,0.0,0.0,1.375,1.7433333333333334,1864.8333333333333,7.5,1.8181818181818077,0.13609637108395733,14.897584106896662,-7.5555555555555545,6,0,1,0,0,0,7.7
141,0.06975933031042902,0.0,0.3487966515521451,0.11614928496686433,0.0,0.2326473665852808,0.2326473665852808,0.0,0.0,0.0,0.0,0.0,0.0,0.0,0.0,0.0,0.0,0.0,0.0,0.0,0.0,0.0,0.0,0.0,0.0,0.0,0.0,0.0,1.3837286362050925,1.7192535751656786,1758.0575514475063,7.185559818625742,2.8864016189150816,0.12968422738262844,12.319485955330165,-5.5032189174067305,5,0,1,0,0,0,7.2
142,0.111,0.0,0.3333333333333333,0.111,0.0,0.22233333333333336,0.22233333333333336,0.0,0.0,0.0,0.0,0.0,0.0,0.0,0.0,0.0,0.0,0.0,0.0,0.0,0.0,0.0,0.0,0.0,0.0,0.0,0.0,0.0,1.3778,1.7144100000000002,1721.5008366666666,7.000000000000001,3.4672636305643776,0.1287560428355371,12.661327818067402,-7.252739555555557,5,0,1,0,0,0,7.0
143,0.25,0.0,0.25,0.25,0.0,0.25,0.0,0.0,0.0,0.0,0.0,0.0,0.0,0.0,0.0,0.0,0.0,0.0,0.0,0.0,0.0,0.0,0.0,0.0,0.0,0.0,0.0,0.0,1.35,1.7525000000000002,1663.1175,6.75,4.536092116265147,0.12214233500306104,11.52634446553133,-13.25,4,0,1,0,0,0,6.3
144,0.2,0.0,0.2,0.2,0.0,0.2,0.0,0.0,0.2,0.0,0.0,0.0,0.0,0.0,0.0,0.0,0.0,0.0,0.0,0.0,0.0,0.0,0.0,0.0,0.0,0.0,0.0,0.0,1.37,1.8340000000000003,1909.6940000000002,6.6000000000000005,4.9506058270987365,0.19622436138257657,13.38167152293333,-10.72,5,0,1,0,0,0,7.2
145,0.23809523809523808,0.0,0.23809523809523808,0.23809523809523808,0.0,0.23809523809523808,0.0,0.0,0.047619047619047616,0.0,0.0,0.0,0.0,0.0,0.0,0.0,0.0,0.0,0.0,0.0,0.0,0.0,0.0,0.0,0.0,0.0,0.0,0.0,1.3547619047619046,1.7719047619047616,1721.8261904761905,6.7142857142857135,4.68292182582574,0.14744229049001953,12.56923273899109,-12.653061224489795,5,0,1,0,0,0,6.5
146,0.2222222222222222,0.0,0.2222222222222222,0.2222222222222222,0.0,0.2222222222222222,0.0,0.0,0.1111111111111111,0.0,0.0,0.0,0.0,0.0,0.0,0.0,0.0,0.0,0.0,0.0,0.0,0.0,0.0,0.0,0.0,0.0,0.0,0.0,1.3611111111111112,1.7977777777777777,1800.1044444444444,6.666666666666666,4.829452884162946,0.1722258064143168,13.14600398580363,-11.851851851851851,5,0,1,0,0,0,6.8
147,0.20833333333333334,0.0,0.20833333333333334,0.20833333333333334,0.0,0.20833333333333334,0.0,0.0,0.16666666666666669,0.0,0.0,0.0,0.0,0.0,0.0,0.0,0.0,0.0,0.0,0.0,0.0,0.0,0.0,0.0,0.0,0.0,0.0,0.0,1.3666666666666667,1.8204166666666668,1868.5979166666668,6.625,4.916010822133263,0.1884029185607862,13.351478225728334,-11.145833333333336,5,0,1,0,0,0,7.0
148,0.0,0.2222222222222222,0.2222222222222222,0.2222222222222222,0.0,0.2222222222222222,0.0,0.0,0.0,0.0,0.1111111111111111,0.0,0.0,0.0,0.0,0.0,0.0,0.0,0.0,0.0,0.0,0.0,0.0,0.0,0.0,0.0,0.0,0.0,1.372222222222222,1.8288888888888888,1814.6411111111108,8.555555555555555,1.81058135829942,0.09456854591534761,13.14600398580363,0.4938271604938269,5,0,1,0,0,0,8.3
149,0.0,0.16666666666666666,0.16666666666666666,0.16666666666666666,0.0,0.16666666666666666,0.0,0.0,0.0,0.16666666666666666,0.16666666666666666,0.0,0.0,0.0,0.0,0.0,0.0,0.0,0.0,0.0,0.0,0.0,0.0,0.0,0.0,0.0,0.0,0.0,1.375,1.7866666666666666,1797.6283333333333,8.0,1.8181818181818077,0.1387643886433243,14.897584106896662,-8.444444444444443,6,0,1,0,0,0,7.4
150,0.0,0.18181818181818182,0.18181818181818182,0.18181818181818182,0.0,0.18181818181818182,0.0,0.0,0.0,0.09090909090909091,0.18181818181818182,0.0,0.0,0.0,0.0,0.0,0.0,0.0,0.0,0.0,0.0,0.0,0.0,0.0,0.0,0.0,0.0,0.0,1.3727272727272726,1.8090909090909089,1784.5945454545456,8.363636363636363,1.8136508526661113,0.12235971897011809,14.698052761349631,-3.7024793388429753,6,0,1,0,0,0,7.8
151,0.0,0.1724137931034483,0.1724137931034483,0.1724137931034483,0.0,0.1724137931034483,0.0,0.0,0.0,0.13793103448275862,0.1724137931034483,0.0,0.0,0.0,0.0,0.0,0.0,0.0,0.0,0.0,0.0,0.0,0.0,0.0,0.0,0.0,0.0,0.0,1.374137931034483,1.7951724137931035,1792.6844827586206,8.13793103448276,1.8182404951304143,0.1332257790538994,14.871616835820523,-6.753864447086801,6,0,1,0,0,0,7.6
152,0.09090909090909091,0.18181818181818182,0.18181818181818182,0.18181818181818182,0.0,0.18181818181818182,0.0,0.0,0.0,0.0,0.18181818181818182,0.0,0.0,0.0,0.0,0.0,0.0,0.0,0.0,0.0,0.0,0.0,0.0,0.0,0.0,0.0,0.0,0.0,1.3590909090909091,1.8154545454545454,1693.000909090909,8.272727272727273,3.0652680233818335,0.1093255053301949,14.69805276134963,-1.5206611570247937,6,0,1,0,0,0,7.6
153,0.07692307692307693,0.15384615384615385,0.15384615384615385,0.15384615384615385,0.0,0.15384615384615385,0.0,0.0,0.0,0.15384615384615385,0.15384615384615385,0.0,0.0,0.0,0.0,0.0,0.0,0.0,0.0,0.0,0.0,0.0,0.0,0.0,0.0,0.0,0.0,0.0,1.3653846153846154,1.7730769230769232,1731.1546153846152,7.615384615384616,3.0076276766285366,0.14138787976477576,16.006420140830258,-11.597633136094675,7,0,1,0,0,0,7.0
154,0.08771929824561403,0.17543859649122806,0.17543859649122806,0.17543859649122806,0.0,0.17543859649122806,0.0,0.0,0.0,0.03508771929824561,0.17543859649122806,0.0,0.0,0.0,0.0,0.0,0.0,0.0,0.0,0.0,0.0,0.0,0.0,0.0,0.0,0.0,0.0,0.0,1.3605263157894736,1.8057894736842104,1701.7026315789474,8.12280701754386,3.0582956094471747,0.1187500303737143,15.446179768776199,-4.148968913511848,7,0,1,0,0,0,7.5
155,0.0847457627118644,0.1694915254237288,0.1694915254237288,0.1694915254237288,0.0,0.1694915254237288,0.0,0.0,0.0,0.06779661016949153,0.1694915254237288,0.0,0.0,0.0,0.0,0.0,0.0,0.0,0.0,0.0,0.0,0.0,0.0,0.0,0.0,0.0,0.0,0.0,1.361864406779661,1.796779661016949,1709.8144067796609,7.983050847457626,3.0485248821196995,0.1262421761692695,15.762754174612722,-6.423441539787416,7,0,1,0,0,0,7.3
156,0.0819672131147541,0.1639344262295082,0.1639344262295082,0.1639344262295082,0.0,0.1639344262295082,0.0,0.0,0.0,0.09836065573770492,0.1639344262295082,0.0,0.0,0.0,0.0,0.0,0.0,0.0,0.0,0.0,0.0,0.0,0.0,0.0,0.0,0.0,0.0,0.0,1.3631147540983608,1.788360655737705,1717.3942622950822,7.852459016393444,3.0365318515820956,0.13230838700438136,15.92517139873463,-8.395592582639077,7,0,1,0,0,0,7.2
157,0.07936507936507936,0.15873015873015872,0.15873015873015872,0.15873015873015872,0.0,0.15873015873015872,0.0,0.0,0.0,0.126984126984127,0.15873015873015872,0.0,0.0,0.0,0.0,0.0,0.0,0.0,0.0,0.0,0.0,0.0,0.0,0.0,0.0,0.0,0.0,0.0,1.364285714285714,1.7804761904761903,1724.492857142857,7.73015873015873,3.0227762784797085,0.1372800239971647,15.996241635185699,-10.108339632149155,7,0,1,0,0,0,7.1
158,0.07470440702257254,0.14922966678609814,0.14922966678609814,0.14922966678609814,0.0,0.14922966678609814,0.0,0.0,0.0,0.17914725904693657,0.14922966678609814,0.0,0.0,0.0,0.0,0.0,0.0,0.0,0.0,0.0,0.0,0.0,0.0,0.0,0.0,0.0,0.0,0.0,1.366409888928699,1.766089215335005,1737.3612325331421,7.506807595843782,2.9923201652887523,0.1448084809705942,15.974035350106936,-12.899624901199415,7,0,1,0,0,0,6.9
159,0.07245788512279278,0.14491577024558555,0.14491577024558555,0.14491577024558555,0.0,0.14491577024558555,0.0,0.0,0.0,0.2029632636492795,0.14491577024558555,0.0,0.0,0.0,0.0,0.0,0.0,0.0,0.0,0.0,0.0,0.0,0.0,0.0,0.0,0.0,0.0,0.0,1.3673939516947433,1.759547391922062,1743.3356139638724,7.405520600771261,2.974241566215031,0.1476499424901701,15.90941223676745,-14.02521119281226,7,0,1,0,0,0,6.8
160,0.07031778228532792,0.1408609420779806,0.1408609420779806,0.1408609420779806,0.0,0.1408609420779806,0.0,0.0,0.0,0.22537750732476897,0.1408609420779806,0.0,0.0,0.0,0.0,0.0,0.0,0.0,0.0,0.0,0.0,0.0,0.0,0.0,0.0,0.0,0.0,0.0,1.3683231913455034,1.7533964390353842,1748.979916610322,7.310344827586207,2.955255401993829,0.1500142849961066,15.821720470490234,-15.001293495204873,7,0,1,0,0,0,6.7
161,0.06850665352390341,0.13701330704780681,0.13701330704780681,0.13701330704780681,0.0,0.13701330704780681,0.0,0.0,0.0,0.24642681123706262,0.13701330704780681,0.0,0.0,0.0,0.0,0.0,0.0,0.0,0.0,0.0,0.0,0.0,0.0,0.0,0.0,0.0,0.0,0.0,1.3691720059142436,1.7475751601774274,1754.114534253327,7.219812715623461,2.938436817856106,0.15197641542936344,15.7186710784058,-15.854647774835126,7,0,1,0,0,0,6.6
162,0.06666666666666667,0.13333333333333333,0.13333333333333333,0.13333333333333333,0.0,0.13333333333333333,0.0,0.0,0.0,0.26666666666666666,0.13333333333333333,0.0,0.0,0.0,0.0,0.0,0.0,0.0,0.0,0.0,0.0,0.0,0.0,0.0,0.0,0.0,0.0,0.0,1.3699999999999999,1.7420000000000002,1759.134,7.133333333333334,2.919708029197079,0.15363159397294118,15.60027671774553,-16.604444444444443,7,0,1,0,0,0,6.5
163,0.09090909090909091,0.18181818181818182,0.18181818181818182,0.18181818181818182,0.0,0.18181818181818182,0.0,0.0,0.0,0.0,0.18181818181818182,0.0,0.0,0.0,0.0,0.0,0.0,0.0,0.0,0.0,0.0,0.0,0.0,0.0,0.0,0.0,0.0,0.0,1.3590909090909091,1.8154545454545454,1693.000909090909,8.272727272727273,3.0652680233818335,0.1093255053301949,14.69805276134963,-1.5206611570247937,6,0,1,0,0,0,7.6
164,0.08771929824561403,0.17543859649122806,0.17543859649122806,0.17543859649122806,0.0,0.17543859649122806,0.0,0.0,0.0,0.0,0.17543859649122806,0.0,0.03508771929824561,0.0,0.0,0.0,0.0,0.0,0.0,0.0,0.0,0.0,0.0,0.0,0.0,0.0,0.0,0.0,1.3587719298245613,1.8089473684210524,1710.1938596491227,8.157894736842104,3.0142330613114847,0.11268157604858961,15.446179768776199,-2.49923053247153,7,0,1,0,0,0,7.6
165,0.0847457627118644,0.1694915254237288,0.1694915254237288,0.1694915254237288,0.0,0.1694915254237288,0.0,0.0,0.0,0.0,0.1694915254237288,0.0,0.06779661016949153,0.0,0.0,0.0,0.0,0.0,0.0,0.0,0.0,0.0,0.0,0.0,0.0,0.0,0.0,0.0,1.3584745762711865,1.8028813559322034,1726.221186440678,8.05084745762712,2.9656554769818366,0.11539248936369852,15.762754174612724,-3.3438667049698365,7,0,1,0,0,0,7.5
166,0.0819672131147541,0.1639344262295082,0.1639344262295082,0.1639344262295082,0.0,0.1639344262295082,0.0,0.0,0.0,0.0,0.1639344262295082,0.0,0.09836065573770492,0.0,0.0,0.0,0.0,0.0,0.0,0.0,0.0,0.0,0.0,0.0,0.0,0.0,0.0,0.0,1.3581967213114754,1.7972131147540984,1741.1975409836066,7.950819672131148,2.9193449903314,0.11758681686368744,15.92517139873463,-4.074173609244827,7,0,1,0,0,0,7.5
167,0.07936507936507936,0.15873015873015872,0.15873015873015872,0.15873015873015872,0.0,0.15873015873015872,0.0,0.0,0.0,0.0,0.15873015873015872,0.0,0.126984126984127,0.0,0.0,0.0,0.0,0.0,0.0,0.0,0.0,0.0,0.0,0.0,0.0,0.0,0.0,0.0,1.357936507936508,1.791904761904762,1755.2230158730156,7.857142857142858,2.8751312393334443,0.11936149099638381,15.996241635185699,-4.706475182665659,7,0,1,0,0,0,7.4
168,0.07692307692307693,0.15384615384615385,0.15384615384615385,0.15384615384615385,0.0,0.15384615384615385,0.0,0.0,0.0,0.0,0.15384615384615385,0.0,0.15384615384615385,0.0,0.0,0.0,0.0,0.0,0.0,0.0,0.0,0.0,0.0,0.0,0.0,0.0,0.0,0.0,1.3576923076923078,1.786923076923077,1768.3853846153845,7.76923076923077,2.8328611898017013,0.12079127677269869,16.006420140830258,-5.2544378698224845,7,0,1,0,0,0,7.4
169,0.07470440702257254,0.14922966678609814,0.14922966678609814,0.14922966678609814,0.0,0.14922966678609814,0.0,0.0,0.0,0.0,0.14922966678609814,0.0,0.17914725904693657,0.0,0.0,0.0,0.0,0.0,0.0,0.0,0.0,0.0,0.0,0.0,0.0,0.0,0.0,0.0,1.3574525259763526,1.7822124686492293,1780.7148692225007,7.685954854890719,2.79320155928373,0.12194278281610398,15.974035350106936,-5.733991289245347,7,0,1,0,0,0,7.3
170,0.07245788512279278,0.14491577024558555,0.14491577024558555,0.14491577024558555,0.0,0.14491577024558555,0.0,0.0,0.0,0.0,0.14491577024558555,0.0,0.2029632636492795,0.0,0.0,0.0,0.0,0.0,0.0,0.0,0.0,0.0,0.0,0.0,0.0,0.0,0.0,0.0,1.3572457885122793,1.7778140856504974,1792.4527237669981,7.608483864420541,2.753507489251741,0.12284146661004669,15.909412236767448,-6.142640373689684,7,0,1,0,0,0,7.3
171,0.07031778228532792,0.1408609420779806,0.1408609420779806,0.1408609420779806,0.0,0.1408609420779806,0.0,0.0,0.0,0.0,0.1408609420779806,0.0,0.22537750732476897,0.0,0.0,0.0,0.0,0.0,0.0,0.0,0.0,0.0,0.0,0.0,0.0,0.0,0.0,0.0,1.3570543159792652,1.7736804146946135,1803.5212733829162,7.535722334910976,2.7152369975447868,0.12353682646627966,15.821720470490236,-6.494549770459839,7,0,1,0,0,0,7.2
172,0.06850665352390341,0.13701330704780681,0.13701330704780681,0.13701330704780681,0.0,0.13701330704780681,0.0,0.0,0.0,0.0,0.13701330704780681,0.0,0.24642681123706262,0.0,0.0,0.0,0.0,0.0,0.0,0.0,0.0,0.0,0.0,0.0,0.0,0.0,0.0,0.0,1.3568506653523904,1.769753573188763,1813.7498225726963,7.466239526860523,2.6809019641175205,0.12407107135613456,15.718671078405801,-6.805962144275187,7,0,1,0,0,0,7.2
173,0.06666666666666667,0.13333333333333333,0.13333333333333333,0.13333333333333333,0.0,0.13333333333333333,0.0,0.0,0.0,0.0,0.13333333333333333,0.0,0.26666666666666666,0.0,0.0,0.0,0.0,0.0,0.0,0.0,0.0,0.0,0.0,0.0,0.0,0.0,0.0,0.0,1.3566666666666667,1.766,1823.6673333333333,7.4,2.6462726324985226,0.12446150676681793,15.60027671774553,-7.075555555555555,7,0,1,0,0,0,7.2
174,0.16666666666666666,0.16666666666666666,0.16666666666666666,0.16666666666666666,0.0,0.16666666666666666,0.0,0.0,0.0,0.0,0.16666666666666666,0.0,0.0,0.0,0.0,0.0,0.0,0.0,0.0,0.0,0.0,0.0,0.0,0.0,0.0,0.0,0.0,0.0,1.35,1.7983333333333333,1629.7066666666665,7.833333333333333,3.7037037037037055,0.11908213785264163,14.897584106896662,-4.777777777777777,6,0,1,0,0,0,7.1
175,0.16666666666666666,0.16666666666666666,0.16666666666666666,0.16666666666666666,0.0,0.0,0.0,0.0,0.0,0.0,0.16666666666666666,0.0,0.0,0.0,0.16666666666666666,0.0,0.0,0.0,0.0,0.0,0.0,0.0,0.0,0.0,0.0,0.0,0.0,0.0,1.425,1.7116666666666667,1482.54,7.333333333333333,13.702192413871325,0.2751615686989898,14.897584106896662,-15.777777777777777,6,0,1,0,0,0,7.0
176,0.2,0.2,0.2,0.2,0.0,0.0,0.0,0.0,0.0,0.0,0.2,0.0,0.0,0.0,0.0,0.0,0.0,0.0,0.0,0.0,0.0,0.0,0.0,0.0,0.0,0.0,0.0,0.0,1.34,1.8259999999999998,1519.6480000000001,8.2,3.6559548399748927,0.11146299834474212,13.38167152293333,-5.280000000000001,5,0,1,0,0,0,7.0
177,0.16666666666666666,0.16666666666666666,0.16666666666666666,0.16666666666666666,0.16666666666666666,0.0,0.0,0.0,0.0,0.0,0.16666666666666666,0.0,0.0,0.0,0.0,0.0,0.0,0.0,0.0,0.0,0.0,0.0,0.0,0.0,0.0,0.0,0.0,0.0,1.3,1.8383333333333334,1547.54,7.5,7.692307692307694,0.1054224306724564,14.897584106896662,-20.444444444444443,6,0,1,0,0,0,5.9
178,0.16666666666666666,0.16666666666666666,0.16666666666666666,0.16666666666666666,0.0,0.0,0.0,0.0,0.0,0.16666666666666666,0.16666666666666666,0.0,0.0,0.0,0.0,0.0,0.0,0.0,0.0,0.0,0.0,0.0,0.0,0.0,0.0,0.0,0.0,0.0,1.35,1.7783333333333333,1589.8733333333332,7.5,3.7037037037037055,0.14735633304642481,14.897584106896662,-16.888888888888886,6,0,1,0,0,0,6.5
179,0.16666666666666666,0.16666666666666666,0.16666666666666666,0.16666666666666666,0.0,0.0,0.0,0.0,0.0,0.0,0.16666666666666666,0.0,0.0,0.16666666666666666,0.0,0.0,0.0,0.0,0.0,0.0,0.0,0.0,0.0,0.0,0.0,0.0,0.0,0.0,1.375,1.7433333333333334,1621.04,7.5,6.555547773570885,0.21100289624131277,14.897584106896662,-23.888888888888886,6,0,1,0,0,0,6.9
180,0.14285714285714285,0.14285714285714285,0.14285714285714285,0.14285714285714285,0.0,0.14285714285714285,0.14285714285714285,0.0,0.0,0.0,0.14285714285714285,0.0,0.0,0.0,0.0,0.0,0.0,0.0,0.0,0.0,0.0,0.0,0.0,0.0,0.0,0.0,0.0,0.0,1.357142857142857,1.762857142857143,1613.8914285714284,7.7142857142857135,3.646422752776583,0.1403784971032942,16.179269934320402,-5.63265306122449,7,0,1,0,0,0,7.1
181,0.16666666666666666,0.16666666666666666,0.16666666666666666,0.16666666666666666,0.0,0.16666666666666666,0.0,0.0,0.0,0.0,0.16666666666666666,0.0,0.0,0.0,0.0,0.0,0.0,0.0,0.0,0.0,0.0,0.0,0.0,0.0,0.0,0.0,0.0,0.0,1.35,1.7983333333333333,1629.7066666666665,7.833333333333333,3.7037037037037055,0.11908213785264163,14.897584106896662,-4.777777777777777,6,0,1,0,0,0,7.1
182,0.14285714285714285,0.14285714285714285,0.14285714285714285,0.14285714285714285,0.0,0.14285714285714285,0.0,0.0,0.0,0.14285714285714285,0.14285714285714285,0.0,0.0,0.0,0.0,0.0,0.0,0.0,0.0,0.0,0.0,0.0,0.0,0.0,0.0,0.0,0.0,0.0,1.357142857142857,1.7614285714285713,1674.1771428571426,7.285714285714285,3.646422752776583,0.14257114228428167,16.179269934320402,-13.795918367346937,7,0,1,0,0,0,6.6
183,0.14285714285714285,0.14285714285714285,0.14285714285714285,0.14285714285714285,0.0,0.14285714285714285,0.0,0.0,0.0,0.0,0.14285714285714285,0.0,0.14285714285714285,0.0,0.0,0.0,0.0,0.0,0.0,0.0,0.0,0.0,0.0,0.0,0.0,0.0,0.0,0.0,1.3499999999999999,1.7742857142857142,1708.7485714285713,7.428571428571428,3.428963332490926,0.12499795916701345,16.179269934320402,-7.755102040816325,7,0,1,0,0,0,6.9
184,0.14285714285714285,0.14285714285714285,0.0,0.14285714285714285,0.0,0.14285714285714285,0.0,0.0,0.0,0.14285714285714285,0.14285714285714285,0.0,0.0,0.0,0.0,0.14285714285714285,0.0,0.0,0.0,0.0,0.0,0.0,0.0,0.0,0.0,0.0,0.0,0.0,1.4142857142857141,1.6742857142857142,1672.462857142857,6.571428571428571,11.605177063713192,0.23224722928423508,16.179269934320402,-19.346938775510203,7,0,1,0,0,0,5.8
185,0.15384615384615385,0.15384615384615385,0.0,0.15384615384615385,0.0,0.15384615384615385,0.0,0.0,0.0,0.15384615384615385,0.15384615384615385,0.0,0.0,0.0,0.0,0.07692307692307693,0.0,0.0,0.0,0.0,0.0,0.0,0.0,0.0,0.0,0.0,0.0,0.0,1.3846153846153846,1.7092307692307696,1662.7292307692308,6.846153846153847,9.329364235414813,0.20246411034139197,16.006420140830258,-18.319526627218938,7,0,1,0,0,0,6.1
186,0.14705882352941177,0.14705882352941177,0.0,0.14705882352941177,0.0,0.14705882352941177,0.0,0.0,0.0,0.14705882352941177,0.14705882352941177,0.0,0.0,0.0,0.0,0.11764705882352942,0.0,0.0,0.0,0.0,0.0,0.0,0.0,0.0,0.0,0.0,0.0,0.0,1.4029411764705886,1.6876470588235295,1668.7411764705885,6.676470588235294,10.863099713234057,0.22198382060185495,16.156526830446808,-18.996539792387544,7,0,1,0,0,0,5.9
187,0.0,0.25,0.25,0.25,0.0,0.0,0.0,0.0,0.0,0.0,0.25,0.0,0.0,0.0,0.0,0.0,0.0,0.0,0.0,0.0,0.0,0.0,0.0,0.0,0.0,0.0,0.0,0.0,1.3624999999999998,1.88,1666.1925,9.5,1.58903743813658,0.03082207001484482,11.52634446553133,5.0,4,0,1,0,0,0,8.6
188,0.0,0.24875621890547267,0.24875621890547267,0.24875621890547267,0.0,0.0,0.0,0.0,0.0,0.0,0.24875621890547267,0.0,0.0,0.0,0.0,0.0,0.0049751243781094535,0.0,0.0,0.0,0.0,0.0,0.0,0.0,0.0,0.0,0.0,0.0,1.3629353233830848,1.8803980099502489,1660.4158208955228,9.4726368159204,1.6476975803310565,0.03125629562088566,11.729636838522538,5.01967773074924,5,0,1,0,0,0,8.6
189,0.0,0.24752475247524752,0.24752475247524752,0.24752475247524752,0.0,0.0,0.0,0.0,0.0,0.0,0.24752475247524752,0.0,0.0,0.0,0.0,0.0,0.009900990099009901,0.0,0.0,0.0,0.0,0.0,0.0,0.0,0.0,0.0,0.0,0.0,1.3633663366336635,1.8807920792079207,1654.6963366336633,9.445544554455445,1.7031284530949171,0.031675432223854175,11.874060085923528,5.038721693951573,5,0,1,0,0,0,8.6
190,0.0,0.2469135802469136,0.2469135802469136,0.2469135802469136,0.0,0.0,0.0,0.0,0.0,0.0,0.2469135802469136,0.0,0.0,0.0,0.0,0.0,0.01234567901234568,0.0,0.0,0.0,0.0,0.0,0.0,0.0,0.0,0.0,0.0,0.0,1.3635802469135805,1.8809876543209878,1651.8577777777778,9.4320987654321,1.7297395359477366,0.03187959362287284,11.937137878287293,5.048010973936901,5,0,1,0,0,0,8.6
191,0.0,0.24570024570024568,0.24570024570024568,0.24570024570024568,0.0,0.0,0.0,0.0,0.0,0.0,0.24570024570024568,0.0,0.0,0.0,0.0,0.0,0.0171990171990172,0.0,0.0,0.0,0.0,0.0,0.0,0.0,0.0,0.0,0.0,0.0,1.3640049140049137,1.8813759213759211,1646.2225061425058,9.405405405405403,1.7809348764554735,0.03227756936483791,12.05086717115008,5.066133813062559,5,0,1,0,0,0,8.6
192,0.0,0.24390243902439027,0.24390243902439027,0.24390243902439027,0.0,0.0,0.0,0.0,0.0,0.0,0.24390243902439027,0.0,0.0,0.0,0.0,0.0,0.02439024390243903,0.0,0.0,0.0,0.0,0.0,0.0,0.0,0.0,0.0,0.0,0.0,1.3646341463414635,1.8819512195121952,1637.8726829268294,9.365853658536587,1.8531225516825445,0.03284995542894264,12.198598601589563,5.092207019631172,5,0,1,0,0,0,8.6
193,0.0,0.23809523809523808,0.23809523809523808,0.23809523809523808,0.0,0.0,0.0,0.0,0.0,0.0,0.23809523809523808,0.0,0.0,0.0,0.0,0.0,0.047619047619047616,0.0,0.0,0.0,0.0,0.0,0.0,0.0,0.0,0.0,0.0,0.0,1.3666666666666667,1.8838095238095236,1610.9014285714284,9.238095238095237,2.0613518408012617,0.03456893602453621,12.56923273899109,5.170068027210884,5,0,1,0,0,0,8.5
194,0.0,0.2222222222222222,0.2222222222222222,0.2222222222222222,0.0,0.0,0.0,0.0,0.0,0.0,0.2222222222222222,0.0,0.0,0.0,0.0,0.0,0.1111111111111111,0.0,0.0,0.0,0.0,0.0,0.0,0.0,0.0,0.0,0.0,0.0,1.3722222222222222,1.888888888888889,1537.1799999999998,8.88888888888889,2.4957141712424917,0.038425814368423475,13.14600398580363,5.333333333333333,5,0,1,0,0,0,8.3
195,0.0,0.2,0.2,0.2,0.0,0.0,0.2,0.0,0.0,0.0,0.2,0.0,0.0,0.0,0.0,0.0,0.0,0.0,0.0,0.0,0.0,0.0,0.0,0.0,0.0,0.0,0.0,0.0,1.37,1.8139999999999998,1636.7540000000001,9.0,1.7879487173599762,0.13484806264830054,13.38167152293333,1.7599999999999998,5,0,1,0,0,0,8.4
196,0.0,0.19880715705765406,0.19880715705765406,0.19880715705765406,0.0,0.0,0.19880715705765406,0.0,0.0,0.0,0.19880715705765406,0.0,0.0,0.0,0.0,0.0,0.005964214711729622,0.0,0.0,0.0,0.0,0.0,0.0,0.0,0.0,0.0,0.0,0.0,1.3704771371769384,1.8148707753479123,1630.0044532803179,8.970178926441351,1.8377978471487466,0.13491449763005675,13.605297781776617,1.7722689706690278,6,0,1,0,0,0,8.4
197,0.0,0.19801980198019803,0.19801980198019803,0.19801980198019803,0.0,0.0,0.19801980198019803,0.0,0.0,0.0,0.19801980198019803,0.0,0.0,0.0,0.0,0.0,0.009900990099009901,0.0,0.0,0.0,0.0,0.0,0.0,0.0,0.0,0.0,0.0,0.0,1.370792079207921,1.8154455445544553,1625.549306930693,8.950495049504951,1.8695816692733462,0.1349552529616064,13.711017568499765,1.7802176257229685,6,0,1,0,0,0,8.4
198,0.0,0.19685039370078738,0.19685039370078738,0.19685039370078738,0.0,0.0,0.19685039370078738,0.0,0.0,0.0,0.19685039370078738,0.0,0.0,0.0,0.0,0.0,0.015748031496062992,0.0,0.0,0.0,0.0,0.0,0.0,0.0,0.0,0.0,0.0,0.0,1.371259842519685,1.816299212598425,1618.9323622047243,8.921259842519685,1.9152546747238413,0.1350112456652145,13.84436183588072,1.7918035836071662,6,0,1,0,0,0,8.3
199,0.0,0.19607843137254904,0.19607843137254904,0.19607843137254904,0.0,0.0,0.19607843137254904,0.0,0.0,0.0,0.19607843137254904,0.0,0.0,0.0,0.0,0.0,0.019607843137254905,0.0,0.0,0.0,0.0,0.0,0.0,0.0,0.0,0.0,0.0,0.0,1.3715686274509804,1.8168627450980392,1614.5643137254906,8.901960784313726,1.9444561127570266,0.135045238550678,13.921709560836417,1.7993079584775087,6,0,1,0,0,0,8.3
200,0.0,0.1923076923076923,0.1923076923076923,0.1923076923076923,0.0,0.0,0.1923076923076923,0.0,0.0,0.0,0.1923076923076923,0.0,0.0,0.0,0.0,0.0,0.038461538461538464,0.0,0.0,0.0,0.0,0.0,0.0,0.0,0.0,0.0,0.0,0.0,1.373076923076923,1.8196153846153846,1593.2280769230767,8.807692307692307,2.077366522995979,0.13517739823684588,14.222451816405261,1.834319526627218,6,0,1,0,0,0,8.3
201,0.2,0.0,0.2,0.2,0.0,0.2,0.0,0.0,0.0,0.0,0.2,0.0,0.0,0.0,0.0,0.0,0.0,0.0,0.0,0.0,0.0,0.0,0.0,0.0,0.0,0.0,0.0,0.0,1.35,1.782,1602.0480000000002,7.6000000000000005,4.057204129667899,0.12416118556135002,13.38167152293333,-4.000000000000001,5,1,0,0,0,0,6.8
202,0.2173913043478261,0.0,0.2173913043478261,0.13043478260869565,0.0,0.2173913043478261,0.0,0.0,0.0,0.0,0.2173913043478261,0.0,0.0,0.0,0.0,0.0,0.0,0.0,0.0,0.0,0.0,0.0,0.0,0.0,0.0,0.0,0.0,0.0,1.3499999999999999,1.7708695652173914,1591.095652173913,7.391304347826087,4.229927709038221,0.1233204748146333,13.242385524383806,-2.6843100189035916,5,1,0,0,0,0,6.6
203,0.20833333333333334,0.0,0.20833333333333334,0.16666666666666669,0.0,0.20833333333333334,0.0,0.0,0.0,0.0,0.20833333333333334,0.0,0.0,0.0,0.0,0.0,0.0,0.0,0.0,0.0,0.0,0.0,0.0,0.0,0.0,0.0,0.0,0.0,1.35,1.7766666666666666,1596.8000000000002,7.500000000000001,4.140866624999613,0.12388390622765418,13.351478225728336,-3.4027777777777795,5,1,0,0,0,0,6.7
204,0.1922899353647276,0.0,0.1922899353647276,0.23084025854108958,0.0,0.1922899353647276,0.0,0.0,0.0,0.0,0.1922899353647276,0.0,0.0,0.0,0.0,0.0,0.0,0.0,0.0,0.0,0.0,0.0,0.0,0.0,0.0,0.0,0.0,0.0,1.3499999999999999,1.7869344413665744,1606.9034903047093,7.692520775623269,3.978232286931485,0.12421339702799594,13.357838371498547,-4.4981285526592885,5,1,0,0,0,0,6.8
205,0.18516597510373445,0.0,0.18516597510373445,0.25933609958506226,0.0,0.18516597510373445,0.0,0.0,0.0,0.0,0.18516597510373445,0.0,0.0,0.0,0.0,0.0,0.0,0.0,0.0,0.0,0.0,0.0,0.0,0.0,0.0,0.0,0.0,0.0,1.3500000000000003,1.79149377593361,1611.3898755186722,7.778008298755188,3.90384399674534,0.12408732771326943,13.296045711437735,-4.911892443311927,5,1,0,0,0,0,6.9
206,0.16666666666666666,0.0,0.16666666666666666,0.16666666666666666,0.0,0.16666666666666666,0.0,0.0,0.0,0.16666666666666666,0.16666666666666666,0.0,0.0,0.0,0.0,0.0,0.0,0.0,0.0,0.0,0.0,0.0,0.0,0.0,0.0,0.0,0.0,0.0,1.3583333333333334,1.7416666666666667,1658.54,7.0,3.928297078179658,0.14484666221751727,14.897584106896662,-13.666666666666664,6,1,0,0,0,0,6.3
207,0.22497187851518557,0.0,0.1500562429696288,0.19999999999999998,0.0,0.0,0.0,0.0,0.0,0.22497187851518557,0.19999999999999998,0.0,0.0,0.0,0.0,0.0,0.0,0.0,0.0,0.0,0.0,0.0,0.0,0.0,0.0,0.0,0.0,0.0,1.346254218222722,1.7452643419572553,1535.5807716535433,6.97525309336333,4.184327117277667,0.1577613455803579,13.299962730804197,-19.952423989745935,5,0,1,0,0,0,5.9
208,0.22497187851518557,0.0,0.1500562429696288,0.19999999999999998,0.0,0.0,0.0,0.0,0.0,0.22497187851518557,0.19999999999999998,0.0,0.0,0.0,0.0,0.0,0.0,0.0,0.0,0.0,0.0,0.0,0.0,0.0,0.0,0.0,0.0,0.0,1.346254218222722,1.7452643419572553,1535.5807716535433,6.97525309336333,4.184327117277667,0.1577613455803579,13.299962730804197,-19.952423989745935,5,0,1,0,0,0,5.9
209,0.2,0.0,0.2,0.2,0.0,0.0,0.0,0.0,0.0,0.2,0.2,0.0,0.0,0.0,0.0,0.0,0.0,0.0,0.0,0.0,0.0,0.0,0.0,0.0,0.0,0.0,0.0,0.0,1.35,1.758,1554.248,7.2,4.057204129667899,0.15354478174135383,13.38167152293333,-17.6,5,0,1,0,0,0,6.1
210,0.25,0.0,0.0,0.25,0.0,0.0,0.0,0.0,0.0,0.25,0.25,0.0,0.0,0.0,0.0,0.0,0.0,0.0,0.0,0.0,0.0,0.0,0.0,0.0,0.0,0.0,0.0,0.0,1.3375,1.7400000000000002,1490.06,7.0,4.073737330411839,0.1668831926827863,11.52634446553133,-23.25,4,0,1,0,0,0,5.7
211,0.8012820512820511,0.0,0.0,0.0,0.0,0.0,0.0,0.0,0.0,0.0,0.04967948717948717,0.0,0.0,0.0,0.0,0.0,0.0,0.04967948717948717,0.04967948717948717,0.04967948717948717,0.0,0.0,0.0,0.0,0.0,0.0,0.0,0.0,1.2822916666666664,1.5801923076923075,918.2313141025638,3.6955128205128203,5.538052103523773,0.16600595121339565,6.436267338744413,-1.1330744575936877,5,0,1,0,0,0,2.9
212,0.8012820512820511,0.0,0.0,0.0,0.0,0.0,0.0,0.0,0.0,0.0,0.0,0.0,0.0,0.0,0.0,0.0,0.04967948717948717,0.04967948717948717,0.04967948717948717,0.04967948717948717,0.0,0.0,0.0,0.0,0.0,0.0,0.0,0.0,1.2872596153846152,1.5831730769230767,875.8701121794869,3.3477564102564097,6.110876312742329,0.17214668996205393,6.436267338744413,-0.5245007396449703,5,0,1,0,0,0,3.0
213,0.3125,0.0,0.0,0.0,0.0,0.0,0.0,0.0,0.0,0.0,0.0625,0.0,0.0,0.0,0.0,0.0,0.0,0.15625,0.3125,0.15625,0.0,0.0,0.0,0.0,0.0,0.0,0.0,0.0,1.38125,1.4421875,844.1278125000001,4.28125,7.503675996279184,0.25978036847258107,12.30836320105194,-3.30078125,5,0,1,0,0,0,2.7
214,0.3125,0.0,0.0,0.0,0.0,0.0,0.0,0.0,0.0,0.0,0.15625,0.0,0.0,0.0,0.0,0.0,0.0625,0.15625,0.3125,0.0,0.0,0.0,0.0,0.0,0.0,0.0,0.0,0.0,1.3875,1.485,894.7550000000001,3.6875,7.537477716523204,0.3087272258807117,12.30836320105194,-3.65234375,5,0,1,0,0,0,3.0
215,0.3125,0.0,0.0,0.0,0.0,0.0,0.0,0.0,0.0,0.0,0.0,0.0,0.0,0.0,0.0,0.0,0.0625,0.15625,0.3125,0.15625,0.0,0.0,0.0,0.0,0.0,0.0,0.0,0.0,1.3875,1.4459375,790.8346875000001,3.84375,7.537477716523204,0.26670277668923886,12.30836320105194,-3.88671875,5,0,1,0,0,0,2.9
216,0.2,0.0,0.0,0.0,0.0,0.0,0.0,0.0,0.0,0.0,0.0,0.0,0.0,0.0,0.0,0.0,0.2,0.2,0.2,0.2,0.0,0.0,0.0,0.0,0.0,0.0,0.0,0.0,1.4000000000000001,1.5020000000000002,701.584,4.4,6.388765649999398,0.33246954747765994,13.38167152293333,-6.08,5,0,1,0,0,0,3.9
217,0.059927191262951554,0.0,0.0,0.0,0.0,0.0,0.0,0.19994399327919352,0.0,0.2800336040324839,0.0,0.0,0.0400448053766452,0.2601512181461776,0.0,0.0,0.0,0.0,0.0,0.0,0.1598991879025483,0.0,0.0,0.0,0.0,0.0,0.0,0.0,1.4460235228227387,1.4987678521422572,2316.419372724727,4.339960795295435,5.393801458159745,0.10661248491838148,13.46317638955595,-4.85777986441543,6,0,0,1,0,0,7.7
218,0.059927191262951554,0.0,0.0,0.0,0.0,0.0,0.0,0.19994399327919352,0.0,0.2800336040324839,0.0,0.0,0.0400448053766452,0.2601512181461776,0.0,0.0,0.0,0.0,0.0,0.0,0.1598991879025483,0.0,0.0,0.0,0.0,0.0,0.0,0.0,1.4460235228227387,1.4987678521422572,2316.419372724727,4.339960795295435,5.393801458159745,0.10661248491838148,13.46317638955595,-4.85777986441543,6,0,0,1,0,0,7.7
219,0.059927191262951554,0.0,0.0,0.0,0.0,0.0,0.0,0.19994399327919352,0.0,0.2800336040324839,0.0,0.0,0.0400448053766452,0.2601512181461776,0.0,0.0,0.0,0.0,0.0,0.0,0.1598991879025483,0.0,0.0,0.0,0.0,0.0,0.0,0.0,1.4460235228227387,1.4987678521422572,2316.419372724727,4.339960795295435,5.393801458159745,0.10661248491838148,13.46317638955595,-4.85777986441543,6,0,0,1,0,0,7.7
220,0.05992719126295155,0.0,0.0,0.0,0.0,0.0,0.0,0.1999439932791935,0.0,0.2800336040324839,0.0,0.0,0.0,0.26015121814617753,0.0,0.0,0.0,0.0,0.0,0.0,0.1999439932791935,0.0,0.0,0.0,0.0,0.0,0.0,0.0,1.4500280033604032,1.4935620274432932,2360.748972276673,4.339960795295435,5.206080297182985,0.10319658631616282,12.630645075513511,-4.402675305074693,5,0,0,1,0,0,8.1
221,0.05992719126295155,0.0,0.0,0.0,0.0,0.0,0.0,0.1999439932791935,0.0,0.2800336040324839,0.0,0.0,0.0,0.26015121814617753,0.0,0.0,0.0,0.0,0.0,0.0,0.1999439932791935,0.0,0.0,0.0,0.0,0.0,0.0,0.0,1.4500280033604032,1.4935620274432932,2360.748972276673,4.339960795295435,5.206080297182985,0.10319658631616282,12.630645075513511,-4.402675305074693,5,0,0,1,0,0,8.1
222,0.05992719126295155,0.0,0.0,0.0,0.0,0.0,0.0,0.1999439932791935,0.0,0.2800336040324839,0.0,0.0,0.0,0.26015121814617753,0.0,0.0,0.0,0.0,0.0,0.0,0.1999439932791935,0.0,0.0,0.0,0.0,0.0,0.0,0.0,1.4500280033604032,1.4935620274432932,2360.748972276673,4.339960795295435,5.206080297182985,0.10319658631616282,12.630645075513511,-4.402675305074693,5,0,0,1,0,0,8.1
223,0.08,0.0,0.0,0.0,0.0,0.0,0.0,0.2,0.0,0.2,0.0,0.0,0.0,0.2,0.0,0.0,0.0,0.0,0.0,0.0,0.2,0.12,0.0,0.0,0.0,0.0,0.0,0.0,1.456,1.4788000000000001,2397.1976,4.32,5.690196477254939,0.11583850827768805,14.500822624003021,-6.329599999999999,6,0,0,1,0,0,9.1
224,0.08,0.0,0.0,0.0,0.0,0.0,0.0,0.2,0.0,0.2,0.0,0.0,0.0,0.2,0.0,0.0,0.0,0.0,0.0,0.0,0.2,0.12,0.0,0.0,0.0,0.0,0.0,0.0,1.456,1.4788000000000001,2397.1976,4.32,5.690196477254939,0.11583850827768805,14.500822624003021,-6.329599999999999,6,0,0,1,0,0,9.1
225,0.08,0.0,0.0,0.0,0.0,0.0,0.0,0.2,0.0,0.2,0.0,0.0,0.0,0.2,0.0,0.0,0.0,0.0,0.0,0.0,0.2,0.12,0.0,0.0,0.0,0.0,0.0,0.0,1.456,1.4788000000000001,2397.1976,4.32,5.690196477254939,0.11583850827768805,14.500822624003021,-6.329599999999999,6,0,0,1,0,0,9.1
226,0.09990999099909992,0.0,0.0,0.0,0.0,0.0,0.0,0.20012001200120014,0.0,0.3000300030003,0.0,0.0,0.03990399039903991,0.20012001200120014,0.0,0.0,0.0,0.0,0.0,0.0,0.15991599159915992,0.0,0.0,0.0,0.0,0.0,0.0,0.0,1.431038103810381,1.5141704170417043,2265.0406570657065,4.3000300030003,5.756955642035681,0.09973567105777265,13.776673437004607,-8.609016437197276,6,0,0,1,0,0,7.6
227,0.09990999099909992,0.0,0.0,0.0,0.0,0.0,0.0,0.20012001200120014,0.0,0.3000300030003,0.0,0.0,0.03990399039903991,0.20012001200120014,0.0,0.0,0.0,0.0,0.0,0.0,0.15991599159915992,0.0,0.0,0.0,0.0,0.0,0.0,0.0,1.431038103810381,1.5141704170417043,2265.0406570657065,4.3000300030003,5.756955642035681,0.09973567105777265,13.776673437004607,-8.609016437197276,6,0,0,1,0,0,7.6
228,0.09990999099909992,0.0,0.0,0.0,0.0,0.0,0.0,0.20012001200120014,0.0,0.3000300030003,0.0,0.0,0.03990399039903991,0.20012001200120014,0.0,0.0,0.0,0.0,0.0,0.0,0.15991599159915992,0.0,0.0,0.0,0.0,0.0,0.0,0.0,1.431038103810381,1.5141704170417043,2265.0406570657065,4.3000300030003,5.756955642035681,0.09973567105777265,13.776673437004607,-8.609016437197276,6,0,0,1,0,0,7.6
229,0.2,0.0,0.0,0.0,0.0,0.0,0.0,0.2,0.1,0.2,0.0,0.0,0.0,0.2,0.0,0.0,0.0,0.0,0.0,0.0,0.1,0.0,0.0,0.0,0.0,0.0,0.0,0.0,1.4200000000000002,1.582,2169.0940000000005,4.3,6.899971106431485,0.2176143377629333,14.534305969486462,-16.84,6,0,0,1,0,0,7.1
230,0.2,0.0,0.0,0.0,0.0,0.0,0.0,0.2,0.1,0.2,0.0,0.0,0.0,0.2,0.0,0.0,0.0,0.0,0.0,0.0,0.1,0.0,0.0,0.0,0.0,0.0,0.0,0.0,1.4200000000000002,1.582,2169.0940000000005,4.3,6.899971106431485,0.2176143377629333,14.534305969486462,-16.84,6,0,0,1,0,0,7.1
231,0.2,0.0,0.0,0.0,0.0,0.0,0.0,0.2,0.1,0.2,0.0,0.0,0.0,0.2,0.0,0.0,0.0,0.0,0.0,0.0,0.1,0.0,0.0,0.0,0.0,0.0,0.0,0.0,1.4200000000000002,1.582,2169.0940000000005,4.3,6.899971106431485,0.2176143377629333,14.534305969486462,-16.84,6,0,0,1,0,0,7.1
232,0.2,0.0,0.0,0.0,0.0,0.0,0.0,0.2,0.1,0.2,0.0,0.0,0.0,0.2,0.0,0.0,0.0,0.0,0.0,0.0,0.1,0.0,0.0,0.0,0.0,0.0,0.0,0.0,1.4200000000000002,1.582,2169.0940000000005,4.3,6.899971106431485,0.2176143377629333,14.534305969486462,-16.84,6,0,0,1,0,0,7.1
233,0.2001200120012001,0.0,0.0,0.0,0.0,0.0,0.0,0.3000300030003,0.0,0.3000300030003,0.0,0.0,0.0,0.0999099909990999,0.0,0.0,0.0,0.0,0.0,0.0,0.0999099909990999,0.0,0.0,0.0,0.0,0.0,0.0,0.0,1.404965496549655,1.547032703270327,2135.559102910291,4.1998199819982,6.256162319481207,0.08109946820403546,12.510321417228871,-15.127102629254823,5,0,0,1,0,0,6.8
234,0.2001200120012001,0.0,0.0,0.0,0.0,0.0,0.0,0.3000300030003,0.0,0.3000300030003,0.0,0.0,0.0,0.0999099909990999,0.0,0.0,0.0,0.0,0.0,0.0,0.0999099909990999,0.0,0.0,0.0,0.0,0.0,0.0,0.0,1.404965496549655,1.547032703270327,2135.559102910291,4.1998199819982,6.256162319481207,0.08109946820403546,12.510321417228871,-15.127102629254823,5,0,0,1,0,0,6.8
235,0.2001200120012001,0.0,0.0,0.0,0.0,0.0,0.0,0.3000300030003,0.0,0.3000300030003,0.0,0.0,0.0,0.0999099909990999,0.0,0.0,0.0,0.0,0.0,0.0,0.0999099909990999,0.0,0.0,0.0,0.0,0.0,0.0,0.0,1.404965496549655,1.547032703270327,2135.559102910291,4.1998199819982,6.256162319481207,0.08109946820403546,12.510321417228871,-15.127102629254823,5,0,0,1,0,0,6.8
236,0.05660377358490566,0.0,0.0,0.0,0.0,0.0,0.0,0.18867924528301888,0.0,0.18867924528301888,0.0,0.0,0.0,0.18867924528301888,0.0,0.0,0.0,0.0,0.0,0.0,0.18867924528301888,0.18867924528301888,0.0,0.0,0.0,0.0,0.0,0.0,1.4669811320754718,1.4628301886792454,2433.026603773585,4.320754716981132,5.376605779055559,0.12038268161176621,14.432776579241523,-3.987184051263795,6,0,1,0,0,0,9.5
237,0.09090909090909091,0.0,0.0,0.0,0.0,0.0,0.0,0.18181818181818182,0.0,0.18181818181818182,0.0,0.0,0.0,0.18181818181818182,0.0,0.0,0.0,0.0,0.0,0.0,0.18181818181818182,0.18181818181818182,0.0,0.0,0.0,0.0,0.0,0.0,1.459090909090909,1.4681818181818183,2378.497272727273,4.272727272727273,5.99233148338671,0.12134235427973517,14.69805276134963,-7.669421487603306,6,0,1,0,0,0,9.3
238,0.13043478260869565,0.0,0.0,0.0,0.0,0.0,0.0,0.17391304347826086,0.0,0.17391304347826086,0.0,0.0,0.0,0.17391304347826086,0.0,0.0,0.0,0.0,0.0,0.0,0.17391304347826086,0.17391304347826086,0.0,0.0,0.0,0.0,0.0,0.0,1.45,1.4743478260869567,2315.6699999999996,4.217391304347826,6.58988335107524,0.12214838043584611,14.855713400385541,-11.553875236294894,6,0,1,0,0,0,9.1
239,0.16666666666666666,0.0,0.0,0.0,0.0,0.0,0.0,0.16666666666666666,0.0,0.16666666666666666,0.0,0.0,0.0,0.16666666666666666,0.0,0.0,0.0,0.0,0.0,0.0,0.16666666666666666,0.16666666666666666,0.0,0.0,0.0,0.0,0.0,0.0,1.4416666666666664,1.48,2258.0783333333334,4.166666666666667,7.055812494643764,0.12261049438499681,14.897584106896662,-14.777777777777777,6,0,1,0,0,0,8.9
240,0.0,0.0,0.0,0.0,0.0,0.0,0.0,0.2,0.0,0.2,0.0,0.0,0.0,0.2,0.0,0.0,0.0,0.0,0.0,0.0,0.2,0.2,0.0,0.0,0.0,0.0,0.0,0.0,1.48,1.4540000000000002,2523.0,4.4,4.054054054054058,0.11825396399275587,13.38167152293333,2.7200000000000006,5,0,1,0,0,0,9.9
241,0.058823529411764705,0.0,0.0,0.0,0.0,0.0,0.0,0.23529411764705882,0.23529411764705882,0.23529411764705882,0.0,0.0,0.23529411764705882,0.0,0.0,0.0,0.0,0.0,0.0,0.0,0.0,0.0,0.0,0.0,0.0,0.0,0.0,0.0,1.4029411764705881,1.7252941176470589,2353.7335294117647,4.882352941176471,3.955547644468179,0.2432166220872159,12.70842814630239,-6.256055363321799,5,0,1,0,0,0,7.1
242,0.1111111111111111,0.0,0.0,0.0,0.0,0.0,0.0,0.2222222222222222,0.2222222222222222,0.2222222222222222,0.0,0.0,0.2222222222222222,0.0,0.0,0.0,0.0,0.0,0.0,0.0,0.0,0.0,0.0,0.0,0.0,0.0,0.0,0.0,1.3944444444444444,1.718888888888889,2274.8299999999995,4.777777777777778,4.611887212267016,0.2378348841082095,13.146003985803628,-8.987654320987652,5,0,1,0,0,0,6.8
243,0.15789473684210525,0.0,0.0,0.0,0.0,0.0,0.0,0.21052631578947367,0.21052631578947367,0.21052631578947367,0.0,0.0,0.21052631578947367,0.0,0.0,0.0,0.0,0.0,0.0,0.0,0.0,0.0,0.0,0.0,0.0,0.0,0.0,0.0,1.3868421052631579,1.7131578947368422,2204.232105263158,4.684210526315789,5.077452812242746,0.23276490582783643,13.332866993811251,-11.124653739612189,5,0,1,0,0,0,6.6
244,0.2,0.0,0.0,0.0,0.0,0.0,0.0,0.2,0.2,0.2,0.0,0.0,0.2,0.0,0.0,0.0,0.0,0.0,0.0,0.0,0.0,0.0,0.0,0.0,0.0,0.0,0.0,0.0,1.3800000000000001,1.7080000000000004,2140.694,4.6000000000000005,5.422691864889765,0.22798245546532747,13.38167152293333,-12.8,5,0,1,0,0,0,6.4
245,0.0,0.0,0.0,0.0,0.0,0.0,0.0,0.25,0.25,0.25,0.0,0.0,0.25,0.0,0.0,0.0,0.0,0.0,0.0,0.0,0.0,0.0,0.0,0.0,0.0,0.0,0.0,0.0,1.4125,1.7325000000000002,2442.5,5.0,2.9350661861552125,0.2489352325405145,11.52634446553133,-2.75,4,0,1,0,0,0,7.3
246,0.058823529411764705,0.0,0.0,0.0,0.0,0.0,0.0,0.23529411764705882,0.0,0.23529411764705882,0.0,0.0,0.23529411764705882,0.0,0.0,0.0,0.0,0.0,0.0,0.0,0.23529411764705882,0.0,0.0,0.0,0.0,0.0,0.0,0.0,1.4029411764705881,1.57,2446.439411764706,4.647058823529411,3.955547644468179,0.05017616026384968,12.70842814630239,-4.816608996539792,5,0,1,0,0,0,8.8
247,0.1111111111111111,0.0,0.0,0.0,0.0,0.0,0.0,0.2222222222222222,0.0,0.2222222222222222,0.0,0.0,0.2222222222222222,0.0,0.0,0.0,0.0,0.0,0.0,0.0,0.2222222222222222,0.0,0.0,0.0,0.0,0.0,0.0,0.0,1.3944444444444444,1.5722222222222222,2362.385555555555,4.555555555555555,4.611887212267016,0.04961580791503578,13.146003985803628,-8.395061728395062,5,0,1,0,0,0,8.5
248,0.2,0.0,0.0,0.0,0.0,0.0,0.0,0.2,0.0,0.2,0.0,0.0,0.2,0.0,0.0,0.0,0.0,0.0,0.0,0.0,0.2,0.0,0.0,0.0,0.0,0.0,0.0,0.0,1.3800000000000001,1.5760000000000003,2219.494,4.4,5.422691864889765,0.04841487374764081,13.38167152293333,-13.440000000000001,5,0,1,0,0,0,7.9
249,0.0,0.0,0.0,0.0,0.0,0.0,0.0,0.25,0.0,0.25,0.0,0.0,0.25,0.0,0.0,0.0,0.0,0.0,0.0,0.0,0.25,0.0,0.0,0.0,0.0,0.0,0.0,0.0,1.4124999999999999,1.5675,2541.0,4.75,2.9350661861552174,0.050682837331783206,11.52634446553133,-0.25,4,0,1,0,0,0,9.2
250,0.25,0.0,0.0,0.0,0.0,0.0,0.0,0.25,0.0,0.25,0.0,0.0,0.25,0.0,0.0,0.0,0.0,0.0,0.0,0.0,0.0,0.0,0.0,0.0,0.0,0.0,0.0,0.0,1.3624999999999998,1.595,1951.8675,4.25,5.427596131284047,0.03354101966249681,11.52634446553133,-16.25,4,1,0,0,0,0,5.5
251,0.25,0.0,0.0,0.0,0.0,0.0,0.0,0.25,0.0,0.25,0.0,0.0,0.25,0.0,0.0,0.0,0.0,0.0,0.0,0.0,0.0,0.0,0.0,0.0,0.0,0.0,0.0,0.0,1.3624999999999998,1.595,1951.8675,4.25,5.427596131284047,0.03354101966249681,11.52634446553133,-16.25,4,1,0,0,0,0,5.5
252,0.25,0.0,0.0,0.0,0.0,0.0,0.0,0.25,0.0,0.25,0.0,0.0,0.25,0.0,0.0,0.0,0.0,0.0,0.0,0.0,0.0,0.0,0.0,0.0,0.0,0.0,0.0,0.0,1.3624999999999998,1.595,1951.8675,4.25,5.427596131284047,0.03354101966249681,11.52634446553133,-16.25,4,1,0,0,0,0,5.5
253,0.25,0.0,0.0,0.0,0.0,0.0,0.0,0.25,0.0,0.25,0.0,0.0,0.25,0.0,0.0,0.0,0.0,0.0,0.0,0.0,0.0,0.0,0.0,0.0,0.0,0.0,0.0,0.0,1.3624999999999998,1.595,1951.8675,4.25,5.427596131284047,0.03354101966249681,11.52634446553133,-16.25,4,1,0,0,0,0,5.5
254,0.0,0.0,0.0,0.0,0.0,0.2,0.0,0.2,0.1,0.2,0.0,0.0,0.0,0.2,0.0,0.0,0.0,0.0,0.0,0.0,0.1,0.0,0.0,0.0,0.0,0.0,0.0,0.0,1.45,1.592,2418.4,4.9,3.7773969483114977,0.21980900800467668,14.534305969486462,-4.920000000000001,6,0,0,1,0,0,8.0
255,0.0,0.0,0.0,0.0,0.0,0.2,0.0,0.2,0.1,0.2,0.0,0.0,0.0,0.2,0.0,0.0,0.0,0.0,0.0,0.0,0.1,0.0,0.0,0.0,0.0,0.0,0.0,0.0,1.45,1.592,2418.4,4.9,3.7773969483114977,0.21980900800467668,14.534305969486462,-4.920000000000001,6,0,0,1,0,0,8.0
256,0.0,0.0,0.0,0.0,0.0,0.2,0.0,0.2,0.1,0.2,0.0,0.0,0.0,0.2,0.0,0.0,0.0,0.0,0.0,0.0,0.1,0.0,0.0,0.0,0.0,0.0,0.0,0.0,1.45,1.592,2418.4,4.9,3.7773969483114977,0.21980900800467668,14.534305969486462,-4.920000000000001,6,0,0,1,0,0,8.0
257,0.0,0.0,0.0,0.0,0.0,0.2,0.0,0.2,0.1,0.2,0.0,0.0,0.0,0.2,0.0,0.0,0.0,0.0,0.0,0.0,0.1,0.0,0.0,0.0,0.0,0.0,0.0,0.0,1.45,1.592,2418.4,4.9,3.7773969483114977,0.21980900800467668,14.534305969486462,-4.920000000000001,6,0,0,1,0,0,8.0
258,0.0,0.0,0.0,0.0,0.0,0.2,0.0,0.2,0.0,0.2,0.0,0.0,0.2,0.2,0.0,0.0,0.0,0.0,0.0,0.0,0.0,0.0,0.0,0.0,0.0,0.0,0.0,0.0,1.4300000000000002,1.552,2236.4,4.8,4.742888100087595,0.11788129622633096,13.38167152293333,-4.64,5,0,0,1,0,0,6.6
259,0.0,0.0,0.0,0.0,0.0,0.2,0.0,0.2,0.0,0.2,0.0,0.0,0.2,0.2,0.0,0.0,0.0,0.0,0.0,0.0,0.0,0.0,0.0,0.0,0.0,0.0,0.0,0.0,1.4300000000000002,1.552,2236.4,4.8,4.742888100087595,0.11788129622633096,13.38167152293333,-4.64,5,0,0,1,0,0,6.6
260,0.0,0.0,0.0,0.0,0.0,0.2,0.0,0.2,0.0,0.2,0.0,0.0,0.2,0.2,0.0,0.0,0.0,0.0,0.0,0.0,0.0,0.0,0.0,0.0,0.0,0.0,0.0,0.0,1.4300000000000002,1.552,2236.4,4.8,4.742888100087595,0.11788129622633096,13.38167152293333,-4.64,5,0,0,1,0,0,6.6
261,0.0,0.0,0.0,0.0,0.0,0.2,0.0,0.2,0.0,0.2,0.0,0.0,0.2,0.2,0.0,0.0,0.0,0.0,0.0,0.0,0.0,0.0,0.0,0.0,0.0,0.0,0.0,0.0,1.4300000000000002,1.552,2236.4,4.8,4.742888100087595,0.11788129622633096,13.38167152293333,-4.64,5,0,0,1,0,0,6.6
262,0.0,0.0,0.0,0.0,0.0,0.25,0.0,0.25,0.0,0.25,0.0,0.0,0.0,0.25,0.0,0.0,0.0,0.0,0.0,0.0,0.0,0.0,0.0,0.0,0.0,0.0,0.0,0.0,1.45,1.5325,2249.75,4.75,4.223258177212384,0.12437342963832745,11.52634446553133,-5.0,4,0,0,1,0,0,6.6
263,0.0,0.0,0.0,0.0,0.0,0.25,0.0,0.25,0.0,0.25,0.0,0.0,0.0,0.25,0.0,0.0,0.0,0.0,0.0,0.0,0.0,0.0,0.0,0.0,0.0,0.0,0.0,0.0,1.45,1.5325,2249.75,4.75,4.223258177212384,0.12437342963832745,11.52634446553133,-5.0,4,0,0,1,0,0,6.6
264,0.0,0.0,0.0,0.0,0.0,0.25,0.0,0.25,0.0,0.25,0.0,0.0,0.0,0.25,0.0,0.0,0.0,0.0,0.0,0.0,0.0,0.0,0.0,0.0,0.0,0.0,0.0,0.0,1.45,1.5325,2249.75,4.75,4.223258177212384,0.12437342963832745,11.52634446553133,-5.0,4,0,0,1,0,0,6.6
265,0.0,0.0,0.0,0.0,0.0,0.25,0.0,0.25,0.0,0.25,0.0,0.0,0.0,0.25,0.0,0.0,0.0,0.0,0.0,0.0,0.0,0.0,0.0,0.0,0.0,0.0,0.0,0.0,1.45,1.5325,2249.75,4.75,4.223258177212384,0.12437342963832745,11.52634446553133,-5.0,4,0,0,1,0,0,6.6
266,0.0,0.0,0.0,0.0,0.0,0.0,0.0,0.2,0.0,0.2,0.0,0.0,0.4,0.2,0.0,0.0,0.0,0.0,0.0,0.0,0.0,0.0,0.0,0.0,0.0,0.0,0.0,0.0,1.4200000000000002,1.546,2237.0,4.6000000000000005,5.269939981371746,0.11288932633336063,11.076402629827063,-1.2800000000000002,4,0,0,1,0,0,6.4
267,0.0,0.0,0.0,0.0,0.0,0.0,0.0,0.2,0.0,0.2,0.0,0.0,0.4,0.2,0.0,0.0,0.0,0.0,0.0,0.0,0.0,0.0,0.0,0.0,0.0,0.0,0.0,0.0,1.4200000000000002,1.546,2237.0,4.6000000000000005,5.269939981371746,0.11288932633336063,11.076402629827063,-1.2800000000000002,4,0,0,1,0,0,6.4
268,0.0,0.0,0.0,0.0,0.0,0.0,0.0,0.2,0.0,0.2,0.0,0.0,0.4,0.2,0.0,0.0,0.0,0.0,0.0,0.0,0.0,0.0,0.0,0.0,0.0,0.0,0.0,0.0,1.4200000000000002,1.546,2237.0,4.6000000000000005,5.269939981371746,0.11288932633336063,11.076402629827063,-1.2800000000000002,4,0,0,1,0,0,6.4
269,0.0,0.0,0.0,0.0,0.0,0.0,0.0,0.2,0.0,0.2,0.0,0.0,0.4,0.2,0.0,0.0,0.0,0.0,0.0,0.0,0.0,0.0,0.0,0.0,0.0,0.0,0.0,0.0,1.4200000000000002,1.546,2237.0,4.6000000000000005,5.269939981371746,0.11288932633336063,11.076402629827063,-1.2800000000000002,4,0,0,1,0,0,6.4
270,0.0,0.0,0.0,0.0,0.0,0.0,0.0,0.25,0.0,0.25,0.0,0.0,0.25,0.25,0.0,0.0,0.0,0.0,0.0,0.0,0.0,0.0,0.0,0.0,0.0,0.0,0.0,0.0,1.4374999999999998,1.525,2250.5,4.5,5.144417202695319,0.11715374513859979,11.52634446553133,-0.25,4,0,0,1,0,0,6.5
271,0.0,0.0,0.0,0.0,0.0,0.0,0.0,0.25,0.0,0.25,0.0,0.0,0.25,0.25,0.0,0.0,0.0,0.0,0.0,0.0,0.0,0.0,0.0,0.0,0.0,0.0,0.0,0.0,1.4374999999999998,1.525,2250.5,4.5,5.144417202695319,0.11715374513859979,11.52634446553133,-0.25,4,0,0,1,0,0,6.5
272,0.0,0.0,0.0,0.0,0.0,0.0,0.0,0.25,0.0,0.25,0.0,0.0,0.25,0.25,0.0,0.0,0.0,0.0,0.0,0.0,0.0,0.0,0.0,0.0,0.0,0.0,0.0,0.0,1.4374999999999998,1.525,2250.5,4.5,5.144417202695319,0.11715374513859979,11.52634446553133,-0.25,4,0,0,1,0,0,6.5
273,0.0,0.0,0.0,0.0,0.0,0.0,0.0,0.25,0.0,0.25,0.0,0.0,0.25,0.25,0.0,0.0,0.0,0.0,0.0,0.0,0.0,0.0,0.0,0.0,0.0,0.0,0.0,0.0,1.4374999999999998,1.525,2250.5,4.5,5.144417202695319,0.11715374513859979,11.52634446553133,-0.25,4,0,0,1,0,0,6.5
274,0.0,0.0,0.0,0.0,0.0,0.0,0.0,0.25,0.125,0.25,0.0,0.0,0.0,0.25,0.0,0.0,0.0,0.0,0.0,0.0,0.0,0.125,0.0,0.0,0.0,0.0,0.0,0.0,1.475,1.5500000000000003,2380.0,4.5,4.151677530140978,0.25898841672939743,12.967137523722748,-0.25,5,0,1,0,0,0,7.9
275,0.0,0.0,0.0,0.0,0.0,0.0,0.0,0.24390243902439027,0.12195121951219513,0.24390243902439027,0.0,0.02439024390243903,0.0,0.24390243902439027,0.0,0.0,0.0,0.0,0.0,0.0,0.0,0.12195121951219513,0.0,0.0,0.0,0.0,0.0,0.0,1.4560975609756097,1.5743902439024393,2414.6341463414637,4.487804878048782,9.201302490433681,0.2987212484826991,13.604250365678748,-10.6365258774539,6,0,1,0,0,0,7.8
276,0.0,0.0,0.0,0.0,0.0,0.0,0.0,0.23255813953488372,0.11627906976744186,0.23255813953488372,0.0,0.06976744186046512,0.0,0.23255813953488372,0.0,0.0,0.0,0.0,0.0,0.0,0.0,0.11627906976744186,0.0,0.0,0.0,0.0,0.0,0.0,1.4209302325581397,1.6197674418604653,2479.06976744186,4.465116279069767,14.503164145082092,0.35678466160125355,14.166329442801661,-28.577609518658733,6,0,1,0,0,0,7.7
277,0.0,0.0,0.0,0.0,0.0,0.0,0.0,0.19047619047619047,0.047619047619047616,0.19047619047619047,0.0,0.0,0.0,0.19047619047619047,0.0,0.0,0.0,0.0,0.0,0.0,0.19047619047619047,0.19047619047619047,0.0,0.0,0.0,0.0,0.0,0.0,1.4785714285714284,1.4876190476190476,2540.7619047619046,4.476190476190476,3.983676932963933,0.18953338094998218,14.336210888897757,1.5600907029478455,6,0,1,0,0,0,9.9
278,0.0,0.0,0.0,0.0,0.0,0.0,0.0,0.18181818181818182,0.09090909090909091,0.18181818181818182,0.0,0.0,0.0,0.18181818181818182,0.0,0.0,0.0,0.0,0.0,0.0,0.18181818181818182,0.18181818181818182,0.0,0.0,0.0,0.0,0.0,0.0,1.4772727272727273,1.5181818181818183,2556.909090909091,4.545454545454546,3.9162837111870337,0.23217619413705393,14.69805276134963,0.5950413223140496,6,0,1,0,0,0,9.9
279,0.0,0.0,0.0,0.0,0.0,0.0,0.0,0.17391304347826086,0.13043478260869565,0.17391304347826086,0.0,0.0,0.0,0.17391304347826086,0.0,0.0,0.0,0.0,0.0,0.0,0.17391304347826086,0.17391304347826086,0.0,0.0,0.0,0.0,0.0,0.0,1.476086956521739,1.5460869565217392,2571.652173913043,4.608695652173912,3.8517516437767454,0.26209422684010264,14.855713400385541,-0.2117202268431002,6,0,1,0,0,0,9.9
280,0.0,0.0,0.0,0.0,0.0,0.0,0.0,0.16666666666666666,0.16666666666666666,0.16666666666666666,0.0,0.0,0.0,0.16666666666666666,0.0,0.0,0.0,0.0,0.0,0.0,0.16666666666666666,0.16666666666666666,0.0,0.0,0.0,0.0,0.0,0.0,1.4749999999999999,1.5716666666666665,2585.1666666666665,4.666666666666667,3.789945724575917,0.28439506949937715,14.897584106896662,-0.888888888888889,6,0,1,0,0,0,9.9
281,0.0,0.0,0.0,0.0,0.0,0.0,0.0,0.2,0.0,0.2,0.0,0.0,0.0,0.2,0.0,0.0,0.0,0.0,0.0,0.0,0.2,0.2,0.0,0.0,0.0,0.0,0.0,0.0,1.48,1.4540000000000002,2523.0,4.4,4.054054054054058,0.11825396399275587,13.38167152293333,2.7200000000000006,5,0,1,0,0,0,9.9
282,0.0,0.0,0.0,0.0,0.0,0.0,0.0,0.16666666666666666,0.16666666666666666,0.16666666666666666,0.0,0.0,0.0,0.16666666666666666,0.0,0.0,0.0,0.0,0.0,0.0,0.16666666666666666,0.16666666666666666,0.0,0.0,0.0,0.0,0.0,0.0,1.4749999999999999,1.5716666666666665,2585.1666666666665,4.666666666666667,3.789945724575917,0.28439506949937715,14.897584106896662,-0.888888888888889,6,0,1,0,0,0,9.9
283,0.0,0.0,0.0,0.0,0.0,0.0,0.0,0.16666666666666666,0.16666666666666666,0.16666666666666666,0.0,0.0,0.0,0.16666666666666666,0.0,0.0,0.0,0.0,0.0,0.0,0.16666666666666666,0.16666666666666666,0.0,0.0,0.0,0.0,0.0,0.0,1.4749999999999999,1.5716666666666665,2585.1666666666665,4.666666666666667,3.789945724575917,0.28439506949937715,14.897584106896662,-0.888888888888889,6,0,1,0,0,0,9.9
284,0.0,0.0,0.0,0.0,0.0,0.0,0.0,0.16666666666666666,0.16666666666666666,0.16666666666666666,0.0,0.0,0.0,0.16666666666666666,0.0,0.0,0.0,0.0,0.0,0.0,0.16666666666666666,0.16666666666666666,0.0,0.0,0.0,0.0,0.0,0.0,1.4749999999999999,1.5716666666666665,2585.1666666666665,4.666666666666667,3.789945724575917,0.28439506949937715,14.897584106896662,-0.888888888888889,6,0,1,0,0,0,9.9
285,0.0,0.0,0.0,0.0,0.0,0.0,0.0,0.16666666666666666,0.16666666666666666,0.16666666666666666,0.0,0.0,0.0,0.16666666666666666,0.0,0.0,0.0,0.0,0.0,0.0,0.16666666666666666,0.16666666666666666,0.0,0.0,0.0,0.0,0.0,0.0,1.4749999999999999,1.5716666666666665,2585.1666666666665,4.666666666666667,3.789945724575917,0.28439506949937715,14.897584106896662,-0.888888888888889,6,0,1,0,0,0,9.9
286,0.0,0.0,0.0,0.0,0.0,0.0,0.0,0.0,0.2,0.2,0.0,0.0,0.0,0.2,0.0,0.0,0.0,0.0,0.0,0.0,0.2,0.2,0.0,0.0,0.0,0.0,0.0,0.0,1.48,1.5660000000000003,2552.2000000000003,4.6,4.054054054054058,0.31122981862283056,13.38167152293333,-1.92,5,0,1,0,0,0,10.2
287,0.0,0.0,0.0,0.0,0.0,0.0,0.0,0.0,0.2,0.2,0.0,0.0,0.0,0.2,0.0,0.0,0.0,0.0,0.0,0.0,0.2,0.2,0.0,0.0,0.0,0.0,0.0,0.0,1.48,1.5660000000000003,2552.2000000000003,4.6,4.054054054054058,0.31122981862283056,13.38167152293333,-1.92,5,0,1,0,0,0,10.2
288,0.0,0.0,0.0,0.0,0.0,0.0,0.0,0.0,0.2,0.2,0.0,0.0,0.0,0.2,0.0,0.0,0.0,0.0,0.0,0.0,0.2,0.2,0.0,0.0,0.0,0.0,0.0,0.0,1.48,1.5660000000000003,2552.2000000000003,4.6,4.054054054054058,0.31122981862283056,13.38167152293333,-1.92,5,0,1,0,0,0,10.2
289,0.0,0.0,0.0,0.0,0.0,0.0,0.0,0.0,0.2,0.2,0.0,0.0,0.0,0.2,0.0,0.0,0.0,0.0,0.0,0.0,0.2,0.2,0.0,0.0,0.0,0.0,0.0,0.0,1.48,1.5660000000000003,2552.2000000000003,4.6,4.054054054054058,0.31122981862283056,13.38167152293333,-1.92,5,0,1,0,0,0,10.2
290,0.0,0.0,0.0,0.0,0.0,0.0,0.0,0.2,0.2,0.2,0.0,0.0,0.0,0.2,0.0,0.0,0.0,0.0,0.0,0.0,0.0,0.2,0.0,0.0,0.0,0.0,0.0,0.0,1.48,1.586,2444.2000000000003,4.6,4.054054054054058,0.3095545186231337,13.38167152293333,-1.6000000000000003,5,1,0,0,0,0,8.7
291,0.0,0.0,0.0,0.0,0.0,0.0,0.0,0.2,0.2,0.2,0.0,0.0,0.0,0.2,0.0,0.0,0.0,0.0,0.0,0.0,0.0,0.2,0.0,0.0,0.0,0.0,0.0,0.0,1.48,1.586,2444.2000000000003,4.6,4.054054054054058,0.3095545186231337,13.38167152293333,-1.6000000000000003,5,1,0,0,0,0,8.7
292,0.0,0.0,0.0,0.0,0.0,0.0,0.0,0.2,0.2,0.2,0.0,0.0,0.0,0.2,0.0,0.0,0.0,0.0,0.0,0.0,0.0,0.2,0.0,0.0,0.0,0.0,0.0,0.0,1.48,1.586,2444.2000000000003,4.6,4.054054054054058,0.3095545186231337,13.38167152293333,-1.6000000000000003,5,1,0,0,0,0,8.7
293,0.0,0.0,0.0,0.0,0.0,0.0,0.0,0.2,0.2,0.2,0.0,0.0,0.0,0.2,0.0,0.0,0.0,0.0,0.0,0.0,0.0,0.2,0.0,0.0,0.0,0.0,0.0,0.0,1.48,1.586,2444.2000000000003,4.6,4.054054054054058,0.3095545186231337,13.38167152293333,-1.6000000000000003,5,1,0,0,0,0,8.7
294,0.0,0.0,0.0,0.0,0.0,0.0,0.0,0.2,0.2,0.2,0.0,0.0,0.0,0.2,0.0,0.0,0.0,0.0,0.0,0.0,0.0,0.2,0.0,0.0,0.0,0.0,0.0,0.0,1.48,1.586,2444.2000000000003,4.6,4.054054054054058,0.3095545186231337,13.38167152293333,-1.6000000000000003,5,0,1,0,0,0,8.7
295,0.0,0.0,0.0,0.0,0.1111111111111111,0.0,0.0,0.2222222222222222,0.0,0.2222222222222222,0.0,0.0,0.2222222222222222,0.0,0.0,0.0,0.0,0.0,0.0,0.0,0.0,0.2222222222222222,0.0,0.0,0.0,0.0,0.0,0.0,1.4,1.56,2271.8888888888887,4.444444444444445,9.06639655459989,0.17146428199482242,13.146003985803628,-24.197530864197528,5,0,1,0,0,0,7.8
296,0.0,0.0,0.0,0.0,0.1111111111111111,0.0,0.0,0.2222222222222222,0.0,0.2222222222222222,0.0,0.0,0.2222222222222222,0.0,0.0,0.0,0.0,0.0,0.0,0.0,0.0,0.2222222222222222,0.0,0.0,0.0,0.0,0.0,0.0,1.4,1.56,2271.8888888888887,4.444444444444445,9.06639655459989,0.17146428199482242,13.146003985803628,-24.197530864197528,5,0,1,0,0,0,7.8
297,0.0,0.0,0.0,0.0,0.1111111111111111,0.0,0.0,0.2222222222222222,0.0,0.2222222222222222,0.0,0.0,0.2222222222222222,0.0,0.0,0.0,0.0,0.0,0.0,0.0,0.0,0.2222222222222222,0.0,0.0,0.0,0.0,0.0,0.0,1.4,1.56,2271.8888888888887,4.444444444444445,9.06639655459989,0.17146428199482242,13.146003985803628,-24.197530864197528,5,0,1,0,0,0,7.8
298,0.0,0.0,0.0,0.0,0.0,0.0,0.0,0.12490622655663915,0.0,0.3750937734433608,0.0,0.0,0.0,0.2501875468867217,0.0,0.0,0.0,0.0,0.0,0.0,0.12490622655663915,0.12490622655663915,0.0,0.0,0.0,0.0,0.0,0.0,1.4687546886721679,1.4599812453113277,2327.9047261815454,4.249812453113278,4.483757659187229,0.11168876731137949,12.421380197228373,1.8740619138280443,5,0,1,0,0,0,8.2
299,0.0,0.0,0.0,0.0,0.0,0.0,0.0,0.2,0.0,0.2,0.0,0.0,0.0,0.2,0.0,0.0,0.0,0.0,0.0,0.0,0.2,0.2,0.0,0.0,0.0,0.0,0.0,0.0,1.48,1.4540000000000002,2523.0,4.4,4.054054054054058,0.11825396399275587,13.38167152293333,2.7200000000000006,5,0,0,1,0,0,9.9
300,0.0,0.0,0.0,0.0,0.0,0.0,0.0,0.2,0.0,0.2,0.0,0.0,0.0,0.2,0.0,0.0,0.0,0.0,0.0,0.0,0.2,0.2,0.0,0.0,0.0,0.0,0.0,0.0,1.48,1.4540000000000002,2523.0,4.4,4.054054054054058,0.11825396399275587,13.38167152293333,2.7200000000000006,5,0,0,1,0,0,9.9
301,0.0,0.0,0.0,0.0,0.0,0.0,0.0,0.2,0.0,0.2,0.0,0.0,0.0,0.2,0.0,0.0,0.0,0.0,0.0,0.0,0.2,0.2,0.0,0.0,0.0,0.0,0.0,0.0,1.48,1.4540000000000002,2523.0,4.4,4.054054054054058,0.11825396399275587,13.38167152293333,2.7200000000000006,5,0,0,1,0,0,9.9
302,0.0,0.0,0.0,0.0,0.0,0.0,0.0,0.2,0.0,0.2,0.0,0.0,0.0,0.2,0.0,0.0,0.0,0.0,0.0,0.0,0.2,0.2,0.0,0.0,0.0,0.0,0.0,0.0,1.48,1.4540000000000002,2523.0,4.4,4.054054054054058,0.11825396399275587,13.38167152293333,2.7200000000000006,5,0,0,1,0,0,9.9
303,0.0,0.0,0.0,0.0,0.0,0.0,0.0,0.2,0.0,0.2,0.0,0.0,0.0,0.2,0.0,0.0,0.0,0.0,0.0,0.0,0.2,0.2,0.0,0.0,0.0,0.0,0.0,0.0,1.48,1.4540000000000002,2523.0,4.4,4.054054054054058,0.11825396399275587,13.38167152293333,2.7200000000000006,5,0,0,1,0,0,9.9
304,0.0,0.0,0.0,0.0,0.0,0.0,0.0,0.2,0.0,0.2,0.0,0.0,0.0,0.2,0.0,0.0,0.0,0.0,0.0,0.0,0.2,0.2,0.0,0.0,0.0,0.0,0.0,0.0,1.48,1.4540000000000002,2523.0,4.4,4.054054054054058,0.11825396399275587,13.38167152293333,2.7200000000000006,5,0,0,1,0,0,9.9
305,0.0,0.0,0.0,0.0,0.0,0.0,0.0,0.25,0.0,0.25,0.0,0.0,0.0,0.25,0.0,0.0,0.0,0.0,0.0,0.0,0.0,0.25,0.0,0.0,0.0,0.0,0.0,0.0,1.4874999999999998,1.4425000000000001,2331.25,4.25,4.366514640929942,0.12968712349342937,11.52634446553133,2.5,4,0,1,0,0,0,8.4
306,0.0,0.0,0.0,0.0,0.0,0.0,0.0,0.25,0.25,0.0,0.0,0.0,0.25,0.0,0.0,0.0,0.0,0.0,0.0,0.0,0.25,0.0,0.0,0.0,0.0,0.0,0.0,0.0,1.425,1.7225000000000001,2779.75,5.25,3.03868562731381,0.2571356645819479,11.52634446553133,-3.25,4,1,0,0,0,0,10.7
307,0.0,0.0,0.0,0.0,0.0,0.0,0.0,0.2,0.2,0.0,0.0,0.0,0.2,0.0,0.0,0.0,0.0,0.0,0.0,0.0,0.2,0.0,0.2,0.0,0.0,0.0,0.0,0.0,1.41,1.85,2962.8,5.4,3.4744535358626587,0.34339481650135606,13.38167152293333,-4.640000000000001,5,0,1,0,0,0,12.4
308,0.0,0.0,0.0,0.0,0.0,0.0,0.0,0.2,0.2,0.0,0.0,0.0,0.2,0.0,0.0,0.0,0.0,0.0,0.0,0.0,0.2,0.0,0.2,0.0,0.0,0.0,0.0,0.0,1.41,1.85,2962.8,5.4,3.4744535358626587,0.34339481650135606,13.38167152293333,-4.640000000000001,5,0,1,0,0,0,12.4
309,0.0,0.0,0.0,0.0,0.0,0.0,0.0,0.2,0.2,0.0,0.0,0.0,0.2,0.0,0.0,0.0,0.0,0.0,0.0,0.0,0.2,0.0,0.2,0.0,0.0,0.0,0.0,0.0,1.41,1.85,2962.8,5.4,3.4744535358626587,0.34339481650135606,13.38167152293333,-4.640000000000001,5,0,1,0,0,0,12.4
310,0.0,0.0,0.0,0.0,0.0,0.0,0.0,0.2,0.2,0.0,0.0,0.0,0.2,0.0,0.0,0.0,0.0,0.0,0.0,0.0,0.2,0.0,0.2,0.0,0.0,0.0,0.0,0.0,1.41,1.85,2962.8,5.4,3.4744535358626587,0.34339481650135606,13.38167152293333,-4.640000000000001,5,0,1,0,0,0,12.4
311,0.0,0.0,0.0,0.0,0.0,0.0,0.0,0.2,0.2,0.0,0.0,0.0,0.2,0.0,0.0,0.0,0.0,0.0,0.0,0.0,0.2,0.0,0.2,0.0,0.0,0.0,0.0,0.0,1.41,1.85,2962.8,5.4,3.4744535358626587,0.34339481650135606,13.38167152293333,-4.640000000000001,5,0,1,0,0,0,12.4
312,0.0,0.0,0.0,0.0,0.0,0.0,0.0,0.2,0.2,0.0,0.0,0.0,0.2,0.0,0.0,0.0,0.0,0.0,0.0,0.0,0.2,0.0,0.2,0.0,0.0,0.0,0.0,0.0,1.41,1.85,2962.8,5.4,3.4744535358626587,0.34339481650135606,13.38167152293333,-4.640000000000001,5,0,1,0,0,0,12.4
313,0.0,0.0,0.0,0.0,0.0,0.0,0.0,0.2,0.2,0.0,0.0,0.0,0.2,0.0,0.0,0.0,0.0,0.0,0.0,0.0,0.2,0.0,0.2,0.0,0.0,0.0,0.0,0.0,1.41,1.85,2962.8,5.4,3.4744535358626587,0.34339481650135606,13.38167152293333,-4.640000000000001,5,0,1,0,0,0,12.4
314,0.0,0.0,0.0,0.0,0.0,0.0,0.0,0.25,0.25,0.0,0.0,0.0,0.0,0.0,0.0,0.0,0.0,0.0,0.0,0.0,0.25,0.0,0.25,0.0,0.0,0.0,0.0,0.0,1.4249999999999998,1.9049999999999998,3157.75,5.5,3.0386856273138148,0.3636963018783666,11.52634446553133,-6.5,4,0,1,0,0,0,13.7
315,0.0,0.0,0.0,0.0,0.0,0.0,0.0,0.25,0.25,0.0,0.0,0.0,0.0,0.0,0.0,0.0,0.0,0.0,0.0,0.0,0.25,0.0,0.25,0.0,0.0,0.0,0.0,0.0,1.4249999999999998,1.9049999999999998,3157.75,5.5,3.0386856273138148,0.3636963018783666,11.52634446553133,-6.5,4,0,1,0,0,0,13.7
316,0.0,0.0,0.0,0.0,0.0,0.0,0.0,0.25,0.25,0.0,0.0,0.0,0.0,0.0,0.0,0.0,0.0,0.0,0.0,0.0,0.25,0.0,0.25,0.0,0.0,0.0,0.0,0.0,1.4249999999999998,1.9049999999999998,3157.75,5.5,3.0386856273138148,0.3636963018783666,11.52634446553133,-6.5,4,0,1,0,0,0,13.7
317,0.0,0.0,0.0,0.0,0.0,0.0,0.0,0.25,0.25,0.0,0.0,0.0,0.0,0.0,0.0,0.0,0.0,0.0,0.0,0.0,0.25,0.0,0.25,0.0,0.0,0.0,0.0,0.0,1.4249999999999998,1.9049999999999998,3157.75,5.5,3.0386856273138148,0.3636963018783666,11.52634446553133,-6.5,4,0,1,0,0,0,13.7
318,0.0,0.0,0.0,0.0,0.0,0.0,0.0,0.25,0.25,0.0,0.0,0.0,0.0,0.0,0.0,0.0,0.0,0.0,0.0,0.0,0.25,0.0,0.25,0.0,0.0,0.0,0.0,0.0,1.4249999999999998,1.9049999999999998,3157.75,5.5,3.0386856273138148,0.3636963018783666,11.52634446553133,-6.5,4,0,1,0,0,0,13.7
319,0.0,0.0,0.0,0.0,0.0,0.0,0.0,0.25,0.25,0.0,0.0,0.0,0.0,0.0,0.0,0.0,0.0,0.0,0.0,0.0,0.25,0.0,0.25,0.0,0.0,0.0,0.0,0.0,1.4249999999999998,1.9049999999999998,3157.75,5.5,3.0386856273138148,0.3636963018783666,11.52634446553133,-6.5,4,0,1,0,0,0,13.7
320,0.0,0.0,0.0,0.0,0.0,0.0,0.0,0.25,0.25,0.0,0.0,0.0,0.0,0.0,0.0,0.0,0.0,0.0,0.0,0.0,0.25,0.0,0.25,0.0,0.0,0.0,0.0,0.0,1.4249999999999998,1.9049999999999998,3157.75,5.5,3.0386856273138148,0.3636963018783666,11.52634446553133,-6.5,4,0,1,0,0,0,13.7
321,0.0,0.0,0.0,0.0,0.0,0.0,0.0,0.23255813953488372,0.06976744186046512,0.23255813953488372,0.0,0.0,0.23255813953488372,0.23255813953488372,0.0,0.0,0.0,0.0,0.0,0.0,0.0,0.0,0.0,0.0,0.0,0.0,0.0,0.0,1.4383720930232557,1.5693023255813954,2295.5348837209303,4.604651162790698,4.963647997739294,0.1973239026391157,12.826056830530574,-1.2547322877230935,5,1,0,0,0,0,6.7
322,0.0,0.0,0.0,0.0,0.0,0.0,0.0,0.2222222222222222,0.1111111111111111,0.2222222222222222,0.0,0.0,0.2222222222222222,0.2222222222222222,0.0,0.0,0.0,0.0,0.0,0.0,0.0,0.0,0.0,0.0,0.0,0.0,0.0,0.0,1.4388888888888887,1.5955555555555556,2322.222222222222,4.666666666666666,4.853206598446543,0.22808921797845838,13.146003985803628,-1.7777777777777777,5,1,0,0,0,0,6.8
323,0.0,0.0,0.0,0.0,0.0,0.0,0.0,0.2127659574468085,0.14893617021276595,0.2127659574468085,0.0,0.0,0.2127659574468085,0.2127659574468085,0.0,0.0,0.0,0.0,0.0,0.0,0.0,0.0,0.0,0.0,0.0,0.0,0.0,0.0,1.4393617021276595,1.6195744680851065,2346.6382978723404,4.723404255319149,4.749820846432998,0.2505819392619738,13.308889686158656,-2.2091444092349475,5,1,0,0,0,0,6.9
324,0.0,0.0,0.0,0.0,0.0,0.0,0.0,0.18866535819430813,0.2453385672227674,0.18866535819430813,0.0,0.0,0.18866535819430813,0.18866535819430813,0.0,0.0,0.0,0.0,0.0,0.0,0.0,0.0,0.0,0.0,0.0,0.0,0.0,0.0,1.4405667320902844,1.6807899901864574,2408.866045142296,4.86800785083415,4.4751083332677055,0.29157134785669775,13.330959949485043,-3.1047393440238986,5,1,0,0,0,0,7.3
325,0.0,0.0,0.0,0.0,0.0,0.0,0.0,0.18184296619411122,0.27262813522355506,0.18184296619411122,0.0,0.0,0.18184296619411122,0.18184296619411122,0.0,0.0,0.0,0.0,0.0,0.0,0.0,0.0,0.0,0.0,0.0,0.0,0.0,0.0,1.4409078516902945,1.6981188658669573,2426.481461286805,4.908942202835332,4.3941103997286195,0.299905846809483,13.25503303008884,-3.305100019146403,5,1,0,0,0,0,7.4
326,0.0,0.0,0.0,0.0,0.0,0.0,0.0,0.175417661097852,0.29832935560859186,0.175417661097852,0.0,0.0,0.175417661097852,0.175417661097852,0.0,0.0,0.0,0.0,0.0,0.0,0.0,0.0,0.0,0.0,0.0,0.0,0.0,0.0,1.4412291169451072,1.7144391408114557,2443.071599045346,4.947494033412887,4.316390367765423,0.3066546851723677,13.154904023736046,-3.4723486423522303,5,1,0,0,0,0,7.5
327,0.0,0.0,0.0,0.0,0.0,0.0,0.0,0.16666666666666666,0.3333333333333333,0.16666666666666666,0.0,0.0,0.16666666666666666,0.16666666666666666,0.0,0.0,0.0,0.0,0.0,0.0,0.0,0.0,0.0,0.0,0.0,0.0,0.0,0.0,1.4416666666666667,1.7366666666666668,2465.6666666666665,5.0,4.208156005364461,0.3142539666504714,12.976526695974774,-3.6666666666666665,5,1,0,0,0,0,7.6
328,0.0,0.0,0.0,0.0,0.0,0.0,0.0,0.2,0.2,0.2,0.0,0.0,0.2,0.2,0.0,0.0,0.0,0.0,0.0,0.0,0.0,0.0,0.0,0.0,0.0,0.0,0.0,0.0,1.4400000000000002,1.6520000000000001,2379.6000000000004,4.8,4.606423319938053,0.2747653544390195,13.38167152293333,-2.7200000000000006,5,1,0,0,0,0,7.1
329,0.0,0.0,0.0,0.0,0.0,0.0,0.0,0.23255813953488372,0.23255813953488372,0.23255813953488372,0.0,0.0,0.06976744186046512,0.23255813953488372,0.0,0.0,0.0,0.0,0.0,0.0,0.0,0.0,0.0,0.0,0.0,0.0,0.0,0.0,1.4546511627906977,1.6555813953488372,2411.6046511627906,4.767441860465117,4.11496008832414,0.2961324524960222,12.826056830530574,-2.61763115197404,5,1,0,0,0,0,7.2
330,0.0,0.0,0.0,0.0,0.0,0.0,0.0,0.29411764705882354,0.029411764705882356,0.29411764705882354,0.0,0.0,0.08823529411764706,0.29411764705882354,0.0,0.0,0.0,0.0,0.0,0.0,0.0,0.0,0.0,0.0,0.0,0.0,0.0,0.0,1.4558823529411764,1.522058823529412,2283.3823529411766,4.4411764705882355,4.620039040819906,0.16039985719086913,11.621437867410403,0.7958477508650519,5,1,0,0,0,0,6.6
331,0.0,0.0,0.0,0.0,0.0,0.0,0.0,0.2777777777777778,0.08333333333333334,0.2777777777777778,0.0,0.0,0.08333333333333334,0.2777777777777778,0.0,0.0,0.0,0.0,0.0,0.0,0.0,0.0,0.0,0.0,0.0,0.0,0.0,0.0,1.4555555555555555,1.5574999999999999,2317.416666666667,4.527777777777778,4.491832937381613,0.2136634815155209,12.318729771689002,-0.27777777777777773,5,1,0,0,0,0,6.8
332,0.0,0.0,0.0,0.0,0.0,0.0,0.0,0.2631578947368421,0.13157894736842105,0.2631578947368421,0.0,0.0,0.07894736842105263,0.2631578947368421,0.0,0.0,0.0,0.0,0.0,0.0,0.0,0.0,0.0,0.0,0.0,0.0,0.0,0.0,1.4552631578947368,1.5892105263157894,2347.868421052631,4.605263157894737,4.3737383806321315,0.24768806336055427,12.648475759044262,-1.1357340720221607,5,1,0,0,0,0,6.9
333,0.0,0.0,0.0,0.0,0.0,0.0,0.0,0.25,0.175,0.25,0.0,0.0,0.075,0.25,0.0,0.0,0.0,0.0,0.0,0.0,0.0,0.0,0.0,0.0,0.0,0.0,0.0,0.0,1.4549999999999998,1.61775,2375.2749999999996,4.675,4.264492661852533,0.2715832054822242,12.796102275390185,-1.8249999999999997,5,1,0,0,0,0,7.1
334,0.0,0.0,0.0,0.0,0.0,0.0,0.0,0.21735443753533068,0.28264556246466926,0.21735443753533068,0.0,0.0,0.06529112492933861,0.21735443753533068,0.0,0.0,0.0,0.0,0.0,0.0,0.0,0.0,0.0,0.0,0.0,0.0,0.0,0.0,1.4543386093838324,1.6885132843414359,2443.211984171848,4.847936687394007,3.980364632353659,0.3122329632948796,12.725416196869853,-3.195319108278015,5,1,0,0,0,0,7.4
335,0.0,0.0,0.0,0.0,0.0,0.0,0.0,0.20837238363011557,0.3124023742580443,0.20837238363011557,0.0,0.0,0.06248047485160887,0.20837238363011557,0.0,0.0,0.0,0.0,0.0,0.0,0.0,0.0,0.0,0.0,0.0,0.0,0.0,0.0,1.4541705716963444,1.7080568572321146,2462.0034364261164,4.895657606997812,3.89741695619285,0.3198277973339893,12.614530075322515,-3.488626299126882,5,1,0,0,0,0,7.5
336,0.0,0.0,0.0,0.0,0.0,0.0,0.0,0.30303030303030304,0.0,0.30303030303030304,0.0,0.0,0.09090909090909091,0.30303030303030304,0.0,0.0,0.0,0.0,0.0,0.0,0.0,0.0,0.0,0.0,0.0,0.0,0.0,0.0,1.456060606060606,1.5027272727272727,2264.818181818182,4.3939393939393945,4.688399719487537,0.11748043621200076,10.836907626074785,1.4325068870523419,4,1,0,0,0,0,6.5
337,0.0,0.0,0.0,0.0,0.0,0.0,0.0,0.25,0.0,0.25,0.0,0.0,0.25,0.25,0.0,0.0,0.0,0.0,0.0,0.0,0.0,0.0,0.0,0.0,0.0,0.0,0.0,0.0,1.4374999999999998,1.525,2250.5,4.5,5.144417202695319,0.11715374513859979,11.52634446553133,-0.25,4,1,0,0,0,0,6.5
338,0.0,0.0,0.0,0.0,0.0,0.0,0.0,0.23529411764705882,0.23529411764705882,0.23529411764705882,0.0,0.0,0.058823529411764705,0.23529411764705882,0.0,0.0,0.0,0.0,0.0,0.0,0.0,0.0,0.0,0.0,0.0,0.0,0.0,0.0,1.4558823529411764,1.6558823529411766,2414.294117647059,4.764705882352941,4.06055580651349,0.2978562389817377,12.708428146302392,-2.602076124567474,5,0,1,0,0,0,7.3
339,0.0,0.0,0.0,0.0,0.0,0.0,0.0,0.2222222222222222,0.2222222222222222,0.2222222222222222,0.0,0.0,0.1111111111111111,0.2222222222222222,0.0,0.0,0.0,0.0,0.0,0.0,0.0,0.0,0.0,0.0,0.0,0.0,0.0,0.0,1.4499999999999997,1.6544444444444444,2401.444444444444,4.777777777777778,4.30075561698154,0.2895249408220727,13.14600398580363,-2.6666666666666665,5,0,1,0,0,0,7.2
340,0.0,0.0,0.0,0.0,0.0,0.0,0.0,0.21052631578947367,0.21052631578947367,0.21052631578947367,0.0,0.0,0.15789473684210525,0.21052631578947367,0.0,0.0,0.0,0.0,0.0,0.0,0.0,0.0,0.0,0.0,0.0,0.0,0.0,0.0,1.4447368421052629,1.653157894736842,2389.9473684210525,4.789473684210526,4.47657767848616,0.2818557419670183,13.332866993811251,-2.7036011080332405,5,0,1,0,0,0,7.2
341,0.0,0.0,0.0,0.0,0.0,0.0,0.0,0.2,0.2,0.2,0.0,0.0,0.2,0.2,0.0,0.0,0.0,0.0,0.0,0.0,0.0,0.0,0.0,0.0,0.0,0.0,0.0,0.0,1.4400000000000002,1.6520000000000001,2379.6000000000004,4.8,4.606423319938053,0.2747653544390195,13.38167152293333,-2.7200000000000006,5,0,1,0,0,0,7.1
342,0.0,0.0,0.0,0.0,0.0,0.0,0.0,0.18184296619411122,0.18184296619411122,0.18184296619411122,0.0,0.0,0.27262813522355506,0.18184296619411122,0.0,0.0,0.0,0.0,0.0,0.0,0.0,0.0,0.0,0.0,0.0,0.0,0.0,0.0,1.43182933478735,1.6500027262813524,2361.7516357688114,4.818157033805889,4.772296752248987,0.26207257353347024,13.25503303008884,-2.7107888199274814,5,0,1,0,0,0,7.1
343,0.0,0.0,0.0,0.0,0.0,0.0,0.0,0.16666666666666666,0.16666666666666666,0.16666666666666666,0.0,0.0,0.3333333333333333,0.16666666666666666,0.0,0.0,0.0,0.0,0.0,0.0,0.0,0.0,0.0,0.0,0.0,0.0,0.0,0.0,1.4249999999999998,1.6483333333333334,2346.833333333333,4.833333333333334,4.857674773636304,0.250959270710519,12.976526695974774,-2.666666666666666,5,0,1,0,0,0,7.0
344,0.0,0.0,0.0,0.0,0.0,0.0,0.0,0.1427958833619211,0.1427958833619211,0.1427958833619211,0.0,0.0,0.42881646655231553,0.1427958833619211,0.0,0.0,0.0,0.0,0.0,0.0,0.0,0.0,0.0,0.0,0.0,0.0,0.0,0.0,1.4142581475128644,1.6457075471698113,2323.3683533447684,4.857204116638079,4.896596176942271,0.23238207558050167,12.26228269120397,-2.5301569041657714,5,0,1,0,0,0,6.9
345,0.0,0.0,0.0,0.0,0.0,0.0,0.0,0.25,0.25,0.25,0.0,0.0,0.0,0.25,0.0,0.0,0.0,0.0,0.0,0.0,0.0,0.0,0.0,0.0,0.0,0.0,0.0,0.0,1.4625,1.6575000000000002,2428.75,4.75,3.725554652598865,0.3069507289452169,11.52634446553133,-2.5,4,0,1,0,0,0,7.3
346,0.0,0.23809523809523808,0.23809523809523808,0.23809523809523808,0.0,0.0,0.0,0.0,0.047619047619047616,0.0,0.0,0.0,0.23809523809523808,0.0,0.0,0.0,0.0,0.0,0.0,0.0,0.0,0.0,0.0,0.0,0.0,0.0,0.0,0.0,1.3666666666666667,1.8290476190476188,1921.2380952380952,7.904761904761904,2.0613518408012617,0.12972148780789164,12.56923273899109,-10.158730158730158,5,0,1,0,0,0,8.0
347,0.0,0.22727272727272727,0.22727272727272727,0.22727272727272727,0.0,0.0,0.0,0.0,0.09090909090909091,0.0,0.0,0.0,0.22727272727272727,0.0,0.0,0.0,0.0,0.0,0.0,0.0,0.0,0.0,0.0,0.0,0.0,0.0,0.0,0.0,1.3704545454545456,1.8440909090909088,1965.5454545454543,7.818181818181818,2.374431353777167,0.14427433120492403,13.011391800075089,-9.834710743801653,5,0,1,0,0,0,8.1
348,0.0,0.2173913043478261,0.2173913043478261,0.2173913043478261,0.0,0.0,0.0,0.0,0.13043478260869565,0.0,0.0,0.0,0.2173913043478261,0.0,0.0,0.0,0.0,0.0,0.0,0.0,0.0,0.0,0.0,0.0,0.0,0.0,0.0,0.0,1.373913043478261,1.857826086956522,2006.0000000000002,7.739130434782609,2.599948848916921,0.15511444643676411,13.242385524383806,-9.52741020793951,5,0,1,0,0,0,8.2
349,0.0,0.20833333333333334,0.20833333333333334,0.20833333333333334,0.0,0.0,0.0,0.0,0.16666666666666669,0.0,0.0,0.0,0.20833333333333334,0.0,0.0,0.0,0.0,0.0,0.0,0.0,0.0,0.0,0.0,0.0,0.0,0.0,0.0,0.0,1.3770833333333334,1.8704166666666668,2043.0833333333335,7.666666666666667,2.768987173634354,0.1634135644784593,13.351478225728336,-9.236111111111112,5,0,1,0,0,0,8.3
350,0.0,0.1922899353647276,0.1922899353647276,0.23084025854108958,0.0,0.0,0.0,0.0,0.1922899353647276,0.0,0.0,0.0,0.1922899353647276,0.0,0.0,0.0,0.0,0.0,0.0,0.0,0.0,0.0,0.0,0.0,0.0,0.0,0.0,0.0,1.378843490304709,1.8830794090489382,2063.7382271468146,7.692520775623269,2.875191074392607,0.16665128323507822,13.357838371498547,-9.083080538738106,5,0,1,0,0,0,8.4
351,0.0,0.18516597510373445,0.18516597510373445,0.25933609958506226,0.0,0.0,0.0,0.0,0.18516597510373445,0.0,0.0,0.0,0.18516597510373445,0.0,0.0,0.0,0.0,0.0,0.0,0.0,0.0,0.0,0.0,0.0,0.0,0.0,0.0,0.0,1.3777748962655605,1.8840767634854774,2051.2997925311206,7.778008298755187,2.8511690324076353,0.16361412933785877,13.296045711437735,-9.16341079699041,5,0,1,0,0,0,8.5
352,0.0,0.17857142857142858,0.17857142857142858,0.2857142857142857,0.0,0.0,0.0,0.0,0.17857142857142858,0.0,0.0,0.0,0.17857142857142858,0.0,0.0,0.0,0.0,0.0,0.0,0.0,0.0,0.0,0.0,0.0,0.0,0.0,0.0,0.0,1.3767857142857143,1.885,2039.7857142857144,7.857142857142857,2.826782713061394,0.16074602861124046,13.20741568395736,-9.209183673469386,5,0,1,0,0,0,8.5
353,0.0,0.17245657568238215,0.17245657568238215,0.31017369727047145,0.0,0.0,0.0,0.0,0.17245657568238215,0.0,0.0,0.0,0.17245657568238215,0.0,0.0,0.0,0.0,0.0,0.0,0.0,0.0,0.0,0.0,0.0,0.0,0.0,0.0,0.0,1.3758684863523576,1.8858560794044665,2029.1091811414394,7.930521091811415,2.8022682911312202,0.1580352353572001,13.099843011746513,-9.227068696931822,5,0,1,0,0,0,8.5
354,0.0,0.16666666666666666,0.16666666666666666,0.3333333333333333,0.0,0.0,0.0,0.0,0.16666666666666666,0.0,0.0,0.0,0.16666666666666666,0.0,0.0,0.0,0.0,0.0,0.0,0.0,0.0,0.0,0.0,0.0,0.0,0.0,0.0,0.0,1.375,1.8866666666666667,2019.0,7.999999999999999,2.7773186030035304,0.1554205763583303,12.976526695974774,-9.222222222222221,5,0,1,0,0,0,8.5
355,0.0,0.2,0.2,0.2,0.0,0.0,0.0,0.0,0.2,0.0,0.0,0.0,0.2,0.0,0.0,0.0,0.0,0.0,0.0,0.0,0.0,0.0,0.0,0.0,0.0,0.0,0.0,0.0,1.3800000000000001,1.8820000000000001,2077.2000000000003,7.6000000000000005,2.8985507246376714,0.16987053894068868,13.38167152293333,-8.96,5,0,1,0,0,0,8.4
356,0.0,0.25,0.25,0.25,0.0,0.0,0.0,0.0,0.0,0.0,0.0,0.0,0.25,0.0,0.0,0.0,0.0,0.0,0.0,0.0,0.0,0.0,0.0,0.0,0.0,0.0,0.0,0.0,1.3624999999999998,1.8125,1872.5,8.0,1.58903743813658,0.10917302780449026,11.52634446553133,-10.5,4,0,1,0,0,0,7.8
357,0.015384615384615385,0.12307692307692308,0.12307692307692308,0.12307692307692308,0.0,0.12307692307692308,0.12307692307692308,0.0,0.0,0.12307692307692308,0.12307692307692308,0.0,0.12307692307692308,0.0,0.0,0.0,0.0,0.0,0.0,0.0,0.0,0.0,0.0,0.0,0.0,0.0,0.0,0.0,1.3730769230769229,1.7355384615384617,1797.471230769231,7.430769230769231,2.1259009480123554,0.14832428888943378,17.684418821839465,-8.84639053254438,9,0,1,0,0,0,7.2
358,0.030303030303030304,0.12121212121212122,0.12121212121212122,0.12121212121212122,0.0,0.12121212121212122,0.12121212121212122,0.0,0.0,0.12121212121212122,0.12121212121212122,0.0,0.12121212121212122,0.0,0.0,0.0,0.0,0.0,0.0,0.0,0.0,0.0,0.0,0.0,0.0,0.0,0.0,0.0,1.371212121212121,1.7336363636363636,1784.380303030303,7.363636363636363,2.380183340169937,0.14799300110024,17.89465081990388,-9.520661157024794,9,0,1,0,0,0,7.1
359,0.07695857851621092,0.11538017768547364,0.11538017768547364,0.11538017768547364,0.0,0.11538017768547364,0.11538017768547364,0.0,0.0,0.11538017768547364,0.11538017768547364,0.0,0.11538017768547364,0.0,0.0,0.0,0.0,0.0,0.0,0.0,0.0,0.0,0.0,0.0,0.0,0.0,0.0,0.0,1.3653801776854737,1.727687781239183,1743.4400011538019,7.153686396677052,3.0080361784980125,0.14679313560552307,18.214477528104336,-11.468845574794774,9,0,1,0,0,0,6.8
360,0.0,0.125,0.125,0.125,0.0,0.125,0.125,0.0,0.0,0.125,0.125,0.0,0.125,0.0,0.0,0.0,0.0,0.0,0.0,0.0,0.0,0.0,0.0,0.0,0.0,0.0,0.0,0.0,1.375,1.7375000000000003,1810.97125,7.5,1.8181818181818077,0.14863966496194744,17.289516698296996,-8.125,8,0,1,0,0,0,7.3
361,0.0,0.0,0.0,0.3000300030003,0.0,0.0,0.3000300030003,0.0,0.0,0.0,0.3000300030003,0.0,0.0,0.0,0.0,0.0,0.0,0.0,0.0,0.0999099909990999,0.0,0.0,0.0,0.0,0.0,0.0,0.0,0.0,1.365001500150015,1.7730123012301229,1450.774809480948,9.5997599759976,1.6786452713013402,0.16401883174322238,10.923050515367304,-1.678655714356314,4,0,1,0,0,0,8.3
362,0.0,0.0,0.0,0.3076923076923077,0.0,0.0,0.3076923076923077,0.0,0.0,0.0,0.3076923076923077,0.0,0.0,0.0,0.0,0.0,0.0,0.0,0.0,0.07692307692307693,0.0,0.0,0.0,0.0,0.0,0.0,0.0,0.0,1.3653846153846154,1.7761538461538462,1470.1353846153847,9.538461538461538,1.6901408450704203,0.16490269678899738,10.686568849046568,-1.3254437869822486,4,0,1,0,0,0,8.3
363,0.03567984570877532,0.0,0.0,0.32144005143040827,0.0,0.0,0.32144005143040827,0.0,0.0,0.0,0.32144005143040827,0.0,0.0,0.0,0.0,0.0,0.0,0.0,0.0,0.0,0.0,0.0,0.0,0.0,0.0,0.0,0.0,0.0,1.3625040180006431,1.7803632272581165,1513.4635711989715,9.107360977177757,2.32562384600814,0.16761941396324867,10.08861932098337,-1.9267804818625054,4,0,1,0,0,0,8.1
364,0.0,0.0,0.0,0.3214400514304082,0.0,0.0,0.3214400514304082,0.0,0.0,0.0,0.3214400514304082,0.0,0.0,0.0,0.0,0.0,0.03567984570877531,0.0,0.0,0.0,0.0,0.0,0.0,0.0,0.0,0.0,0.0,0.0,1.3696399871423979,1.7928511732561876,1498.178682095789,9.143040822886531,2.032131459385821,0.1674996318722645,10.08861932098337,-0.18350290303452432,4,0,1,0,0,0,8.3
365,0.017359973796265967,0.0,0.0,0.32754667540124466,0.0,0.0,0.32754667540124466,0.0,0.0,0.0,0.32754667540124466,0.0,0.0,0.0,0.0,0.0,0.0,0.0,0.0,0.0,0.0,0.0,0.0,0.0,0.0,0.0,0.0,0.0,1.3646413363904355,1.7835997379626594,1524.4821192269899,9.223386832623648,2.0440830739820464,0.1675355938244081,9.704010932185668,-0.9552818859392999,4,0,1,0,0,0,8.3
366,0.0,0.0,0.0,0.32754667540124466,0.0,0.0,0.32754667540124466,0.0,0.0,0.0,0.32754667540124466,0.0,0.0,0.0,0.0,0.0,0.017359973796265967,0.0,0.0,0.0,0.0,0.0,0.0,0.0,0.0,0.0,0.0,0.0,1.3681133311496887,1.7896757287913525,1517.0452800524076,9.240746806419914,1.8840140124983848,0.1674761878361816,9.704010932185666,-0.09097922723231433,4,0,1,0,0,0,8.4
367,0.09090909090909091,0.18181818181818182,0.18181818181818182,0.18181818181818182,0.0,0.18181818181818182,0.0,0.0,0.0,0.0,0.18181818181818182,0.0,0.0,0.0,0.0,0.0,0.0,0.0,0.0,0.0,0.0,0.0,0.0,0.0,0.0,0.0,0.0,0.0,1.3590909090909091,1.8154545454545454,1693.000909090909,8.272727272727273,3.0652680233818335,0.1093255053301949,14.69805276134963,-1.5206611570247937,6,0,1,0,0,0,7.6
368,0.09090909090909091,0.18181818181818182,0.18181818181818182,0.18181818181818182,0.0,0.18181818181818182,0.0,0.0,0.0,0.0,0.18181818181818182,0.0,0.0,0.0,0.0,0.0,0.0,0.0,0.0,0.0,0.0,0.0,0.0,0.0,0.0,0.0,0.0,0.0,1.3590909090909091,1.8154545454545454,1693.000909090909,8.272727272727273,3.0652680233818335,0.1093255053301949,14.69805276134963,-1.5206611570247937,6,0,1,0,0,0,7.6
369,0.09090909090909091,0.18181818181818182,0.18181818181818182,0.18181818181818182,0.0,0.18181818181818182,0.0,0.0,0.0,0.0,0.18181818181818182,0.0,0.0,0.0,0.0,0.0,0.0,0.0,0.0,0.0,0.0,0.0,0.0,0.0,0.0,0.0,0.0,0.0,1.3590909090909091,1.8154545454545454,1693.000909090909,8.272727272727273,3.0652680233818335,0.1093255053301949,14.69805276134963,-1.5206611570247937,6,0,1,0,0,0,7.6
370,0.09090909090909091,0.18181818181818182,0.18181818181818182,0.18181818181818182,0.0,0.18181818181818182,0.0,0.0,0.0,0.0,0.18181818181818182,0.0,0.0,0.0,0.0,0.0,0.0,0.0,0.0,0.0,0.0,0.0,0.0,0.0,0.0,0.0,0.0,0.0,1.3590909090909091,1.8154545454545454,1693.000909090909,8.272727272727273,3.0652680233818335,0.1093255053301949,14.69805276134963,-1.5206611570247937,6,0,1,0,0,0,7.6
371,0.09090909090909091,0.18181818181818182,0.18181818181818182,0.18181818181818182,0.0,0.18181818181818182,0.0,0.0,0.0,0.0,0.18181818181818182,0.0,0.0,0.0,0.0,0.0,0.0,0.0,0.0,0.0,0.0,0.0,0.0,0.0,0.0,0.0,0.0,0.0,1.3590909090909091,1.8154545454545454,1693.000909090909,8.272727272727273,3.0652680233818335,0.1093255053301949,14.69805276134963,-1.5206611570247937,6,0,1,0,0,0,7.6
372,0.09090909090909091,0.18181818181818182,0.18181818181818182,0.18181818181818182,0.0,0.18181818181818182,0.0,0.0,0.0,0.0,0.18181818181818182,0.0,0.0,0.0,0.0,0.0,0.0,0.0,0.0,0.0,0.0,0.0,0.0,0.0,0.0,0.0,0.0,0.0,1.3590909090909091,1.8154545454545454,1693.000909090909,8.272727272727273,3.0652680233818335,0.1093255053301949,14.69805276134963,-1.5206611570247937,6,0,1,0,0,0,7.6
373,0.09090909090909091,0.18181818181818182,0.18181818181818182,0.18181818181818182,0.0,0.18181818181818182,0.0,0.0,0.0,0.0,0.18181818181818182,0.0,0.0,0.0,0.0,0.0,0.0,0.0,0.0,0.0,0.0,0.0,0.0,0.0,0.0,0.0,0.0,0.0,1.3590909090909091,1.8154545454545454,1693.000909090909,8.272727272727273,3.0652680233818335,0.1093255053301949,14.69805276134963,-1.5206611570247937,6,0,1,0,0,0,7.6
374,0.2857142857142857,0.14285714285714285,0.14285714285714285,0.14285714285714285,0.0,0.14285714285714285,0.0,0.0,0.0,0.0,0.14285714285714285,0.0,0.0,0.0,0.0,0.0,0.0,0.0,0.0,0.0,0.0,0.0,0.0,0.0,0.0,0.0,0.0,0.0,1.3357142857142856,1.7714285714285714,1530.2442857142855,7.142857142857142,4.344405563976445,0.12844438167422292,14.532649296387355,-8.653061224489795,6,0,1,0,0,0,6.3
375,0.2857142857142857,0.14285714285714285,0.14285714285714285,0.14285714285714285,0.0,0.14285714285714285,0.0,0.0,0.0,0.0,0.14285714285714285,0.0,0.0,0.0,0.0,0.0,0.0,0.0,0.0,0.0,0.0,0.0,0.0,0.0,0.0,0.0,0.0,0.0,1.3357142857142856,1.7714285714285714,1530.2442857142855,7.142857142857142,4.344405563976445,0.12844438167422292,14.532649296387355,-8.653061224489795,6,0,1,0,0,0,6.3
376,0.2857142857142857,0.14285714285714285,0.14285714285714285,0.14285714285714285,0.0,0.14285714285714285,0.0,0.0,0.0,0.0,0.14285714285714285,0.0,0.0,0.0,0.0,0.0,0.0,0.0,0.0,0.0,0.0,0.0,0.0,0.0,0.0,0.0,0.0,0.0,1.3357142857142856,1.7714285714285714,1530.2442857142855,7.142857142857142,4.344405563976445,0.12844438167422292,14.532649296387355,-8.653061224489795,6,0,1,0,0,0,6.3
377,0.2857142857142857,0.14285714285714285,0.14285714285714285,0.14285714285714285,0.0,0.14285714285714285,0.0,0.0,0.0,0.0,0.14285714285714285,0.0,0.0,0.0,0.0,0.0,0.0,0.0,0.0,0.0,0.0,0.0,0.0,0.0,0.0,0.0,0.0,0.0,1.3357142857142856,1.7714285714285714,1530.2442857142855,7.142857142857142,4.344405563976445,0.12844438167422292,14.532649296387355,-8.653061224489795,6,0,1,0,0,0,6.3
378,0.2857142857142857,0.14285714285714285,0.14285714285714285,0.14285714285714285,0.0,0.14285714285714285,0.0,0.0,0.0,0.0,0.14285714285714285,0.0,0.0,0.0,0.0,0.0,0.0,0.0,0.0,0.0,0.0,0.0,0.0,0.0,0.0,0.0,0.0,0.0,1.3357142857142856,1.7714285714285714,1530.2442857142855,7.142857142857142,4.344405563976445,0.12844438167422292,14.532649296387355,-8.653061224489795,6,0,1,0,0,0,6.3
379,0.2857142857142857,0.14285714285714285,0.14285714285714285,0.14285714285714285,0.0,0.14285714285714285,0.0,0.0,0.0,0.0,0.14285714285714285,0.0,0.0,0.0,0.0,0.0,0.0,0.0,0.0,0.0,0.0,0.0,0.0,0.0,0.0,0.0,0.0,0.0,1.3357142857142856,1.7714285714285714,1530.2442857142855,7.142857142857142,4.344405563976445,0.12844438167422292,14.532649296387355,-8.653061224489795,6,0,1,0,0,0,6.3
380,0.2857142857142857,0.14285714285714285,0.14285714285714285,0.14285714285714285,0.0,0.14285714285714285,0.0,0.0,0.0,0.0,0.14285714285714285,0.0,0.0,0.0,0.0,0.0,0.0,0.0,0.0,0.0,0.0,0.0,0.0,0.0,0.0,0.0,0.0,0.0,1.3357142857142856,1.7714285714285714,1530.2442857142855,7.142857142857142,4.344405563976445,0.12844438167422292,14.532649296387355,-8.653061224489795,6,0,1,0,0,0,6.3
381,0.2857142857142857,0.14285714285714285,0.14285714285714285,0.14285714285714285,0.0,0.14285714285714285,0.0,0.0,0.0,0.0,0.14285714285714285,0.0,0.0,0.0,0.0,0.0,0.0,0.0,0.0,0.0,0.0,0.0,0.0,0.0,0.0,0.0,0.0,0.0,1.3357142857142856,1.7714285714285714,1530.2442857142855,7.142857142857142,4.344405563976445,0.12844438167422292,14.532649296387355,-8.653061224489795,6,0,1,0,0,0,6.3
382,0.16666666666666666,0.16666666666666666,0.16666666666666666,0.16666666666666666,0.0,0.16666666666666666,0.0,0.0,0.0,0.0,0.16666666666666666,0.0,0.0,0.0,0.0,0.0,0.0,0.0,0.0,0.0,0.0,0.0,0.0,0.0,0.0,0.0,0.0,0.0,1.35,1.7983333333333333,1629.7066666666665,7.833333333333333,3.7037037037037055,0.11908213785264163,14.897584106896662,-4.777777777777777,6,0,1,0,0,0,7.1
383,0.16666666666666666,0.16666666666666666,0.16666666666666666,0.16666666666666666,0.0,0.16666666666666666,0.0,0.0,0.0,0.0,0.16666666666666666,0.0,0.0,0.0,0.0,0.0,0.0,0.0,0.0,0.0,0.0,0.0,0.0,0.0,0.0,0.0,0.0,0.0,1.35,1.7983333333333333,1629.7066666666665,7.833333333333333,3.7037037037037055,0.11908213785264163,14.897584106896662,-4.777777777777777,6,0,1,0,0,0,7.1
384,0.16666666666666666,0.16666666666666666,0.16666666666666666,0.16666666666666666,0.0,0.16666666666666666,0.0,0.0,0.0,0.0,0.16666666666666666,0.0,0.0,0.0,0.0,0.0,0.0,0.0,0.0,0.0,0.0,0.0,0.0,0.0,0.0,0.0,0.0,0.0,1.35,1.7983333333333333,1629.7066666666665,7.833333333333333,3.7037037037037055,0.11908213785264163,14.897584106896662,-4.777777777777777,6,0,1,0,0,0,7.1
385,0.16666666666666666,0.16666666666666666,0.16666666666666666,0.16666666666666666,0.0,0.16666666666666666,0.0,0.0,0.0,0.0,0.16666666666666666,0.0,0.0,0.0,0.0,0.0,0.0,0.0,0.0,0.0,0.0,0.0,0.0,0.0,0.0,0.0,0.0,0.0,1.35,1.7983333333333333,1629.7066666666665,7.833333333333333,3.7037037037037055,0.11908213785264163,14.897584106896662,-4.777777777777777,6,0,1,0,0,0,7.1
386,0.16666666666666666,0.16666666666666666,0.16666666666666666,0.16666666666666666,0.0,0.16666666666666666,0.0,0.0,0.0,0.0,0.16666666666666666,0.0,0.0,0.0,0.0,0.0,0.0,0.0,0.0,0.0,0.0,0.0,0.0,0.0,0.0,0.0,0.0,0.0,1.35,1.7983333333333333,1629.7066666666665,7.833333333333333,3.7037037037037055,0.11908213785264163,14.897584106896662,-4.777777777777777,6,0,1,0,0,0,7.1
387,0.16666666666666666,0.16666666666666666,0.16666666666666666,0.16666666666666666,0.0,0.16666666666666666,0.0,0.0,0.0,0.0,0.16666666666666666,0.0,0.0,0.0,0.0,0.0,0.0,0.0,0.0,0.0,0.0,0.0,0.0,0.0,0.0,0.0,0.0,0.0,1.35,1.7983333333333333,1629.7066666666665,7.833333333333333,3.7037037037037055,0.11908213785264163,14.897584106896662,-4.777777777777777,6,0,1,0,0,0,7.1
388,0.2,0.0,0.0,0.0,0.0,0.2,0.0,0.2,0.2,0.2,0.0,0.0,0.0,0.0,0.0,0.0,0.0,0.0,0.0,0.0,0.0,0.0,0.0,0.0,0.0,0.0,0.0,0.0,1.3900000000000001,1.7140000000000002,2140.094,4.8,5.286668509603982,0.22623881187806838,13.38167152293333,-13.600000000000001,5,0,1,0,0,0,6.6
389,0.2,0.0,0.0,0.0,0.0,0.2,0.0,0.2,0.2,0.2,0.0,0.0,0.0,0.0,0.0,0.0,0.0,0.0,0.0,0.0,0.0,0.0,0.0,0.0,0.0,0.0,0.0,0.0,1.3900000000000001,1.7140000000000002,2140.094,4.8,5.286668509603982,0.22623881187806838,13.38167152293333,-13.600000000000001,5,0,1,0,0,0,6.6
390,0.2,0.0,0.0,0.0,0.0,0.2,0.0,0.2,0.2,0.2,0.0,0.0,0.0,0.0,0.0,0.0,0.0,0.0,0.0,0.0,0.0,0.0,0.0,0.0,0.0,0.0,0.0,0.0,1.3900000000000001,1.7140000000000002,2140.094,4.8,5.286668509603982,0.22623881187806838,13.38167152293333,-13.600000000000001,5,0,1,0,0,0,6.6
391,0.2,0.0,0.0,0.0,0.0,0.2,0.0,0.2,0.2,0.2,0.0,0.0,0.0,0.0,0.0,0.0,0.0,0.0,0.0,0.0,0.0,0.0,0.0,0.0,0.0,0.0,0.0,0.0,1.3900000000000001,1.7140000000000002,2140.094,4.8,5.286668509603982,0.22623881187806838,13.38167152293333,-13.600000000000001,5,0,1,0,0,0,6.6
392,0.2,0.0,0.0,0.0,0.0,0.2,0.0,0.2,0.2,0.2,0.0,0.0,0.0,0.0,0.0,0.0,0.0,0.0,0.0,0.0,0.0,0.0,0.0,0.0,0.0,0.0,0.0,0.0,1.3900000000000001,1.7140000000000002,2140.094,4.8,5.286668509603982,0.22623881187806838,13.38167152293333,-13.600000000000001,5,0,1,0,0,0,6.6
393,0.2,0.0,0.0,0.0,0.0,0.2,0.0,0.2,0.2,0.2,0.0,0.0,0.0,0.0,0.0,0.0,0.0,0.0,0.0,0.0,0.0,0.0,0.0,0.0,0.0,0.0,0.0,0.0,1.3900000000000001,1.7140000000000002,2140.094,4.8,5.286668509603982,0.22623881187806838,13.38167152293333,-13.600000000000001,5,0,1,0,0,0,6.6
394,0.2,0.0,0.0,0.0,0.0,0.2,0.0,0.2,0.2,0.2,0.0,0.0,0.0,0.0,0.0,0.0,0.0,0.0,0.0,0.0,0.0,0.0,0.0,0.0,0.0,0.0,0.0,0.0,1.3900000000000001,1.7140000000000002,2140.094,4.8,5.286668509603982,0.22623881187806838,13.38167152293333,-13.600000000000001,5,1,0,0,0,0,6.6
395,0.2,0.0,0.0,0.0,0.0,0.2,0.0,0.2,0.2,0.2,0.0,0.0,0.0,0.0,0.0,0.0,0.0,0.0,0.0,0.0,0.0,0.0,0.0,0.0,0.0,0.0,0.0,0.0,1.3900000000000001,1.7140000000000002,2140.094,4.8,5.286668509603982,0.22623881187806838,13.38167152293333,-13.600000000000001,5,1,0,0,0,0,6.6
396,0.2,0.0,0.0,0.0,0.0,0.2,0.0,0.2,0.2,0.2,0.0,0.0,0.0,0.0,0.0,0.0,0.0,0.0,0.0,0.0,0.0,0.0,0.0,0.0,0.0,0.0,0.0,0.0,1.3900000000000001,1.7140000000000002,2140.094,4.8,5.286668509603982,0.22623881187806838,13.38167152293333,-13.600000000000001,5,1,0,0,0,0,6.6
397,0.2,0.0,0.0,0.0,0.0,0.2,0.0,0.2,0.2,0.2,0.0,0.0,0.0,0.0,0.0,0.0,0.0,0.0,0.0,0.0,0.0,0.0,0.0,0.0,0.0,0.0,0.0,0.0,1.3900000000000001,1.7140000000000002,2140.094,4.8,5.286668509603982,0.22623881187806838,13.38167152293333,-13.600000000000001,5,1,0,0,0,0,6.6
398,0.25,0.0,0.0,0.0,0.0,0.25,0.0,0.0,0.25,0.25,0.0,0.0,0.0,0.0,0.0,0.0,0.0,0.0,0.0,0.0,0.0,0.0,0.0,0.0,0.0,0.0,0.0,0.0,1.375,1.7425,1987.6175,4.75,5.454545454545452,0.24478306722483895,11.52634446553133,-14.0,4,1,0,0,0,0,6.0
399,0.25,0.0,0.0,0.0,0.0,0.25,0.0,0.0,0.25,0.25,0.0,0.0,0.0,0.0,0.0,0.0,0.0,0.0,0.0,0.0,0.0,0.0,0.0,0.0,0.0,0.0,0.0,0.0,1.375,1.7425,1987.6175,4.75,5.454545454545452,0.24478306722483895,11.52634446553133,-14.0,4,1,0,0,0,0,6.0
400,0.25,0.0,0.0,0.0,0.0,0.25,0.0,0.0,0.25,0.25,0.0,0.0,0.0,0.0,0.0,0.0,0.0,0.0,0.0,0.0,0.0,0.0,0.0,0.0,0.0,0.0,0.0,0.0,1.375,1.7425,1987.6175,4.75,5.454545454545452,0.24478306722483895,11.52634446553133,-14.0,4,1,0,0,0,0,6.0
401,0.25,0.0,0.0,0.0,0.0,0.25,0.0,0.0,0.25,0.25,0.0,0.0,0.0,0.0,0.0,0.0,0.0,0.0,0.0,0.0,0.0,0.0,0.0,0.0,0.0,0.0,0.0,0.0,1.375,1.7425,1987.6175,4.75,5.454545454545452,0.24478306722483895,11.52634446553133,-14.0,4,1,0,0,0,0,6.0
402,0.25,0.0,0.0,0.0,0.0,0.25,0.0,0.0,0.25,0.25,0.0,0.0,0.0,0.0,0.0,0.0,0.0,0.0,0.0,0.0,0.0,0.0,0.0,0.0,0.0,0.0,0.0,0.0,1.375,1.7425,1987.6175,4.75,5.454545454545452,0.24478306722483895,11.52634446553133,-14.0,4,1,0,0,0,0,6.0
403,0.25,0.0,0.0,0.0,0.0,0.0,0.0,0.25,0.25,0.25,0.0,0.0,0.0,0.0,0.0,0.0,0.0,0.0,0.0,0.0,0.0,0.0,0.0,0.0,0.0,0.0,0.0,0.0,1.3875000000000002,1.7275,2130.1175000000003,4.5,5.90760227414594,0.25113492389550285,11.52634446553133,-15.25,4,1,0,0,0,0,6.5
404,0.25,0.0,0.0,0.0,0.0,0.0,0.0,0.25,0.25,0.25,0.0,0.0,0.0,0.0,0.0,0.0,0.0,0.0,0.0,0.0,0.0,0.0,0.0,0.0,0.0,0.0,0.0,0.0,1.3875000000000002,1.7275,2130.1175000000003,4.5,5.90760227414594,0.25113492389550285,11.52634446553133,-15.25,4,1,0,0,0,0,6.5
405,0.25,0.0,0.0,0.0,0.0,0.0,0.0,0.25,0.25,0.25,0.0,0.0,0.0,0.0,0.0,0.0,0.0,0.0,0.0,0.0,0.0,0.0,0.0,0.0,0.0,0.0,0.0,0.0,1.3875000000000002,1.7275,2130.1175000000003,4.5,5.90760227414594,0.25113492389550285,11.52634446553133,-15.25,4,1,0,0,0,0,6.5
406,0.25,0.0,0.0,0.0,0.0,0.0,0.0,0.25,0.25,0.25,0.0,0.0,0.0,0.0,0.0,0.0,0.0,0.0,0.0,0.0,0.0,0.0,0.0,0.0,0.0,0.0,0.0,0.0,1.3875000000000002,1.7275,2130.1175000000003,4.5,5.90760227414594,0.25113492389550285,11.52634446553133,-15.25,4,1,0,0,0,0,6.5
407,0.25,0.0,0.0,0.0,0.0,0.0,0.0,0.25,0.0,0.25,0.0,0.0,0.25,0.0,0.0,0.0,0.0,0.0,0.0,0.0,0.0,0.0,0.0,0.0,0.0,0.0,0.0,0.0,1.3624999999999998,1.595,1951.8675,4.25,5.427596131284047,0.03354101966249681,11.52634446553133,-16.25,4,1,0,0,0,0,5.5
408,0.25,0.0,0.0,0.0,0.0,0.0,0.0,0.25,0.0,0.25,0.0,0.0,0.25,0.0,0.0,0.0,0.0,0.0,0.0,0.0,0.0,0.0,0.0,0.0,0.0,0.0,0.0,0.0,1.3624999999999998,1.595,1951.8675,4.25,5.427596131284047,0.03354101966249681,11.52634446553133,-16.25,4,1,0,0,0,0,5.5
409,0.25,0.0,0.0,0.0,0.0,0.0,0.0,0.25,0.0,0.25,0.0,0.0,0.25,0.0,0.0,0.0,0.0,0.0,0.0,0.0,0.0,0.0,0.0,0.0,0.0,0.0,0.0,0.0,1.3624999999999998,1.595,1951.8675,4.25,5.427596131284047,0.03354101966249681,11.52634446553133,-16.25,4,1,0,0,0,0,5.5
410,0.2,0.0,0.0,0.0,0.0,0.0,0.0,0.2,0.0,0.2,0.0,0.0,0.2,0.2,0.0,0.0,0.0,0.0,0.0,0.0,0.0,0.0,0.0,0.0,0.0,0.0,0.0,0.0,1.4000000000000001,1.5420000000000003,1987.0940000000003,4.2,7.142857142857138,0.11016351483136327,13.38167152293333,-17.44,5,1,0,0,0,0,5.8
411,0.2,0.0,0.0,0.0,0.0,0.0,0.0,0.2,0.0,0.2,0.0,0.0,0.2,0.2,0.0,0.0,0.0,0.0,0.0,0.0,0.0,0.0,0.0,0.0,0.0,0.0,0.0,0.0,1.4000000000000001,1.5420000000000003,1987.0940000000003,4.2,7.142857142857138,0.11016351483136327,13.38167152293333,-17.44,5,1,0,0,0,0,5.8
412,0.2,0.0,0.0,0.0,0.0,0.0,0.0,0.2,0.0,0.2,0.0,0.0,0.2,0.2,0.0,0.0,0.0,0.0,0.0,0.0,0.0,0.0,0.0,0.0,0.0,0.0,0.0,0.0,1.4000000000000001,1.5420000000000003,1987.0940000000003,4.2,7.142857142857138,0.11016351483136327,13.38167152293333,-17.44,5,1,0,0,0,0,5.8
413,0.24390243902439027,0.0,0.0,0.0,0.0,0.0,0.0,0.24390243902439027,0.0,0.24390243902439027,0.0,0.0,0.24390243902439027,0.02439024390243903,0.0,0.0,0.0,0.0,0.0,0.0,0.0,0.0,0.0,0.0,0.0,0.0,0.0,0.0,1.3670731707317074,1.5885365853658537,1956.1634146341466,4.2439024390243905,5.7466988076383245,0.05261739374888913,12.198598601589563,-16.513979773944083,5,1,0,0,0,0,5.5
414,0.24390243902439027,0.0,0.0,0.0,0.0,0.0,0.0,0.24390243902439027,0.0,0.24390243902439027,0.0,0.0,0.24390243902439027,0.02439024390243903,0.0,0.0,0.0,0.0,0.0,0.0,0.0,0.0,0.0,0.0,0.0,0.0,0.0,0.0,1.3670731707317074,1.5885365853658537,1956.1634146341466,4.2439024390243905,5.7466988076383245,0.05261739374888913,12.198598601589563,-16.513979773944083,5,1,0,0,0,0,5.5
415,0.24390243902439027,0.0,0.0,0.0,0.0,0.0,0.0,0.24390243902439027,0.0,0.24390243902439027,0.0,0.0,0.24390243902439027,0.02439024390243903,0.0,0.0,0.0,0.0,0.0,0.0,0.0,0.0,0.0,0.0,0.0,0.0,0.0,0.0,1.3670731707317074,1.5885365853658537,1956.1634146341466,4.2439024390243905,5.7466988076383245,0.05261739374888913,12.198598601589563,-16.513979773944083,5,1,0,0,0,0,5.5
416,0.23529411764705882,0.0,0.0,0.0,0.0,0.0,0.0,0.23529411764705882,0.0,0.23529411764705882,0.0,0.0,0.23529411764705882,0.058823529411764705,0.0,0.0,0.0,0.0,0.0,0.0,0.0,0.0,0.0,0.0,0.0,0.0,0.0,0.0,1.3735294117647057,1.5794117647058823,1962.228235294118,4.235294117647058,6.131829149154759,0.07033287142416526,12.708428146302392,-16.83044982698962,5,1,0,0,0,0,5.6
417,0.23529411764705882,0.0,0.0,0.0,0.0,0.0,0.0,0.23529411764705882,0.0,0.23529411764705882,0.0,0.0,0.23529411764705882,0.058823529411764705,0.0,0.0,0.0,0.0,0.0,0.0,0.0,0.0,0.0,0.0,0.0,0.0,0.0,0.0,1.3735294117647057,1.5794117647058823,1962.228235294118,4.235294117647058,6.131829149154759,0.07033287142416526,12.708428146302392,-16.83044982698962,5,1,0,0,0,0,5.6
418,0.23529411764705882,0.0,0.0,0.0,0.0,0.0,0.0,0.23529411764705882,0.0,0.23529411764705882,0.0,0.0,0.23529411764705882,0.058823529411764705,0.0,0.0,0.0,0.0,0.0,0.0,0.0,0.0,0.0,0.0,0.0,0.0,0.0,0.0,1.3735294117647057,1.5794117647058823,1962.228235294118,4.235294117647058,6.131829149154759,0.07033287142416526,12.708428146302392,-16.83044982698962,5,1,0,0,0,0,5.6
419,0.2222222222222222,0.0,0.0,0.0,0.0,0.0,0.0,0.2222222222222222,0.0,0.2222222222222222,0.0,0.0,0.2222222222222222,0.1111111111111111,0.0,0.0,0.0,0.0,0.0,0.0,0.0,0.0,0.0,0.0,0.0,0.0,0.0,0.0,1.3833333333333333,1.5655555555555556,1971.4377777777777,4.222222222222222,6.5990669578935695,0.08908312112367751,13.14600398580363,-17.185185185185183,5,1,0,0,0,0,5.6
420,0.2222222222222222,0.0,0.0,0.0,0.0,0.0,0.0,0.2222222222222222,0.0,0.2222222222222222,0.0,0.0,0.2222222222222222,0.1111111111111111,0.0,0.0,0.0,0.0,0.0,0.0,0.0,0.0,0.0,0.0,0.0,0.0,0.0,0.0,1.3833333333333333,1.5655555555555556,1971.4377777777777,4.222222222222222,6.5990669578935695,0.08908312112367751,13.14600398580363,-17.185185185185183,5,1,0,0,0,0,5.6
421,0.2222222222222222,0.0,0.0,0.0,0.0,0.0,0.0,0.2222222222222222,0.0,0.2222222222222222,0.0,0.0,0.2222222222222222,0.1111111111111111,0.0,0.0,0.0,0.0,0.0,0.0,0.0,0.0,0.0,0.0,0.0,0.0,0.0,0.0,1.3833333333333333,1.5655555555555556,1971.4377777777777,4.222222222222222,6.5990669578935695,0.08908312112367751,13.14600398580363,-17.185185185185183,5,1,0,0,0,0,5.6
422,0.18184296619411122,0.0,0.0,0.0,0.0,0.0,0.0,0.18184296619411122,0.0,0.18184296619411122,0.0,0.0,0.18184296619411122,0.27262813522355506,0.0,0.0,0.0,0.0,0.0,0.0,0.0,0.0,0.0,0.0,0.0,0.0,0.0,0.0,1.4136177753544166,1.5227535441657578,1999.8861750272627,4.181842966194111,7.402230154730345,0.12142509527827662,13.255033030088839,-17.322674276866504,5,1,0,0,0,0,5.8
423,0.18184296619411122,0.0,0.0,0.0,0.0,0.0,0.0,0.18184296619411122,0.0,0.18184296619411122,0.0,0.0,0.18184296619411122,0.27262813522355506,0.0,0.0,0.0,0.0,0.0,0.0,0.0,0.0,0.0,0.0,0.0,0.0,0.0,0.0,1.4136177753544166,1.5227535441657578,1999.8861750272627,4.181842966194111,7.402230154730345,0.12142509527827662,13.255033030088839,-17.322674276866504,5,1,0,0,0,0,5.8
424,0.18184296619411122,0.0,0.0,0.0,0.0,0.0,0.0,0.18184296619411122,0.0,0.18184296619411122,0.0,0.0,0.18184296619411122,0.27262813522355506,0.0,0.0,0.0,0.0,0.0,0.0,0.0,0.0,0.0,0.0,0.0,0.0,0.0,0.0,1.4136177753544166,1.5227535441657578,1999.8861750272627,4.181842966194111,7.402230154730345,0.12142509527827662,13.255033030088839,-17.322674276866504,5,1,0,0,0,0,5.8
425,0.0,0.25,0.0,0.0,0.0,0.25,0.0,0.25,0.25,0.0,0.0,0.0,0.0,0.0,0.0,0.0,0.0,0.0,0.0,0.0,0.0,0.0,0.0,0.0,0.0,0.0,0.0,0.0,1.4125,1.8250000000000002,2398.5,6.5,2.9350661861552125,0.21971572542719836,11.52634446553133,-11.75,4,0,1,0,0,0,8.8
426,0.0,0.2,0.0,0.0,0.0,0.2,0.0,0.2,0.2,0.2,0.0,0.0,0.0,0.0,0.0,0.0,0.0,0.0,0.0,0.0,0.0,0.0,0.0,0.0,0.0,0.0,0.0,0.0,1.4100000000000001,1.7680000000000002,2307.0,6.0,2.653657721116266,0.22719154913860684,13.38167152293333,-13.440000000000001,5,0,1,0,0,0,7.8
427,0.0,0.23809523809523808,0.0,0.0,0.0,0.23809523809523808,0.0,0.23809523809523808,0.23809523809523808,0.047619047619047616,0.0,0.0,0.0,0.0,0.0,0.0,0.0,0.0,0.0,0.0,0.0,0.0,0.0,0.0,0.0,0.0,0.0,0.0,1.4119047619047618,1.8114285714285712,2376.714285714286,6.380952380952381,2.8717346316907872,0.22284493251043033,12.56923273899109,-12.335600907029477,5,0,1,0,0,0,8.5
428,0.0,0.22727272727272727,0.0,0.0,0.0,0.22727272727272727,0.0,0.22727272727272727,0.22727272727272727,0.09090909090909091,0.0,0.0,0.0,0.0,0.0,0.0,0.0,0.0,0.0,0.0,0.0,0.0,0.0,0.0,0.0,0.0,0.0,0.0,1.4113636363636362,1.7990909090909089,2356.909090909091,6.2727272727272725,2.812278453554421,0.22494260057561133,13.011391800075089,-12.768595041322314,5,0,1,0,0,0,8.3
429,0.0,0.2222222222222222,0.0,0.0,0.0,0.2222222222222222,0.0,0.2222222222222222,0.2222222222222222,0.1111111111111111,0.0,0.0,0.0,0.0,0.0,0.0,0.0,0.0,0.0,0.0,0.0,0.0,0.0,0.0,0.0,0.0,0.0,0.0,1.411111111111111,1.7933333333333334,2347.6666666666665,6.222222222222221,2.7838849653013593,0.22568414506414344,13.14600398580363,-12.93827160493827,5,0,1,0,0,0,8.2
430,0.0,0.0,0.0,0.0,0.0,0.2,0.0,0.2,0.0,0.2,0.0,0.0,0.0,0.2,0.0,0.0,0.0,0.0,0.0,0.0,0.0,0.2,0.0,0.0,0.0,0.0,0.0,0.0,1.47,1.4860000000000002,2301.0,4.6,4.613829920493385,0.14499655168313486,13.38167152293333,-4.0,5,1,0,0,0,0,8.2
431,0.0,0.0,0.0,0.0,0.0,0.2,0.0,0.2,0.0,0.2,0.0,0.0,0.0,0.2,0.0,0.0,0.0,0.0,0.0,0.0,0.0,0.2,0.0,0.0,0.0,0.0,0.0,0.0,1.47,1.4860000000000002,2301.0,4.6,4.613829920493385,0.14499655168313486,13.38167152293333,-4.0,5,1,0,0,0,0,8.2
432,0.0,0.0,0.0,0.0,0.0,0.2,0.0,0.2,0.0,0.2,0.0,0.0,0.0,0.2,0.0,0.0,0.0,0.0,0.0,0.0,0.0,0.2,0.0,0.0,0.0,0.0,0.0,0.0,1.47,1.4860000000000002,2301.0,4.6,4.613829920493385,0.14499655168313486,13.38167152293333,-4.0,5,1,0,0,0,0,8.2
433,0.0,0.0,0.0,0.0,0.0,0.2,0.0,0.2,0.0,0.2,0.0,0.0,0.0,0.2,0.0,0.0,0.0,0.0,0.0,0.0,0.0,0.2,0.0,0.0,0.0,0.0,0.0,0.0,1.47,1.4860000000000002,2301.0,4.6,4.613829920493385,0.14499655168313486,13.38167152293333,-4.0,5,1,0,0,0,0,8.2
434,0.0,0.0,0.0,0.0,0.0,0.2,0.0,0.2,0.0,0.2,0.0,0.0,0.0,0.2,0.0,0.0,0.0,0.0,0.0,0.0,0.0,0.2,0.0,0.0,0.0,0.0,0.0,0.0,1.47,1.4860000000000002,2301.0,4.6,4.613829920493385,0.14499655168313486,13.38167152293333,-4.0,5,0,1,0,0,0,8.2
435,0.0,0.0,0.0,0.0,0.0,0.0,0.0,0.2,0.0,0.2,0.0,0.0,0.2,0.2,0.0,0.0,0.0,0.0,0.0,0.0,0.0,0.2,0.0,0.0,0.0,0.0,0.0,0.0,1.46,1.4800000000000002,2301.6000000000004,4.4,5.479452054794522,0.13813037319865604,13.38167152293333,0.15999999999999992,5,1,0,0,0,0,8.1
436,0.0,0.0,0.0,0.0,0.0,0.0,0.0,0.2,0.0,0.2,0.0,0.0,0.2,0.2,0.0,0.0,0.0,0.0,0.0,0.0,0.0,0.2,0.0,0.0,0.0,0.0,0.0,0.0,1.46,1.4800000000000002,2301.6000000000004,4.4,5.479452054794522,0.13813037319865604,13.38167152293333,0.15999999999999992,5,1,0,0,0,0,8.1
437,0.0,0.0,0.0,0.0,0.0,0.0,0.0,0.2,0.0,0.2,0.0,0.0,0.2,0.2,0.0,0.0,0.0,0.0,0.0,0.0,0.0,0.2,0.0,0.0,0.0,0.0,0.0,0.0,1.46,1.4800000000000002,2301.6000000000004,4.4,5.479452054794522,0.13813037319865604,13.38167152293333,0.15999999999999992,5,1,0,0,0,0,8.1
438,0.0,0.0,0.0,0.0,0.0,0.0,0.0,0.2,0.0,0.2,0.0,0.0,0.2,0.2,0.0,0.0,0.0,0.0,0.0,0.0,0.0,0.2,0.0,0.0,0.0,0.0,0.0,0.0,1.46,1.4800000000000002,2301.6000000000004,4.4,5.479452054794522,0.13813037319865604,13.38167152293333,0.15999999999999992,5,1,0,0,0,0,8.1
439,0.0,0.0,0.0,0.0,0.0,0.0,0.0,0.2,0.0,0.2,0.0,0.0,0.2,0.2,0.0,0.0,0.0,0.0,0.0,0.0,0.0,0.2,0.0,0.0,0.0,0.0,0.0,0.0,1.46,1.4800000000000002,2301.6000000000004,4.4,5.479452054794522,0.13813037319865604,13.38167152293333,0.15999999999999992,5,0,1,0,0,0,8.1
440,0.0,0.0,0.0,0.0,0.0,0.23980815347721823,0.0,0.0,0.0,0.0407673860911271,0.0,0.0,0.23980815347721823,0.0,0.0,0.0,0.0,0.0,0.0,0.0,0.23980815347721823,0.0,0.23980815347721823,0.0,0.0,0.0,0.0,0.0,1.388009592326139,1.7774100719424462,2800.4724220623502,5.438848920863309,2.930752497181642,0.3326602420445898,12.473031135762838,-4.458016320756346,5,0,0,0,1,0,12.6
441,0.0,0.0,0.0,0.0,0.0,0.23980815347721823,0.0,0.0,0.0,0.0407673860911271,0.0,0.0,0.23980815347721823,0.0,0.0,0.0,0.0,0.0,0.0,0.0,0.23980815347721823,0.0,0.23980815347721823,0.0,0.0,0.0,0.0,0.0,1.388009592326139,1.7774100719424462,2800.4724220623502,5.438848920863309,2.930752497181642,0.3326602420445898,12.473031135762838,-4.458016320756346,5,0,0,0,1,0,12.6
442,0.0,0.0,0.0,0.0,0.0,0.23255813953488372,0.0,0.0,0.0,0.06976744186046512,0.0,0.0,0.23255813953488372,0.0,0.0,0.0,0.0,0.0,0.0,0.0,0.23255813953488372,0.0,0.23255813953488372,0.0,0.0,0.0,0.0,0.0,1.388372093023256,1.7702325581395346,2774.4883720930234,5.395348837209302,2.8891437706298717,0.3301056094018582,12.826056830530574,-4.586262844780963,5,0,0,0,1,0,12.3
443,0.0,0.0,0.0,0.0,0.0,0.23255813953488372,0.0,0.0,0.0,0.06976744186046512,0.0,0.0,0.23255813953488372,0.0,0.0,0.0,0.0,0.0,0.0,0.0,0.23255813953488372,0.0,0.23255813953488372,0.0,0.0,0.0,0.0,0.0,1.388372093023256,1.7702325581395346,2774.4883720930234,5.395348837209302,2.8891437706298717,0.3301056094018582,12.826056830530574,-4.586262844780963,5,0,0,0,1,0,12.3
444,0.0,0.0,0.0,0.0,0.0,0.25,0.0,0.0,0.0,0.0,0.0,0.0,0.25,0.0,0.0,0.0,0.0,0.0,0.0,0.0,0.25,0.0,0.25,0.0,0.0,0.0,0.0,0.0,1.3875000000000002,1.7875,2837.0,5.5,2.9879502615814344,0.33595944695751595,11.52634446553133,-4.25,4,0,0,0,1,0,13.0
445,0.0,0.0,0.0,0.0,0.0,0.25,0.0,0.0,0.0,0.0,0.0,0.0,0.25,0.0,0.0,0.0,0.0,0.0,0.0,0.0,0.25,0.0,0.25,0.0,0.0,0.0,0.0,0.0,1.3875000000000002,1.7875,2837.0,5.5,2.9879502615814344,0.33595944695751595,11.52634446553133,-4.25,4,0,0,0,1,0,13.0
446,0.0,0.0,0.0,0.0,0.0,0.0,0.0,0.3073140749846343,0.0,0.17762753534111864,0.0,0.0,0.0,0.12784265519360788,0.0,0.0,0.0,0.0,0.0,0.0,0.3073140749846343,0.07990165949600493,0.0,0.0,0.0,0.0,0.0,0.0,1.4618930547019056,1.5001229256299942,2673.2347879532886,4.614628149969269,3.3371752195881843,0.10123264696044004,12.446952016636146,2.4426463538422194,5,0,1,0,0,0,10.4
447,0.0,0.0,0.0,0.0,0.0,0.0,0.0,0.3073140749846343,0.0,0.17762753534111864,0.0,0.0,0.0,0.12784265519360788,0.0,0.0,0.0,0.0,0.0,0.0,0.3073140749846343,0.07990165949600493,0.0,0.0,0.0,0.0,0.0,0.0,1.4618930547019056,1.5001229256299942,2673.2347879532886,4.614628149969269,3.3371752195881843,0.10123264696044004,12.446952016636146,2.4426463538422194,5,0,1,0,0,0,10.4
448,0.0,0.0,0.0,0.0,0.0,0.0,0.0,0.3073140749846343,0.0,0.17762753534111864,0.0,0.0,0.0,0.12784265519360788,0.0,0.0,0.0,0.0,0.0,0.0,0.3073140749846343,0.07990165949600493,0.0,0.0,0.0,0.0,0.0,0.0,1.4618930547019056,1.5001229256299942,2673.2347879532886,4.614628149969269,3.3371752195881843,0.10123264696044004,12.446952016636146,2.4426463538422194,5,0,1,0,0,0,10.4
449,0.0,0.0,0.0,0.0,0.0,0.0,0.0,0.3073140749846343,0.0,0.17762753534111864,0.0,0.0,0.0,0.12784265519360788,0.0,0.0,0.0,0.0,0.0,0.0,0.3073140749846343,0.07990165949600493,0.0,0.0,0.0,0.0,0.0,0.0,1.4618930547019056,1.5001229256299942,2673.2347879532886,4.614628149969269,3.3371752195881843,0.10123264696044004,12.446952016636146,2.4426463538422194,5,0,1,0,0,0,10.4
450,0.0,0.0,0.0,0.0,0.0,0.0,0.0,0.3073140749846343,0.0,0.17762753534111864,0.0,0.0,0.0,0.12784265519360788,0.0,0.0,0.0,0.0,0.0,0.0,0.3073140749846343,0.07990165949600493,0.0,0.0,0.0,0.0,0.0,0.0,1.4618930547019056,1.5001229256299942,2673.2347879532886,4.614628149969269,3.3371752195881843,0.10123264696044004,12.446952016636146,2.4426463538422194,5,0,1,0,0,0,10.4
451,0.0,0.0,0.0,0.0,0.02439024390243903,0.0,0.0,0.24390243902439027,0.12195121951219513,0.24390243902439027,0.0,0.0,0.0,0.24390243902439027,0.0,0.0,0.0,0.0,0.0,0.0,0.0,0.12195121951219513,0.0,0.0,0.0,0.0,0.0,0.0,1.4658536585365853,1.5585365853658537,2363.09756097561,4.487804878048781,5.709603972303989,0.2614458949354229,13.604250365678748,-6.472337894110651,6,0,1,0,0,0,7.7
452,0.0,0.0,0.0,0.0,0.06976744186046512,0.0,0.0,0.23255813953488372,0.11627906976744186,0.23255813953488372,0.0,0.0,0.0,0.23255813953488372,0.0,0.0,0.0,0.0,0.0,0.0,0.0,0.11627906976744186,0.0,0.0,0.0,0.0,0.0,0.0,1.4488372093023256,1.5744186046511628,2331.6511627906975,4.465116279069767,7.752160925228415,0.2652274348780806,14.166329442801658,-17.22011898323418,6,0,1,0,0,0,7.5
453,0.0,0.0,0.0,0.0,0.1111111111111111,0.0,0.0,0.2222222222222222,0.1111111111111111,0.2222222222222222,0.0,0.0,0.0,0.2222222222222222,0.0,0.0,0.0,0.0,0.0,0.0,0.0,0.1111111111111111,0.0,0.0,0.0,0.0,0.0,0.0,1.4333333333333333,1.5888888888888888,2303.0,4.444444444444444,9.155823109316055,0.2678077438281444,14.42670892641822,-26.07407407407407,6,0,1,0,0,0,7.2
454,0.0,0.0,0.0,0.0,0.14893617021276595,0.0,0.0,0.2127659574468085,0.10638297872340426,0.2127659574468085,0.0,0.0,0.0,0.2127659574468085,0.0,0.0,0.0,0.0,0.0,0.0,0.0,0.10638297872340426,0.0,0.0,0.0,0.0,0.0,0.0,1.419148936170213,1.602127659574468,2276.787234042553,4.425531914893616,10.215276405462161,0.26946705613364114,14.535096544193904,-33.390674513354455,6,0,1,0,0,0,7.0
455,0.0,0.0,0.0,0.0,0.18367346938775508,0.0,0.0,0.2040816326530612,0.1020408163265306,0.2040816326530612,0.0,0.0,0.0,0.2040816326530612,0.0,0.0,0.0,0.0,0.0,0.0,0.0,0.1020408163265306,0.0,0.0,0.0,0.0,0.0,0.0,1.4061224489795918,1.614285714285714,2252.7142857142853,4.408163265306122,11.050989257688727,0.2704116287802576,14.550755345484456,-39.45022907122031,6,0,1,0,0,0,6.8
456,0.0,0.0,0.0,0.0,0.0,0.0,0.0,0.25,0.125,0.25,0.0,0.0,0.0,0.25,0.0,0.0,0.0,0.0,0.0,0.0,0.0,0.125,0.0,0.0,0.0,0.0,0.0,0.0,1.475,1.5500000000000003,2380.0,4.5,4.151677530140978,0.25898841672939743,12.967137523722748,-0.25,5,0,1,0,0,0,7.9
457,0.0,0.0,0.0,0.0,0.0,0.0,0.0,0.2001200120012001,0.0,0.3000300030003,0.0,0.0,0.0,0.2499249924992499,0.0,0.0,0.0,0.0,0.0,0.0,0.0999099909990999,0.15001500150015,0.0,0.0,0.0,0.0,0.0,0.0,1.4749924992499248,1.4595229522952295,2369.170117011701,4.3000300030003,4.3542590631588824,0.1186013873323265,12.841129390999315,2.360311998796639,5,0,0,0,0,1,8.4
458,0.0,0.0,0.0,0.0,0.0,0.0,0.0,0.2001200120012001,0.0,0.3000300030003,0.0,0.0,0.0,0.2499249924992499,0.0,0.0,0.0,0.0,0.0,0.0,0.0999099909990999,0.15001500150015,0.0,0.0,0.0,0.0,0.0,0.0,1.4749924992499248,1.4595229522952295,2369.170117011701,4.3000300030003,4.3542590631588824,0.1186013873323265,12.841129390999315,2.360311998796639,5,0,0,0,0,1,8.4
459,0.0,0.0,0.0,0.0,0.0,0.0,0.0,0.2001200120012001,0.0,0.3000300030003,0.0,0.0,0.0,0.2499249924992499,0.0,0.0,0.0,0.0,0.0,0.0,0.0999099909990999,0.15001500150015,0.0,0.0,0.0,0.0,0.0,0.0,1.4749924992499248,1.4595229522952295,2369.170117011701,4.3000300030003,4.3542590631588824,0.1186013873323265,12.841129390999315,2.360311998796639,5,0,0,0,0,1,8.4
460,0.0,0.0,0.0,0.0,0.0,0.0,0.0,0.2001200120012001,0.0,0.3000300030003,0.0,0.0,0.0,0.2499249924992499,0.0,0.0,0.0,0.0,0.0,0.0,0.0999099909990999,0.15001500150015,0.0,0.0,0.0,0.0,0.0,0.0,1.4749924992499248,1.4595229522952295,2369.170117011701,4.3000300030003,4.3542590631588824,0.1186013873323265,12.841129390999315,2.360311998796639,5,0,0,0,0,1,8.4
461,0.0,0.0,0.0,0.0,0.0,0.0,0.0,0.2001200120012001,0.0,0.3000300030003,0.0,0.0,0.0,0.2499249924992499,0.0,0.0,0.0,0.0,0.0,0.0,0.0999099909990999,0.15001500150015,0.0,0.0,0.0,0.0,0.0,0.0,1.4749924992499248,1.4595229522952295,2369.170117011701,4.3000300030003,4.3542590631588824,0.1186013873323265,12.841129390999315,2.360311998796639,5,0,0,0,0,1,8.4
462,0.0,0.0,0.0,0.0,0.0,0.0,0.0,0.2001200120012001,0.0,0.3000300030003,0.0,0.0,0.0,0.2499249924992499,0.0,0.0,0.0,0.0,0.0,0.0,0.0999099909990999,0.15001500150015,0.0,0.0,0.0,0.0,0.0,0.0,1.4749924992499248,1.4595229522952295,2369.170117011701,4.3000300030003,4.3542590631588824,0.1186013873323265,12.841129390999315,2.360311998796639,5,0,0,0,0,1,8.4
463,0.0,0.0,0.0,0.0,0.0,0.0,0.0,0.2001200120012001,0.0,0.3000300030003,0.0,0.0,0.0,0.2499249924992499,0.0,0.0,0.0,0.0,0.0,0.0,0.0999099909990999,0.15001500150015,0.0,0.0,0.0,0.0,0.0,0.0,1.4749924992499248,1.4595229522952295,2369.170117011701,4.3000300030003,4.3542590631588824,0.1186013873323265,12.841129390999315,2.360311998796639,5,0,0,0,0,1,8.4
464,0.0,0.0,0.0,0.0,0.0,0.0,0.0,0.2001200120012001,0.0,0.3000300030003,0.0,0.0,0.0,0.2499249924992499,0.0,0.0,0.0,0.0,0.0,0.0,0.0999099909990999,0.15001500150015,0.0,0.0,0.0,0.0,0.0,0.0,1.4749924992499248,1.4595229522952295,2369.170117011701,4.3000300030003,4.3542590631588824,0.1186013873323265,12.841129390999315,2.360311998796639,5,0,0,0,0,1,8.4
465,0.0,0.0,0.0,0.0,0.0,0.0,0.0,0.2001200120012001,0.0,0.3000300030003,0.0,0.0,0.0,0.2499249924992499,0.0,0.0,0.0,0.0,0.0,0.0,0.0999099909990999,0.15001500150015,0.0,0.0,0.0,0.0,0.0,0.0,1.4749924992499248,1.4595229522952295,2369.170117011701,4.3000300030003,4.3542590631588824,0.1186013873323265,12.841129390999315,2.360311998796639,5,0,0,0,0,1,8.4
466,0.0,0.0,0.0,0.0,0.0,0.0,0.0,0.2001200120012001,0.0,0.3000300030003,0.0,0.0,0.0,0.2499249924992499,0.0,0.0,0.0,0.0,0.0,0.0,0.0999099909990999,0.15001500150015,0.0,0.0,0.0,0.0,0.0,0.0,1.4749924992499248,1.4595229522952295,2369.170117011701,4.3000300030003,4.3542590631588824,0.1186013873323265,12.841129390999315,2.360311998796639,5,0,0,0,0,1,8.4
467,0.0,0.0,0.0,0.0,0.0,0.0,0.0,0.2001200120012001,0.0,0.3000300030003,0.0,0.0,0.0,0.2499249924992499,0.0,0.0,0.0,0.0,0.0,0.0,0.0999099909990999,0.15001500150015,0.0,0.0,0.0,0.0,0.0,0.0,1.4749924992499248,1.4595229522952295,2369.170117011701,4.3000300030003,4.3542590631588824,0.1186013873323265,12.841129390999315,2.360311998796639,5,0,0,0,0,1,8.4
468,0.0,0.0,0.0,0.0,0.0,0.0,0.0,0.2001200120012001,0.0,0.3000300030003,0.0,0.0,0.0,0.2499249924992499,0.0,0.0,0.0,0.0,0.0,0.0,0.0999099909990999,0.15001500150015,0.0,0.0,0.0,0.0,0.0,0.0,1.4749924992499248,1.4595229522952295,2369.170117011701,4.3000300030003,4.3542590631588824,0.1186013873323265,12.841129390999315,2.360311998796639,5,0,0,0,0,1,8.4
469,0.0,0.0,0.0,0.0,0.0,0.0,0.0,0.2001200120012001,0.0,0.3000300030003,0.0,0.0,0.0,0.2499249924992499,0.0,0.0,0.0,0.0,0.0,0.0,0.0999099909990999,0.15001500150015,0.0,0.0,0.0,0.0,0.0,0.0,1.4749924992499248,1.4595229522952295,2369.170117011701,4.3000300030003,4.3542590631588824,0.1186013873323265,12.841129390999315,2.360311998796639,5,0,0,0,0,1,8.4
470,0.0,0.0,0.0,0.0,0.0,0.0,0.0,0.2001200120012001,0.0,0.3000300030003,0.0,0.0,0.0,0.2499249924992499,0.0,0.0,0.0,0.0,0.0,0.0,0.0999099909990999,0.15001500150015,0.0,0.0,0.0,0.0,0.0,0.0,1.4749924992499248,1.4595229522952295,2369.170117011701,4.3000300030003,4.3542590631588824,0.1186013873323265,12.841129390999315,2.360311998796639,5,0,0,0,0,1,8.4
471,0.0,0.0,0.0,0.0,0.0,0.0,0.0,0.2001200120012001,0.0,0.3000300030003,0.0,0.0,0.0,0.2499249924992499,0.0,0.0,0.0,0.0,0.0,0.0,0.0999099909990999,0.15001500150015,0.0,0.0,0.0,0.0,0.0,0.0,1.4749924992499248,1.4595229522952295,2369.170117011701,4.3000300030003,4.3542590631588824,0.1186013873323265,12.841129390999315,2.360311998796639,5,0,0,0,0,1,8.4
472,0.0,0.0,0.0,0.0,0.0,0.0,0.0,0.2001200120012001,0.0,0.3000300030003,0.0,0.0,0.0,0.2499249924992499,0.0,0.0,0.0,0.0,0.0,0.0,0.0999099909990999,0.15001500150015,0.0,0.0,0.0,0.0,0.0,0.0,1.4749924992499248,1.4595229522952295,2369.170117011701,4.3000300030003,4.3542590631588824,0.1186013873323265,12.841129390999315,2.360311998796639,5,0,0,0,0,1,8.4
473,0.0,0.0,0.0,0.0,0.0,0.0,0.0,0.2001200120012001,0.0,0.3000300030003,0.0,0.0,0.0,0.2499249924992499,0.0,0.0,0.0,0.0,0.0,0.0,0.0999099909990999,0.15001500150015,0.0,0.0,0.0,0.0,0.0,0.0,1.4749924992499248,1.4595229522952295,2369.170117011701,4.3000300030003,4.3542590631588824,0.1186013873323265,12.841129390999315,2.360311998796639,5,0,0,0,0,1,8.4
474,0.0,0.0,0.0,0.0,0.0,0.0,0.0,0.2001200120012001,0.0,0.3000300030003,0.0,0.0,0.0,0.2499249924992499,0.0,0.0,0.0,0.0,0.0,0.0,0.0999099909990999,0.15001500150015,0.0,0.0,0.0,0.0,0.0,0.0,1.4749924992499248,1.4595229522952295,2369.170117011701,4.3000300030003,4.3542590631588824,0.1186013873323265,12.841129390999315,2.360311998796639,5,0,0,0,0,1,8.4
475,0.0,0.0,0.0,0.0,0.0,0.0,0.0,0.2001200120012001,0.0,0.3000300030003,0.0,0.0,0.0,0.2499249924992499,0.0,0.0,0.0,0.0,0.0,0.0,0.0999099909990999,0.15001500150015,0.0,0.0,0.0,0.0,0.0,0.0,1.4749924992499248,1.4595229522952295,2369.170117011701,4.3000300030003,4.3542590631588824,0.1186013873323265,12.841129390999315,2.360311998796639,5,0,0,0,0,1,8.4
476,0.0,0.0,0.0,0.0,0.0,0.0,0.0,0.2001200120012001,0.0,0.3000300030003,0.0,0.0,0.0,0.2499249924992499,0.0,0.0,0.0,0.0,0.0,0.0,0.0999099909990999,0.15001500150015,0.0,0.0,0.0,0.0,0.0,0.0,1.4749924992499248,1.4595229522952295,2369.170117011701,4.3000300030003,4.3542590631588824,0.1186013873323265,12.841129390999315,2.360311998796639,5,0,0,0,0,1,8.4
477,0.0,0.0,0.0,0.0,0.0,0.0,0.0,0.2001200120012001,0.0,0.3000300030003,0.0,0.0,0.0,0.2499249924992499,0.0,0.0,0.0,0.0,0.0,0.0,0.0999099909990999,0.15001500150015,0.0,0.0,0.0,0.0,0.0,0.0,1.4749924992499248,1.4595229522952295,2369.170117011701,4.3000300030003,4.3542590631588824,0.1186013873323265,12.841129390999315,2.360311998796639,5,0,0,0,0,1,8.4
478,0.0,0.0,0.0,0.0,0.06976744186046512,0.0,0.0,0.23255813953488372,0.11627906976744186,0.23255813953488372,0.0,0.0,0.11627906976744186,0.0,0.0,0.0,0.0,0.0,0.0,0.0,0.0,0.23255813953488372,0.0,0.0,0.0,0.0,0.0,0.0,1.4255813953488372,1.6058139534883722,2382.0,4.5813953488372094,7.6906033059205,0.25413082657285496,14.16632944280166,-16.365603028664143,6,0,1,0,0,0,8.5
479,0.0,0.0,0.0,0.0,0.06976744186046512,0.0,0.0,0.23255813953488372,0.11627906976744186,0.23255813953488372,0.0,0.0,0.11627906976744186,0.0,0.0,0.0,0.0,0.0,0.0,0.0,0.0,0.23255813953488372,0.0,0.0,0.0,0.0,0.0,0.0,1.4255813953488372,1.6058139534883722,2382.0,4.5813953488372094,7.6906033059205,0.25413082657285496,14.16632944280166,-16.365603028664143,6,0,1,0,0,0,8.5
480,0.0,0.0,0.0,0.0,0.06976744186046512,0.0,0.0,0.23255813953488372,0.11627906976744186,0.23255813953488372,0.0,0.0,0.11627906976744186,0.0,0.0,0.0,0.0,0.0,0.0,0.0,0.0,0.23255813953488372,0.0,0.0,0.0,0.0,0.0,0.0,1.4255813953488372,1.6058139534883722,2382.0,4.5813953488372094,7.6906033059205,0.25413082657285496,14.16632944280166,-16.365603028664143,6,0,1,0,0,0,8.5
481,0.0,0.0,0.0,0.0,0.1111111111111111,0.0,0.0,0.2222222222222222,0.1111111111111111,0.2222222222222222,0.0,0.0,0.1111111111111111,0.0,0.0,0.0,0.0,0.0,0.0,0.0,0.0,0.2222222222222222,0.0,0.0,0.0,0.0,0.0,0.0,1.411111111111111,1.6188888888888888,2351.111111111111,4.555555555555555,8.960477698221286,0.2557100981990888,14.42670892641822,-24.44444444444444,6,0,1,0,0,0,8.2
482,0.0,0.0,0.0,0.0,0.1111111111111111,0.0,0.0,0.2222222222222222,0.1111111111111111,0.2222222222222222,0.0,0.0,0.1111111111111111,0.0,0.0,0.0,0.0,0.0,0.0,0.0,0.0,0.2222222222222222,0.0,0.0,0.0,0.0,0.0,0.0,1.411111111111111,1.6188888888888888,2351.111111111111,4.555555555555555,8.960477698221286,0.2557100981990888,14.42670892641822,-24.44444444444444,6,0,1,0,0,0,8.2
483,0.0,0.0,0.0,0.0,0.1111111111111111,0.0,0.0,0.2222222222222222,0.1111111111111111,0.2222222222222222,0.0,0.0,0.1111111111111111,0.0,0.0,0.0,0.0,0.0,0.0,0.0,0.0,0.2222222222222222,0.0,0.0,0.0,0.0,0.0,0.0,1.411111111111111,1.6188888888888888,2351.111111111111,4.555555555555555,8.960477698221286,0.2557100981990888,14.42670892641822,-24.44444444444444,6,0,1,0,0,0,8.2
484,0.0,0.0,0.0,0.0,0.14893617021276595,0.0,0.0,0.2127659574468085,0.10638297872340426,0.2127659574468085,0.0,0.0,0.10638297872340426,0.0,0.0,0.0,0.0,0.0,0.0,0.0,0.0,0.2127659574468085,0.0,0.0,0.0,0.0,0.0,0.0,1.397872340425532,1.630851063829787,2322.851063829787,4.531914893617021,9.925600511088652,0.2565634572678877,14.535096544193904,-31.11815301041195,6,0,1,0,0,0,7.9
485,0.0,0.0,0.0,0.0,0.14893617021276595,0.0,0.0,0.2127659574468085,0.10638297872340426,0.2127659574468085,0.0,0.0,0.10638297872340426,0.0,0.0,0.0,0.0,0.0,0.0,0.0,0.0,0.2127659574468085,0.0,0.0,0.0,0.0,0.0,0.0,1.397872340425532,1.630851063829787,2322.851063829787,4.531914893617021,9.925600511088652,0.2565634572678877,14.535096544193904,-31.11815301041195,6,0,1,0,0,0,7.9
486,0.0,0.0,0.0,0.0,0.14893617021276595,0.0,0.0,0.2127659574468085,0.10638297872340426,0.2127659574468085,0.0,0.0,0.10638297872340426,0.0,0.0,0.0,0.0,0.0,0.0,0.0,0.0,0.2127659574468085,0.0,0.0,0.0,0.0,0.0,0.0,1.397872340425532,1.630851063829787,2322.851063829787,4.531914893617021,9.925600511088652,0.2565634572678877,14.535096544193904,-31.11815301041195,6,0,1,0,0,0,7.9
487,0.0,0.0,0.0,0.0,0.0,0.0,0.0,0.25,0.125,0.25,0.0,0.0,0.125,0.0,0.0,0.0,0.0,0.0,0.0,0.0,0.0,0.25,0.0,0.0,0.0,0.0,0.0,0.0,1.45,1.58375,2434.125,4.625,4.561640191490678,0.2498968537216906,12.967137523722748,-0.875,5,0,1,0,0,0,9.0
488,0.0,0.0,0.0,0.0,0.0,0.0,0.0,0.25,0.125,0.25,0.0,0.0,0.125,0.0,0.0,0.0,0.0,0.0,0.0,0.0,0.0,0.25,0.0,0.0,0.0,0.0,0.0,0.0,1.45,1.58375,2434.125,4.625,4.561640191490678,0.2498968537216906,12.967137523722748,-0.875,5,0,1,0,0,0,9.0
489,0.0,0.0,0.0,0.0,0.0,0.0,0.0,0.25,0.125,0.25,0.0,0.0,0.125,0.0,0.0,0.0,0.0,0.0,0.0,0.0,0.0,0.25,0.0,0.0,0.0,0.0,0.0,0.0,1.45,1.58375,2434.125,4.625,4.561640191490678,0.2498968537216906,12.967137523722748,-0.875,5,0,1,0,0,0,9.0
490,0.0,0.0,0.0,0.0,0.0,0.0,0.0,0.0496850944716585,0.0,0.3498950314905529,0.0,0.0,0.0,0.27536738978306513,0.0,0.0,0.0,0.0,0.0,0.0,0.0496850944716585,0.27536738978306513,0.0,0.0,0.0,0.0,0.0,0.0,1.4875787263820857,1.4170783764870543,2255.2967109867045,4.099370188943318,4.739089878391046,0.11468871132387824,11.440763823620461,0.9747874797812582,5,0,0,0,0,1,8.5
491,0.058823529411764705,0.0,0.0,0.0,0.0,0.0,0.0,0.23529411764705882,0.0,0.23529411764705882,0.0,0.0,0.0,0.23529411764705882,0.0,0.0,0.0,0.0,0.0,0.0,0.23529411764705882,0.0,0.0,0.0,0.0,0.0,0.0,0.0,1.4499999999999997,1.4994117647058824,2433.498235294118,4.411764705882353,5.017978449027578,0.10119698834366066,12.70842814630239,-3.9307958477508653,5,0,0,1,0,0,8.6
492,0.058823529411764705,0.0,0.0,0.0,0.0,0.0,0.0,0.23529411764705882,0.0,0.23529411764705882,0.0,0.0,0.0,0.23529411764705882,0.0,0.0,0.0,0.0,0.0,0.0,0.23529411764705882,0.0,0.0,0.0,0.0,0.0,0.0,0.0,1.4499999999999997,1.4994117647058824,2433.498235294118,4.411764705882353,5.017978449027578,0.10119698834366066,12.70842814630239,-3.9307958477508653,5,0,0,1,0,0,8.6
493,0.1111111111111111,0.0,0.0,0.0,0.0,0.0,0.0,0.2222222222222222,0.1111111111111111,0.2222222222222222,0.0,0.0,0.0,0.2222222222222222,0.0,0.0,0.0,0.0,0.0,0.0,0.1111111111111111,0.0,0.0,0.0,0.0,0.0,0.0,0.0,1.4388888888888889,1.578888888888889,2306.3855555555556,4.444444444444445,5.855502273398882,0.22917457898798682,14.42670892641822,-10.518518518518515,6,0,0,1,0,0,7.6
494,0.1111111111111111,0.0,0.0,0.0,0.0,0.0,0.0,0.2222222222222222,0.1111111111111111,0.2222222222222222,0.0,0.0,0.0,0.2222222222222222,0.0,0.0,0.0,0.0,0.0,0.0,0.1111111111111111,0.0,0.0,0.0,0.0,0.0,0.0,0.0,1.4388888888888889,1.578888888888889,2306.3855555555556,4.444444444444445,5.855502273398882,0.22917457898798682,14.42670892641822,-10.518518518518515,6,0,0,1,0,0,7.6
495,0.2,0.0,0.0,0.0,0.0,0.0,0.0,0.2,0.1,0.2,0.0,0.0,0.0,0.2,0.0,0.0,0.0,0.0,0.0,0.0,0.1,0.0,0.0,0.0,0.0,0.0,0.0,0.0,1.4200000000000002,1.582,2169.0940000000005,4.3,6.899971106431485,0.2176143377629333,14.534305969486462,-16.84,6,0,0,1,0,0,7.1
496,0.2222222222222222,0.0,0.0,0.0,0.0,0.0,0.0,0.2222222222222222,0.1111111111111111,0.2222222222222222,0.0,0.0,0.0,0.1111111111111111,0.0,0.0,0.0,0.0,0.0,0.0,0.1111111111111111,0.0,0.0,0.0,0.0,0.0,0.0,0.0,1.4055555555555557,1.61,2173.66,4.333333333333333,6.5902498025822345,0.21160760330805173,14.42670892641822,-16.691358024691354,6,0,0,1,0,0,7.2
497,0.2222222222222222,0.0,0.0,0.0,0.0,0.0,0.0,0.2222222222222222,0.1111111111111111,0.2222222222222222,0.0,0.0,0.0,0.1111111111111111,0.0,0.0,0.0,0.0,0.0,0.0,0.1111111111111111,0.0,0.0,0.0,0.0,0.0,0.0,0.0,1.4055555555555557,1.61,2173.66,4.333333333333333,6.5902498025822345,0.21160760330805173,14.42670892641822,-16.691358024691354,6,0,0,1,0,0,7.2
498,0.25,0.0,0.0,0.0,0.0,0.0,0.0,0.25,0.0,0.25,0.0,0.0,0.0,0.125,0.0,0.0,0.0,0.0,0.0,0.0,0.125,0.0,0.0,0.0,0.0,0.0,0.0,0.0,1.4,1.54125,2083.3675000000003,4.125,6.916041689656102,0.08852083088177609,12.967137523722748,-18.5625,5,0,0,1,0,0,6.9
499,0.25,0.0,0.0,0.0,0.0,0.0,0.0,0.25,0.0,0.25,0.0,0.0,0.0,0.125,0.0,0.0,0.0,0.0,0.0,0.0,0.125,0.0,0.0,0.0,0.0,0.0,0.0,0.0,1.4,1.54125,2083.3675000000003,4.125,6.916041689656102,0.08852083088177609,12.967137523722748,-18.5625,5,0,0,1,0,0,6.9
500,0.0,0.0,0.0,0.0,0.09090909090909091,0.0,0.0,0.18181818181818182,0.0,0.18181818181818182,0.0,0.0,0.18181818181818182,0.18181818181818182,0.0,0.0,0.0,0.0,0.0,0.0,0.0,0.18181818181818182,0.0,0.0,0.0,0.0,0.0,0.0,1.4272727272727272,1.5181818181818183,2245.727272727273,4.363636363636364,9.007729696643917,0.17867279295446395,14.69805276134963,-21.752066115702483,6,1,0,0,0,0,7.5
501,0.0,0.0,0.0,0.0,0.09090909090909091,0.0,0.0,0.18181818181818182,0.0,0.18181818181818182,0.0,0.0,0.18181818181818182,0.18181818181818182,0.0,0.0,0.0,0.0,0.0,0.0,0.0,0.18181818181818182,0.0,0.0,0.0,0.0,0.0,0.0,1.4272727272727272,1.5181818181818183,2245.727272727273,4.363636363636364,9.007729696643917,0.17867279295446395,14.69805276134963,-21.752066115702483,6,1,0,0,0,0,7.5
502,0.0,0.0,0.0,0.0,0.09090909090909091,0.0,0.0,0.18181818181818182,0.0,0.18181818181818182,0.0,0.0,0.18181818181818182,0.18181818181818182,0.0,0.0,0.0,0.0,0.0,0.0,0.0,0.18181818181818182,0.0,0.0,0.0,0.0,0.0,0.0,1.4272727272727272,1.5181818181818183,2245.727272727273,4.363636363636364,9.007729696643917,0.17867279295446395,14.69805276134963,-21.752066115702483,6,1,0,0,0,0,7.5
503,0.0,0.0,0.0,0.0,0.09090909090909091,0.0,0.0,0.18181818181818182,0.0,0.18181818181818182,0.0,0.0,0.18181818181818182,0.18181818181818182,0.0,0.0,0.0,0.0,0.0,0.0,0.0,0.18181818181818182,0.0,0.0,0.0,0.0,0.0,0.0,1.4272727272727272,1.5181818181818183,2245.727272727273,4.363636363636364,9.007729696643917,0.17867279295446395,14.69805276134963,-21.752066115702483,6,1,0,0,0,0,7.5
504,0.0,0.0,0.0,0.0,0.09090909090909091,0.0,0.0,0.18181818181818182,0.0,0.18181818181818182,0.0,0.0,0.18181818181818182,0.18181818181818182,0.0,0.0,0.0,0.0,0.0,0.0,0.0,0.18181818181818182,0.0,0.0,0.0,0.0,0.0,0.0,1.4272727272727272,1.5181818181818183,2245.727272727273,4.363636363636364,9.007729696643917,0.17867279295446395,14.69805276134963,-21.752066115702483,6,0,1,0,0,0,7.5
505,0.0,0.0,0.0,0.0,0.09090909090909091,0.0,0.0,0.18181818181818182,0.0,0.18181818181818182,0.0,0.0,0.18181818181818182,0.18181818181818182,0.0,0.0,0.0,0.0,0.0,0.0,0.0,0.18181818181818182,0.0,0.0,0.0,0.0,0.0,0.0,1.4272727272727272,1.5181818181818183,2245.727272727273,4.363636363636364,9.007729696643917,0.17867279295446395,14.69805276134963,-21.752066115702483,6,0,1,0,0,0,7.5
506,0.0,0.0,0.0,0.0,0.09090909090909091,0.0,0.0,0.18181818181818182,0.0,0.18181818181818182,0.0,0.0,0.18181818181818182,0.18181818181818182,0.0,0.0,0.0,0.0,0.0,0.0,0.0,0.18181818181818182,0.0,0.0,0.0,0.0,0.0,0.0,1.4272727272727272,1.5181818181818183,2245.727272727273,4.363636363636364,9.007729696643917,0.17867279295446395,14.69805276134963,-21.752066115702483,6,0,1,0,0,0,7.5
507,0.0,0.0,0.0,0.0,0.0,0.0,0.0,0.2,0.0,0.2,0.0,0.0,0.0,0.2,0.0,0.0,0.0,0.0,0.0,0.0,0.2,0.2,0.0,0.0,0.0,0.0,0.0,0.0,1.48,1.4540000000000002,2523.0,4.4,4.054054054054058,0.11825396399275587,13.38167152293333,2.7200000000000006,5,0,0,1,0,0,9.9
508,0.0,0.0,0.0,0.0,0.0,0.0,0.0,0.2,0.0,0.2,0.0,0.0,0.0,0.2,0.0,0.0,0.0,0.0,0.0,0.0,0.2,0.2,0.0,0.0,0.0,0.0,0.0,0.0,1.48,1.4540000000000002,2523.0,4.4,4.054054054054058,0.11825396399275587,13.38167152293333,2.7200000000000006,5,0,0,1,0,0,9.9
509,0.0,0.0,0.0,0.0,0.0,0.0,0.0,0.2,0.0,0.2,0.0,0.0,0.0,0.2,0.0,0.0,0.0,0.0,0.0,0.0,0.2,0.2,0.0,0.0,0.0,0.0,0.0,0.0,1.48,1.4540000000000002,2523.0,4.4,4.054054054054058,0.11825396399275587,13.38167152293333,2.7200000000000006,5,0,0,1,0,0,9.9
510,0.0,0.0,0.0,0.0,0.0,0.0,0.0,0.2,0.0,0.2,0.0,0.0,0.0,0.2,0.0,0.0,0.0,0.0,0.0,0.0,0.2,0.2,0.0,0.0,0.0,0.0,0.0,0.0,1.48,1.4540000000000002,2523.0,4.4,4.054054054054058,0.11825396399275587,13.38167152293333,2.7200000000000006,5,0,0,0,0,1,9.9
511,0.0,0.0,0.0,0.0,0.0,0.0,0.0,0.2,0.0,0.2,0.0,0.0,0.0,0.2,0.0,0.0,0.0,0.0,0.0,0.0,0.2,0.2,0.0,0.0,0.0,0.0,0.0,0.0,1.48,1.4540000000000002,2523.0,4.4,4.054054054054058,0.11825396399275587,13.38167152293333,2.7200000000000006,5,0,0,0,0,1,9.9
512,0.0,0.0,0.0,0.0,0.0,0.0,0.0,0.2,0.0,0.2,0.0,0.0,0.0,0.2,0.0,0.0,0.0,0.0,0.0,0.0,0.2,0.2,0.0,0.0,0.0,0.0,0.0,0.0,1.48,1.4540000000000002,2523.0,4.4,4.054054054054058,0.11825396399275587,13.38167152293333,2.7200000000000006,5,0,0,0,0,1,9.9
513,0.0,0.0,0.0,0.0,0.0,0.0,0.0,0.2,0.0,0.2,0.0,0.0,0.0,0.2,0.0,0.0,0.0,0.0,0.0,0.0,0.2,0.2,0.0,0.0,0.0,0.0,0.0,0.0,1.48,1.4540000000000002,2523.0,4.4,4.054054054054058,0.11825396399275587,13.38167152293333,2.7200000000000006,5,0,0,0,0,1,9.9
514,0.0,0.0,0.0,0.0,0.0,0.0,0.0,0.2,0.0,0.2,0.0,0.0,0.0,0.2,0.0,0.0,0.0,0.0,0.0,0.0,0.2,0.2,0.0,0.0,0.0,0.0,0.0,0.0,1.48,1.4540000000000002,2523.0,4.4,4.054054054054058,0.11825396399275587,13.38167152293333,2.7200000000000006,5,0,0,0,0,1,9.9
515,0.0,0.0,0.0,0.0,0.0,0.0,0.0,0.2,0.0,0.2,0.0,0.0,0.0,0.2,0.0,0.0,0.0,0.0,0.0,0.0,0.2,0.2,0.0,0.0,0.0,0.0,0.0,0.0,1.48,1.4540000000000002,2523.0,4.4,4.054054054054058,0.11825396399275587,13.38167152293333,2.7200000000000006,5,0,0,0,0,1,9.9
516,0.0,0.0,0.0,0.0,0.0,0.0,0.0,0.2,0.0,0.2,0.0,0.0,0.0,0.2,0.0,0.0,0.0,0.0,0.0,0.0,0.2,0.2,0.0,0.0,0.0,0.0,0.0,0.0,1.48,1.4540000000000002,2523.0,4.4,4.054054054054058,0.11825396399275587,13.38167152293333,2.7200000000000006,5,0,0,0,0,1,9.9
517,0.0,0.0,0.0,0.0,0.0,0.0,0.0,0.2,0.0,0.2,0.0,0.0,0.0,0.2,0.0,0.0,0.0,0.0,0.0,0.0,0.2,0.2,0.0,0.0,0.0,0.0,0.0,0.0,1.48,1.4540000000000002,2523.0,4.4,4.054054054054058,0.11825396399275587,13.38167152293333,2.7200000000000006,5,0,0,0,0,1,9.9
518,0.0,0.0,0.0,0.0,0.0,0.0,0.0,0.2,0.0,0.2,0.0,0.0,0.0,0.2,0.0,0.0,0.0,0.0,0.0,0.0,0.2,0.2,0.0,0.0,0.0,0.0,0.0,0.0,1.48,1.4540000000000002,2523.0,4.4,4.054054054054058,0.11825396399275587,13.38167152293333,2.7200000000000006,5,0,1,0,0,0,9.9
519,0.0,0.0,0.0,0.0,0.0,0.0,0.0,0.2,0.0,0.2,0.0,0.0,0.0,0.2,0.0,0.0,0.0,0.0,0.0,0.0,0.2,0.2,0.0,0.0,0.0,0.0,0.0,0.0,1.48,1.4540000000000002,2523.0,4.4,4.054054054054058,0.11825396399275587,13.38167152293333,2.7200000000000006,5,0,1,0,0,0,9.9
520,0.0,0.0,0.0,0.0,0.0,0.0,0.0,0.2,0.0,0.2,0.0,0.0,0.0,0.2,0.0,0.0,0.0,0.0,0.0,0.0,0.2,0.2,0.0,0.0,0.0,0.0,0.0,0.0,1.48,1.4540000000000002,2523.0,4.4,4.054054054054058,0.11825396399275587,13.38167152293333,2.7200000000000006,5,0,1,0,0,0,9.9
521,0.0,0.0,0.0,0.0,0.0,0.0,0.0,0.2,0.0,0.2,0.0,0.0,0.0,0.2,0.0,0.0,0.0,0.0,0.0,0.0,0.2,0.2,0.0,0.0,0.0,0.0,0.0,0.0,1.48,1.4540000000000002,2523.0,4.4,4.054054054054058,0.11825396399275587,13.38167152293333,2.7200000000000006,5,0,1,0,0,0,9.9
522,0.0,0.0,0.0,0.0,0.0,0.0,0.0,0.2,0.0,0.2,0.0,0.0,0.0,0.2,0.0,0.0,0.0,0.0,0.0,0.0,0.2,0.2,0.0,0.0,0.0,0.0,0.0,0.0,1.48,1.4540000000000002,2523.0,4.4,4.054054054054058,0.11825396399275587,13.38167152293333,2.7200000000000006,5,0,1,0,0,0,9.9
523,0.0,0.0,0.0,0.0,0.0,0.0,0.0,0.2,0.0,0.2,0.0,0.0,0.0,0.2,0.0,0.0,0.0,0.0,0.0,0.0,0.2,0.2,0.0,0.0,0.0,0.0,0.0,0.0,1.48,1.4540000000000002,2523.0,4.4,4.054054054054058,0.11825396399275587,13.38167152293333,2.7200000000000006,5,0,1,0,0,0,9.9
524,0.047619047619047616,0.0,0.0,0.0,0.0,0.0,0.0,0.0,0.23809523809523808,0.23809523809523808,0.0,0.0,0.23809523809523808,0.0,0.0,0.0,0.0,0.0,0.0,0.0,0.23809523809523808,0.0,0.0,0.0,0.0,0.0,0.0,0.0,1.4047619047619047,1.7028571428571428,2499.212857142857,4.904761904761904,3.789945724575911,0.2598927041820814,12.56923273899109,-5.668934240362811,5,0,1,0,0,0,9.3
525,0.13043478260869565,0.0,0.0,0.0,0.0,0.0,0.0,0.0,0.2173913043478261,0.2173913043478261,0.0,0.0,0.2173913043478261,0.0,0.0,0.0,0.0,0.0,0.0,0.0,0.2173913043478261,0.0,0.0,0.0,0.0,0.0,0.0,0.0,1.3913043478260871,1.6947826086956526,2363.0613043478265,4.739130434782608,4.81594843981951,0.2497106075512803,13.242385524383808,-10.01890359168242,5,0,1,0,0,0,8.7
526,0.2,0.0,0.0,0.0,0.0,0.0,0.0,0.0,0.2,0.2,0.0,0.0,0.2,0.0,0.0,0.0,0.0,0.0,0.0,0.0,0.2,0.0,0.0,0.0,0.0,0.0,0.0,0.0,1.3800000000000001,1.6880000000000002,2248.6940000000004,4.6000000000000005,5.422691864889765,0.2406158764504122,13.38167152293333,-12.96,5,0,1,0,0,0,8.2
527,0.0,0.0,0.0,0.0,0.0,0.0,0.0,0.0,0.25,0.25,0.0,0.0,0.25,0.0,0.0,0.0,0.0,0.0,0.0,0.0,0.25,0.0,0.0,0.0,0.0,0.0,0.0,0.0,1.4124999999999999,1.7075,2577.5,5.0,2.9350661861552174,0.26545950726994133,11.52634446553133,-2.75,4,0,1,0,0,0,9.6
528,0.0,0.0,0.0,0.0,0.0,0.0,0.0,0.25,0.0,0.0,0.0,0.0,0.0,0.25,0.0,0.0,0.0,0.0,0.0,0.0,0.25,0.25,0.0,0.0,0.0,0.0,0.0,0.0,1.5,1.4324999999999999,2668.5,4.5,3.3333333333333384,0.12316147936753602,11.52634446553133,3.5,4,1,0,0,0,0,11.1
529,0.0,0.0,0.0,0.0,0.0,0.0,0.0,0.25,0.0,0.0,0.0,0.0,0.0,0.25,0.0,0.0,0.0,0.0,0.0,0.0,0.25,0.25,0.0,0.0,0.0,0.0,0.0,0.0,1.5,1.4324999999999999,2668.5,4.5,3.3333333333333384,0.12316147936753602,11.52634446553133,3.5,4,1,0,0,0,0,11.1
530,0.0,0.0,0.0,0.0,0.0,0.0,0.0,0.25,0.0,0.0,0.0,0.0,0.0,0.25,0.0,0.0,0.0,0.0,0.0,0.0,0.25,0.25,0.0,0.0,0.0,0.0,0.0,0.0,1.5,1.4324999999999999,2668.5,4.5,3.3333333333333384,0.12316147936753602,11.52634446553133,3.5,4,1,0,0,0,0,11.1
531,0.0,0.0,0.0,0.0,0.0,0.0,0.0,0.25,0.0,0.0,0.0,0.0,0.0,0.25,0.0,0.0,0.0,0.0,0.0,0.0,0.25,0.25,0.0,0.0,0.0,0.0,0.0,0.0,1.5,1.4324999999999999,2668.5,4.5,3.3333333333333384,0.12316147936753602,11.52634446553133,3.5,4,1,0,0,0,0,11.1
532,0.0,0.0,0.0,0.0,0.0,0.0,0.0,0.25,0.0,0.0,0.0,0.0,0.0,0.25,0.0,0.0,0.0,0.0,0.0,0.0,0.25,0.25,0.0,0.0,0.0,0.0,0.0,0.0,1.5,1.4324999999999999,2668.5,4.5,3.3333333333333384,0.12316147936753602,11.52634446553133,3.5,4,0,1,0,0,0,11.1
533,0.0,0.0,0.0,0.0,0.0,0.0,0.0,0.0,0.0,0.29411764705882354,0.0,0.0,0.0,0.29411764705882354,0.0,0.0,0.0,0.0,0.0,0.0,0.11764705882352942,0.29411764705882354,0.0,0.0,0.0,0.0,0.0,0.0,1.4941176470588236,1.4029411764705881,2320.8823529411766,4.11764705882353,4.5743897789851395,0.10637141952955954,11.071374860359454,0.9688581314878895,4,0,1,0,0,0,9.2
534,0.0,0.0,0.0,0.0,0.0,0.0,0.0,0.0,0.0,0.2857142857142857,0.0,0.0,0.0,0.2857142857142857,0.0,0.0,0.0,0.0,0.0,0.0,0.14285714285714285,0.2857142857142857,0.0,0.0,0.0,0.0,0.0,0.0,1.4928571428571429,1.4057142857142857,2348.5714285714284,4.142857142857142,4.539154536126864,0.10608044694706839,11.239408020521262,1.1428571428571428,4,0,1,0,0,0,9.4
535,0.0,0.0,0.0,0.0,0.0,0.0,0.0,0.0,0.0,0.2777777777777778,0.0,0.0,0.0,0.2777777777777778,0.0,0.0,0.0,0.0,0.0,0.0,0.16666666666666666,0.2777777777777778,0.0,0.0,0.0,0.0,0.0,0.0,1.4916666666666667,1.4083333333333334,2374.722222222222,4.166666666666667,4.5040546079880155,0.10573814617041266,11.358201066228055,1.2962962962962963,4,0,1,0,0,0,9.6
536,0.0,0.0,0.0,0.0,0.0,0.0,0.0,0.0,0.0,0.25,0.0,0.0,0.0,0.25,0.0,0.0,0.0,0.0,0.0,0.0,0.25,0.25,0.0,0.0,0.0,0.0,0.0,0.0,1.4875,1.4175,2466.25,4.25,4.3665146409299505,0.10401322031357357,11.52634446553133,1.75,4,0,1,0,0,0,10.2
537,0.0,0.0,0.0,0.0,0.0,0.0,0.0,0.23529411764705882,0.23529411764705882,0.058823529411764705,0.0,0.0,0.0,0.0,0.0,0.0,0.0,0.0,0.0,0.0,0.23529411764705882,0.0,0.23529411764705882,0.0,0.0,0.0,0.0,0.0,1.423529411764706,1.883529411764706,3086.1764705882356,5.411764705882353,2.979794442532217,0.36313894888013815,12.70842814630239,-6.145328719723183,5,0,1,0,0,0,13.1
538,0.0,0.0,0.0,0.0,0.0,0.0,0.0,0.2222222222222222,0.2222222222222222,0.1111111111111111,0.0,0.0,0.0,0.0,0.0,0.0,0.0,0.0,0.0,0.0,0.2222222222222222,0.0,0.2222222222222222,0.0,0.0,0.0,0.0,0.0,1.4222222222222223,1.8644444444444446,3022.555555555555,5.333333333333333,2.9231698334171425,0.3615740622184282,13.146003985803628,-5.82716049382716,5,0,1,0,0,0,12.6
539,0.0,0.0,0.0,0.0,0.0,0.0,0.0,0.21052631578947367,0.21052631578947367,0.15789473684210525,0.0,0.0,0.0,0.0,0.0,0.0,0.0,0.0,0.0,0.0,0.21052631578947367,0.0,0.21052631578947367,0.0,0.0,0.0,0.0,0.0,1.4210526315789473,1.8473684210526313,2965.6315789473683,5.2631578947368425,2.8688765527462325,0.35930989564446064,13.332866993811251,-5.540166204986149,5,0,1,0,0,0,12.2
540,0.0,0.0,0.0,0.0,0.0,0.0,0.0,0.2,0.2,0.2,0.0,0.0,0.0,0.0,0.0,0.0,0.0,0.0,0.0,0.0,0.2,0.0,0.2,0.0,0.0,0.0,0.0,0.0,1.42,1.832,2914.4,5.2,2.8169014084507005,0.3565613551690648,13.38167152293333,-5.280000000000001,5,0,1,0,0,0,11.8
541,0.0,0.0,0.0,0.0,0.0,0.0,0.0,0.25,0.25,0.0,0.0,0.0,0.0,0.0,0.0,0.0,0.0,0.0,0.0,0.0,0.25,0.0,0.25,0.0,0.0,0.0,0.0,0.0,1.4249999999999998,1.9049999999999998,3157.75,5.5,3.0386856273138148,0.3636963018783666,11.52634446553133,-6.5,4,0,1,0,0,0,13.7
542,0.0,0.0,0.0,0.0,0.0,0.0,0.0,0.2,0.2,0.2,0.0,0.0,0.2,0.0,0.0,0.0,0.0,0.0,0.0,0.0,0.2,0.0,0.0,0.0,0.0,0.0,0.0,0.0,1.4200000000000002,1.6860000000000002,2612.0000000000005,5.0,2.8169014084506965,0.24129649810969084,13.38167152293333,-2.5600000000000005,5,0,1,0,0,0,9.4
543,0.0,0.0,0.0,0.0,0.0,0.0,0.0,0.16666666666666666,0.16666666666666666,0.16666666666666666,0.0,0.0,0.16666666666666666,0.0,0.0,0.0,0.0,0.0,0.0,0.0,0.16666666666666666,0.0,0.16666666666666666,0.0,0.0,0.0,0.0,0.0,1.4083333333333332,1.7983333333333333,2792.5,5.166666666666667,3.18648805155888,0.3340866487737708,14.897584106896662,-4.222222222222221,6,0,1,0,0,0,11.0
544,0.0,0.0,0.0,0.0,0.0,0.0,0.0,0.16666666666666666,0.16666666666666666,0.16666666666666666,0.0,0.0,0.16666666666666666,0.0,0.0,0.0,0.0,0.0,0.0,0.0,0.16666666666666666,0.0,0.16666666666666666,0.0,0.0,0.0,0.0,0.0,1.4083333333333332,1.7983333333333333,2792.5,5.166666666666667,3.18648805155888,0.3340866487737708,14.897584106896662,-4.222222222222221,6,0,1,0,0,0,11.0
545,0.0,0.0,0.0,0.0,0.0,0.0,0.0,0.16666666666666666,0.16666666666666666,0.16666666666666666,0.0,0.0,0.16666666666666666,0.0,0.0,0.0,0.0,0.0,0.0,0.0,0.16666666666666666,0.0,0.16666666666666666,0.0,0.0,0.0,0.0,0.0,1.4083333333333332,1.7983333333333333,2792.5,5.166666666666667,3.18648805155888,0.3340866487737708,14.897584106896662,-4.222222222222221,6,0,1,0,0,0,11.0
546,0.0,0.0,0.0,0.0,0.0,0.0,0.0,0.16666666666666666,0.16666666666666666,0.16666666666666666,0.0,0.0,0.16666666666666666,0.0,0.0,0.0,0.0,0.0,0.0,0.0,0.16666666666666666,0.0,0.16666666666666666,0.0,0.0,0.0,0.0,0.0,1.4083333333333332,1.7983333333333333,2792.5,5.166666666666667,3.18648805155888,0.3340866487737708,14.897584106896662,-4.222222222222221,6,0,1,0,0,0,11.0
547,0.0,0.0,0.0,0.0,0.0,0.0,0.0,0.16666666666666666,0.16666666666666666,0.16666666666666666,0.0,0.0,0.16666666666666666,0.0,0.0,0.0,0.0,0.0,0.0,0.0,0.16666666666666666,0.0,0.16666666666666666,0.0,0.0,0.0,0.0,0.0,1.4083333333333332,1.7983333333333333,2792.5,5.166666666666667,3.18648805155888,0.3340866487737708,14.897584106896662,-4.222222222222221,6,0,1,0,0,0,11.0
548,0.0,0.0,0.0,0.0,0.0,0.0,0.0,0.2,0.2,0.2,0.0,0.0,0.0,0.0,0.0,0.0,0.0,0.0,0.0,0.0,0.2,0.0,0.2,0.0,0.0,0.0,0.0,0.0,1.42,1.832,2914.4,5.2,2.8169014084507005,0.3565613551690648,13.38167152293333,-5.280000000000001,5,0,1,0,0,0,11.8
549,0.0,0.0,0.0,0.0,0.0,0.0,0.0,0.2,0.2,0.2,0.0,0.0,0.0,0.0,0.0,0.0,0.0,0.0,0.0,0.0,0.2,0.0,0.2,0.0,0.0,0.0,0.0,0.0,1.42,1.832,2914.4,5.2,2.8169014084507005,0.3565613551690648,13.38167152293333,-5.280000000000001,5,0,1,0,0,0,11.8
550,0.0,0.0,0.0,0.0,0.0,0.0,0.0,0.2,0.2,0.2,0.0,0.0,0.0,0.0,0.0,0.0,0.0,0.0,0.0,0.0,0.2,0.0,0.2,0.0,0.0,0.0,0.0,0.0,1.42,1.832,2914.4,5.2,2.8169014084507005,0.3565613551690648,13.38167152293333,-5.280000000000001,5,0,1,0,0,0,11.8
551,0.0,0.0,0.0,0.0,0.0,0.0,0.0,0.2,0.2,0.2,0.0,0.0,0.0,0.0,0.0,0.0,0.0,0.0,0.0,0.0,0.2,0.0,0.2,0.0,0.0,0.0,0.0,0.0,1.42,1.832,2914.4,5.2,2.8169014084507005,0.3565613551690648,13.38167152293333,-5.280000000000001,5,0,1,0,0,0,11.8
552,0.0,0.0,0.0,0.0,0.0,0.0,0.0,0.2,0.2,0.2,0.0,0.0,0.0,0.0,0.0,0.0,0.0,0.0,0.0,0.0,0.2,0.0,0.2,0.0,0.0,0.0,0.0,0.0,1.42,1.832,2914.4,5.2,2.8169014084507005,0.3565613551690648,13.38167152293333,-5.280000000000001,5,0,1,0,0,0,11.8
553,0.0,0.0,0.0,0.0,0.0,0.0,0.0,0.2,0.2,0.2,0.0,0.0,0.0,0.2,0.0,0.0,0.0,0.0,0.0,0.0,0.2,0.0,0.0,0.0,0.0,0.0,0.0,0.0,1.46,1.6260000000000001,2601.0000000000005,4.8,3.3554654010728493,0.2816806702633321,13.38167152293333,-1.7600000000000002,5,0,1,0,0,0,9.1
554,0.0,0.0,0.0,0.0,0.0,0.0,0.0,0.2,0.2,0.2,0.0,0.0,0.0,0.2,0.0,0.0,0.0,0.0,0.0,0.0,0.2,0.0,0.0,0.0,0.0,0.0,0.0,0.0,1.46,1.6260000000000001,2601.0000000000005,4.8,3.3554654010728493,0.2816806702633321,13.38167152293333,-1.7600000000000002,5,1,0,0,0,0,9.1
555,0.0,0.0,0.0,0.0,0.0,0.0,0.0,0.2,0.2,0.2,0.0,0.0,0.0,0.2,0.0,0.0,0.0,0.0,0.0,0.0,0.2,0.0,0.0,0.0,0.0,0.0,0.0,0.0,1.46,1.6260000000000001,2601.0000000000005,4.8,3.3554654010728493,0.2816806702633321,13.38167152293333,-1.7600000000000002,5,0,1,0,0,0,9.1
556,0.0,0.0,0.0,0.0,0.0,0.0,0.0,0.2,0.2,0.0,0.0,0.0,0.2,0.0,0.0,0.0,0.0,0.0,0.0,0.0,0.2,0.0,0.2,0.0,0.0,0.0,0.0,0.0,1.41,1.85,2962.8,5.4,3.4744535358626587,0.34339481650135606,13.38167152293333,-4.640000000000001,5,0,0,0,1,0,12.4
557,0.0,0.0,0.0,0.0,0.0,0.0,0.0,0.25,0.0,0.25,0.0,0.0,0.25,0.0,0.0,0.0,0.0,0.0,0.0,0.0,0.25,0.0,0.0,0.0,0.0,0.0,0.0,0.0,1.4124999999999999,1.5675,2541.0,4.75,2.9350661861552174,0.050682837331783206,11.52634446553133,-0.25,4,0,1,0,0,0,9.2
558,0.0,0.0,0.0,0.0,0.0,0.0,0.0,0.2,0.0,0.2,0.0,0.0,0.2,0.0,0.0,0.0,0.0,0.0,0.0,0.0,0.2,0.0,0.2,0.0,0.0,0.0,0.0,0.0,1.4,1.726,2771.8,5.0,3.1943828249996984,0.3202249209540069,13.38167152293333,-3.68,5,0,1,0,0,0,11.1
559,0.0,0.0,0.0,0.0,0.0,0.0,0.0,0.25,0.0,0.0,0.0,0.0,0.25,0.0,0.0,0.0,0.0,0.0,0.0,0.0,0.25,0.0,0.25,0.0,0.0,0.0,0.0,0.0,1.4,1.7725,2979.5,5.25,3.57142857142857,0.3425912287260139,11.52634446553133,-4.5,4,0,1,0,0,0,12.9
560,0.1,0.0,0.0,0.0,0.0,0.2,0.0,0.2,0.0,0.4,0.0,0.0,0.1,0.0,0.0,0.0,0.0,0.0,0.0,0.0,0.0,0.0,0.0,0.0,0.0,0.0,0.0,0.0,1.39,1.592,2074.047,4.6,3.874219285708272,0.04686149805543989,12.229037076380196,-10.96,5,1,0,0,0,0,5.8
561,0.1,0.0,0.0,0.0,0.0,0.2,0.0,0.2,0.0,0.4,0.0,0.0,0.1,0.0,0.0,0.0,0.0,0.0,0.0,0.0,0.0,0.0,0.0,0.0,0.0,0.0,0.0,0.0,1.39,1.592,2074.047,4.6,3.874219285708272,0.04686149805543989,12.229037076380196,-10.96,5,1,0,0,0,0,5.8
562,0.1,0.0,0.0,0.0,0.0,0.2,0.0,0.2,0.0,0.4,0.0,0.0,0.1,0.0,0.0,0.0,0.0,0.0,0.0,0.0,0.0,0.0,0.0,0.0,0.0,0.0,0.0,0.0,1.39,1.592,2074.047,4.6,3.874219285708272,0.04686149805543989,12.229037076380196,-10.96,5,1,0,0,0,0,5.8
563,0.1,0.0,0.0,0.0,0.0,0.2,0.0,0.2,0.0,0.4,0.0,0.0,0.1,0.0,0.0,0.0,0.0,0.0,0.0,0.0,0.0,0.0,0.0,0.0,0.0,0.0,0.0,0.0,1.39,1.592,2074.047,4.6,3.874219285708272,0.04686149805543989,12.229037076380196,-10.96,5,1,0,0,0,0,5.8
564,0.1,0.0,0.0,0.0,0.0,0.2,0.0,0.2,0.0,0.4,0.0,0.0,0.1,0.0,0.0,0.0,0.0,0.0,0.0,0.0,0.0,0.0,0.0,0.0,0.0,0.0,0.0,0.0,1.39,1.592,2074.047,4.6,3.874219285708272,0.04686149805543989,12.229037076380196,-10.96,5,0,1,0,0,0,5.8
565,0.2222222222222222,0.0,0.0,0.0,0.0,0.1111111111111111,0.0,0.2222222222222222,0.0,0.2222222222222222,0.0,0.0,0.2222222222222222,0.0,0.0,0.0,0.0,0.0,0.0,0.0,0.0,0.0,0.0,0.0,0.0,0.0,0.0,0.0,1.3666666666666667,1.6022222222222222,1977.2155555555553,4.444444444444444,5.173952057462543,0.03764683188021644,13.146003985803628,-15.407407407407405,5,1,0,0,0,0,5.6
566,0.2222222222222222,0.0,0.0,0.0,0.0,0.1111111111111111,0.0,0.2222222222222222,0.0,0.2222222222222222,0.0,0.0,0.2222222222222222,0.0,0.0,0.0,0.0,0.0,0.0,0.0,0.0,0.0,0.0,0.0,0.0,0.0,0.0,0.0,1.3666666666666667,1.6022222222222222,1977.2155555555553,4.444444444444444,5.173952057462543,0.03764683188021644,13.146003985803628,-15.407407407407405,5,1,0,0,0,0,5.6
567,0.2222222222222222,0.0,0.0,0.0,0.0,0.1111111111111111,0.0,0.2222222222222222,0.0,0.2222222222222222,0.0,0.0,0.2222222222222222,0.0,0.0,0.0,0.0,0.0,0.0,0.0,0.0,0.0,0.0,0.0,0.0,0.0,0.0,0.0,1.3666666666666667,1.6022222222222222,1977.2155555555553,4.444444444444444,5.173952057462543,0.03764683188021644,13.146003985803628,-15.407407407407405,5,1,0,0,0,0,5.6
568,0.2222222222222222,0.0,0.0,0.0,0.0,0.1111111111111111,0.0,0.2222222222222222,0.0,0.2222222222222222,0.0,0.0,0.2222222222222222,0.0,0.0,0.0,0.0,0.0,0.0,0.0,0.0,0.0,0.0,0.0,0.0,0.0,0.0,0.0,1.3666666666666667,1.6022222222222222,1977.2155555555553,4.444444444444444,5.173952057462543,0.03764683188021644,13.146003985803628,-15.407407407407405,5,1,0,0,0,0,5.6
569,0.18184296619411122,0.0,0.0,0.0,0.0,0.27262813522355506,0.0,0.18184296619411122,0.0,0.18184296619411122,0.0,0.0,0.18184296619411122,0.0,0.0,0.0,0.0,0.0,0.0,0.0,0.0,0.0,0.0,0.0,0.0,0.0,0.0,0.0,1.3727235550708832,1.612720828789531,2014.0628380588876,4.727099236641221,4.752829869007573,0.04069544748746649,13.25503303008884,-13.753237644921029,5,1,0,0,0,0,5.9
570,0.18184296619411122,0.0,0.0,0.0,0.0,0.27262813522355506,0.0,0.18184296619411122,0.0,0.18184296619411122,0.0,0.0,0.18184296619411122,0.0,0.0,0.0,0.0,0.0,0.0,0.0,0.0,0.0,0.0,0.0,0.0,0.0,0.0,0.0,1.3727235550708832,1.612720828789531,2014.0628380588876,4.727099236641221,4.752829869007573,0.04069544748746649,13.25503303008884,-13.753237644921029,5,1,0,0,0,0,5.9
571,0.18184296619411122,0.0,0.0,0.0,0.0,0.27262813522355506,0.0,0.18184296619411122,0.0,0.18184296619411122,0.0,0.0,0.18184296619411122,0.0,0.0,0.0,0.0,0.0,0.0,0.0,0.0,0.0,0.0,0.0,0.0,0.0,0.0,0.0,1.3727235550708832,1.612720828789531,2014.0628380588876,4.727099236641221,4.752829869007573,0.04069544748746649,13.25503303008884,-13.753237644921029,5,1,0,0,0,0,5.9
572,0.18184296619411122,0.0,0.0,0.0,0.0,0.27262813522355506,0.0,0.18184296619411122,0.0,0.18184296619411122,0.0,0.0,0.18184296619411122,0.0,0.0,0.0,0.0,0.0,0.0,0.0,0.0,0.0,0.0,0.0,0.0,0.0,0.0,0.0,1.3727235550708832,1.612720828789531,2014.0628380588876,4.727099236641221,4.752829869007573,0.04069544748746649,13.25503303008884,-13.753237644921029,5,1,0,0,0,0,5.9
573,0.2,0.0,0.0,0.0,0.0,0.2,0.0,0.2,0.0,0.2,0.0,0.0,0.2,0.0,0.0,0.0,0.0,0.0,0.0,0.0,0.0,0.0,0.0,0.0,0.0,0.0,0.0,0.0,1.37,1.608,1997.4940000000004,4.6000000000000005,4.950605827098736,0.03969886648255837,13.38167152293333,-14.56,5,1,0,0,0,0,5.8
574,0.2,0.0,0.0,0.0,0.0,0.2,0.0,0.2,0.0,0.2,0.0,0.0,0.2,0.0,0.0,0.0,0.0,0.0,0.0,0.0,0.0,0.0,0.0,0.0,0.0,0.0,0.0,0.0,1.37,1.608,1997.4940000000004,4.6000000000000005,4.950605827098736,0.03969886648255837,13.38167152293333,-14.56,5,1,0,0,0,0,5.8
575,0.2,0.0,0.0,0.0,0.0,0.2,0.0,0.2,0.0,0.2,0.0,0.0,0.2,0.0,0.0,0.0,0.0,0.0,0.0,0.0,0.0,0.0,0.0,0.0,0.0,0.0,0.0,0.0,1.37,1.608,1997.4940000000004,4.6000000000000005,4.950605827098736,0.03969886648255837,13.38167152293333,-14.56,5,1,0,0,0,0,5.8
576,0.2,0.0,0.0,0.0,0.0,0.2,0.0,0.2,0.0,0.2,0.0,0.0,0.2,0.0,0.0,0.0,0.0,0.0,0.0,0.0,0.0,0.0,0.0,0.0,0.0,0.0,0.0,0.0,1.37,1.608,1997.4940000000004,4.6000000000000005,4.950605827098736,0.03969886648255837,13.38167152293333,-14.56,5,1,0,0,0,0,5.8
577,0.25,0.0,0.0,0.0,0.0,0.0,0.0,0.25,0.0,0.25,0.0,0.0,0.25,0.0,0.0,0.0,0.0,0.0,0.0,0.0,0.0,0.0,0.0,0.0,0.0,0.0,0.0,0.0,1.3624999999999998,1.595,1951.8675,4.25,5.427596131284047,0.03354101966249681,11.52634446553133,-16.25,4,1,0,0,0,0,5.5
578,0.25,0.0,0.0,0.0,0.0,0.0,0.0,0.25,0.0,0.25,0.0,0.0,0.25,0.0,0.0,0.0,0.0,0.0,0.0,0.0,0.0,0.0,0.0,0.0,0.0,0.0,0.0,0.0,1.3624999999999998,1.595,1951.8675,4.25,5.427596131284047,0.03354101966249681,11.52634446553133,-16.25,4,1,0,0,0,0,5.5
579,0.25,0.0,0.0,0.0,0.0,0.0,0.0,0.25,0.0,0.25,0.0,0.0,0.25,0.0,0.0,0.0,0.0,0.0,0.0,0.0,0.0,0.0,0.0,0.0,0.0,0.0,0.0,0.0,1.3624999999999998,1.595,1951.8675,4.25,5.427596131284047,0.03354101966249681,11.52634446553133,-16.25,4,1,0,0,0,0,5.5
580,0.25,0.0,0.0,0.0,0.0,0.0,0.0,0.25,0.0,0.25,0.0,0.0,0.25,0.0,0.0,0.0,0.0,0.0,0.0,0.0,0.0,0.0,0.0,0.0,0.0,0.0,0.0,0.0,1.3624999999999998,1.595,1951.8675,4.25,5.427596131284047,0.03354101966249681,11.52634446553133,-16.25,4,1,0,0,0,0,5.5
581,0.06976744186046512,0.23255813953488372,0.23255813953488372,0.23255813953488372,0.0,0.23255813953488372,0.0,0.0,0.0,0.0,0.0,0.0,0.0,0.0,0.0,0.0,0.0,0.0,0.0,0.0,0.0,0.0,0.0,0.0,0.0,0.0,0.0,0.0,1.3662790697674418,1.8053488372093023,1806.2886046511628,7.883720930232558,2.9235002616710872,0.10751633379878442,12.826056830530574,-7.2687939426717145,5,0,0,0,0,1,7.6
582,0.0,0.0,0.4,0.15,0.0,0.2,0.25,0.0,0.0,0.0,0.0,0.0,0.0,0.0,0.0,0.0,0.0,0.0,0.0,0.0,0.0,0.0,0.0,0.0,0.0,0.0,0.0,0.0,1.3925,1.7380000000000002,1799.3500000000001,7.65,1.2821235957886592,0.13370115930686616,10.971360754186614,-2.4400000000000004,4,0,1,0,0,0,7.8
583,0.019607843137254905,0.0,0.3921568627450981,0.14705882352941177,0.0,0.19607843137254904,0.2450980392156863,0.0,0.0,0.0,0.0,0.0,0.0,0.0,0.0,0.0,0.0,0.0,0.0,0.0,0.0,0.0,0.0,0.0,0.0,0.0,0.0,0.0,1.3897058823529413,1.7354901960784315,1782.3719607843138,7.558823529411765,1.907699087547083,0.1335681323606589,11.558659787555325,-3.4563629373317957,5,0,1,0,0,0,7.6
584,0.05660377358490566,0.0,0.37735849056603776,0.14150943396226415,0.0,0.18867924528301888,0.2358490566037736,0.0,0.0,0.0,0.0,0.0,0.0,0.0,0.0,0.0,0.0,0.0,0.0,0.0,0.0,0.0,0.0,0.0,0.0,0.0,0.0,0.0,1.384433962264151,1.7307547169811321,1750.337924528302,7.386792452830189,2.6881999724121743,0.13318803641389051,12.158898495518203,-5.25809896760413,5,0,1,0,0,0,7.4
585,0.09090909090909091,0.0,0.36363636363636365,0.13636363636363635,0.0,0.18181818181818182,0.22727272727272727,0.0,0.0,0.0,0.0,0.0,0.0,0.0,0.0,0.0,0.0,0.0,0.0,0.0,0.0,0.0,0.0,0.0,0.0,0.0,0.0,0.0,1.3795454545454544,1.7263636363636363,1720.6336363636365,7.227272727272727,3.215687198672671,0.1326836790177524,12.50686115339807,-6.793388429752067,5,0,1,0,0,0,7.2
586,0.12280701754385964,0.0,0.3508771929824561,0.13157894736842105,0.0,0.17543859649122806,0.21929824561403508,0.0,0.0,0.0,0.0,0.0,0.0,0.0,0.0,0.0,0.0,0.0,0.0,0.0,0.0,0.0,0.0,0.0,0.0,0.0,0.0,0.0,1.375,1.722280701754386,1693.0138596491227,7.078947368421052,3.6123609738137517,0.1320820789982123,12.720991595137944,-8.104032009849181,5,0,1,0,0,0,6.9
587,0.0,0.0,0.4,0.15,0.0,0.2,0.25,0.0,0.0,0.0,0.0,0.0,0.0,0.0,0.0,0.0,0.0,0.0,0.0,0.0,0.0,0.0,0.0,0.0,0.0,0.0,0.0,0.0,1.3925,1.7380000000000002,1799.3500000000001,7.65,1.2821235957886592,0.13370115930686616,10.971360754186614,-2.4400000000000004,4,0,1,0,0,0,7.8
588,0.019607843137254905,0.0,0.3921568627450981,0.14705882352941177,0.0,0.19607843137254904,0.2450980392156863,0.0,0.0,0.0,0.0,0.0,0.0,0.0,0.0,0.0,0.0,0.0,0.0,0.0,0.0,0.0,0.0,0.0,0.0,0.0,0.0,0.0,1.3897058823529413,1.7354901960784315,1782.3719607843138,7.558823529411765,1.907699087547083,0.1335681323606589,11.558659787555325,-3.4563629373317957,5,0,1,0,0,0,7.6
589,0.05660377358490566,0.0,0.37735849056603776,0.14150943396226415,0.0,0.18867924528301888,0.2358490566037736,0.0,0.0,0.0,0.0,0.0,0.0,0.0,0.0,0.0,0.0,0.0,0.0,0.0,0.0,0.0,0.0,0.0,0.0,0.0,0.0,0.0,1.384433962264151,1.7307547169811321,1750.337924528302,7.386792452830189,2.6881999724121743,0.13318803641389051,12.158898495518203,-5.25809896760413,5,0,1,0,0,0,7.4
590,0.09090909090909091,0.0,0.36363636363636365,0.13636363636363635,0.0,0.18181818181818182,0.22727272727272727,0.0,0.0,0.0,0.0,0.0,0.0,0.0,0.0,0.0,0.0,0.0,0.0,0.0,0.0,0.0,0.0,0.0,0.0,0.0,0.0,0.0,1.3795454545454544,1.7263636363636363,1720.6336363636365,7.227272727272727,3.215687198672671,0.1326836790177524,12.50686115339807,-6.793388429752067,5,0,1,0,0,0,7.2
591,0.12280701754385964,0.0,0.3508771929824561,0.13157894736842105,0.0,0.17543859649122806,0.21929824561403508,0.0,0.0,0.0,0.0,0.0,0.0,0.0,0.0,0.0,0.0,0.0,0.0,0.0,0.0,0.0,0.0,0.0,0.0,0.0,0.0,0.0,1.375,1.722280701754386,1693.0138596491227,7.078947368421052,3.6123609738137517,0.1320820789982123,12.720991595137944,-8.104032009849181,5,0,1,0,0,0,6.9
592,0.0,0.0,0.4,0.15,0.0,0.2,0.25,0.0,0.0,0.0,0.0,0.0,0.0,0.0,0.0,0.0,0.0,0.0,0.0,0.0,0.0,0.0,0.0,0.0,0.0,0.0,0.0,0.0,1.3925,1.7380000000000002,1799.3500000000001,7.65,1.2821235957886592,0.13370115930686616,10.971360754186614,-2.4400000000000004,4,0,1,0,0,0,7.8
593,0.019607843137254905,0.0,0.3921568627450981,0.14705882352941177,0.0,0.19607843137254904,0.2450980392156863,0.0,0.0,0.0,0.0,0.0,0.0,0.0,0.0,0.0,0.0,0.0,0.0,0.0,0.0,0.0,0.0,0.0,0.0,0.0,0.0,0.0,1.3897058823529413,1.7354901960784315,1782.3719607843138,7.558823529411765,1.907699087547083,0.1335681323606589,11.558659787555325,-3.4563629373317957,5,0,1,0,0,0,7.6
594,0.05660377358490566,0.0,0.37735849056603776,0.14150943396226415,0.0,0.18867924528301888,0.2358490566037736,0.0,0.0,0.0,0.0,0.0,0.0,0.0,0.0,0.0,0.0,0.0,0.0,0.0,0.0,0.0,0.0,0.0,0.0,0.0,0.0,0.0,1.384433962264151,1.7307547169811321,1750.337924528302,7.386792452830189,2.6881999724121743,0.13318803641389051,12.158898495518203,-5.25809896760413,5,0,1,0,0,0,7.4
595,0.09090909090909091,0.0,0.36363636363636365,0.13636363636363635,0.0,0.18181818181818182,0.22727272727272727,0.0,0.0,0.0,0.0,0.0,0.0,0.0,0.0,0.0,0.0,0.0,0.0,0.0,0.0,0.0,0.0,0.0,0.0,0.0,0.0,0.0,1.3795454545454544,1.7263636363636363,1720.6336363636365,7.227272727272727,3.215687198672671,0.1326836790177524,12.50686115339807,-6.793388429752067,5,0,1,0,0,0,7.2
596,0.12280701754385964,0.0,0.3508771929824561,0.13157894736842105,0.0,0.17543859649122806,0.21929824561403508,0.0,0.0,0.0,0.0,0.0,0.0,0.0,0.0,0.0,0.0,0.0,0.0,0.0,0.0,0.0,0.0,0.0,0.0,0.0,0.0,0.0,1.375,1.722280701754386,1693.0138596491227,7.078947368421052,3.6123609738137517,0.1320820789982123,12.720991595137944,-8.104032009849181,5,0,1,0,0,0,6.9
597,0.0,0.2,0.2,0.2,0.0,0.2,0.2,0.0,0.0,0.0,0.0,0.0,0.0,0.0,0.0,0.0,0.0,0.0,0.0,0.0,0.0,0.0,0.0,0.0,0.0,0.0,0.0,0.0,1.3800000000000001,1.766,1801.2,8.0,1.7749925672341786,0.1383618444514238,13.38167152293333,-4.16,5,0,0,0,0,1,8.0
598,0.0,0.1,0.5,0.0,0.0,0.1,0.3,0.0,0.0,0.0,0.0,0.0,0.0,0.0,0.0,0.0,0.0,0.0,0.0,0.0,0.0,0.0,0.0,0.0,0.0,0.0,0.0,0.0,1.395,1.734,1756.0,7.6,1.075268817204298,0.13207573584879245,9.71368443199303,-0.9199999999999999,4,1,0,0,0,0,7.8
599,0.0,0.1,0.5,0.0,0.0,0.1,0.3,0.0,0.0,0.0,0.0,0.0,0.0,0.0,0.0,0.0,0.0,0.0,0.0,0.0,0.0,0.0,0.0,0.0,0.0,0.0,0.0,0.0,1.395,1.734,1756.0,7.6,1.075268817204298,0.13207573584879245,9.71368443199303,-0.9199999999999999,4,0,0,0,0,1,7.8
600,0.0,0.1,0.5,0.0,0.0,0.1,0.3,0.0,0.0,0.0,0.0,0.0,0.0,0.0,0.0,0.0,0.0,0.0,0.0,0.0,0.0,0.0,0.0,0.0,0.0,0.0,0.0,0.0,1.395,1.734,1756.0,7.6,1.075268817204298,0.13207573584879245,9.71368443199303,-0.9199999999999999,4,0,0,0,0,1,7.8
601,0.0,0.1,0.5,0.0,0.0,0.1,0.3,0.0,0.0,0.0,0.0,0.0,0.0,0.0,0.0,0.0,0.0,0.0,0.0,0.0,0.0,0.0,0.0,0.0,0.0,0.0,0.0,0.0,1.395,1.734,1756.0,7.6,1.075268817204298,0.13207573584879245,9.71368443199303,-0.9199999999999999,4,0,0,0,0,1,7.8
602,0.0,0.1,0.5,0.0,0.0,0.1,0.3,0.0,0.0,0.0,0.0,0.0,0.0,0.0,0.0,0.0,0.0,0.0,0.0,0.0,0.0,0.0,0.0,0.0,0.0,0.0,0.0,0.0,1.395,1.734,1756.0,7.6,1.075268817204298,0.13207573584879245,9.71368443199303,-0.9199999999999999,4,0,0,0,0,1,7.8
603,0.0,0.1,0.5,0.0,0.0,0.1,0.3,0.0,0.0,0.0,0.0,0.0,0.0,0.0,0.0,0.0,0.0,0.0,0.0,0.0,0.0,0.0,0.0,0.0,0.0,0.0,0.0,0.0,1.395,1.734,1756.0,7.6,1.075268817204298,0.13207573584879245,9.71368443199303,-0.9199999999999999,4,0,0,0,0,1,7.8
604,0.07063197026022304,0.23234200743494424,0.23234200743494424,0.23234200743494424,0.0,0.23234200743494424,0.0,0.0,0.0,0.0,0.0,0.0,0.0,0.0,0.0,0.0,0.0,0.0,0.0,0.0,0.0,0.0,0.0,0.0,0.0,0.0,0.0,0.0,1.3661710037174721,1.8051672862453532,1805.4774349442378,7.8791821561338296,2.9338583201153483,0.10763109016086131,12.834663438703629,-7.308840397451666,5,0,0,0,0,1,7.6
605,0.07063197026022304,0.23234200743494424,0.23234200743494424,0.23234200743494424,0.0,0.23234200743494424,0.0,0.0,0.0,0.0,0.0,0.0,0.0,0.0,0.0,0.0,0.0,0.0,0.0,0.0,0.0,0.0,0.0,0.0,0.0,0.0,0.0,0.0,1.3661710037174721,1.8051672862453532,1805.4774349442378,7.8791821561338296,2.9338583201153483,0.10763109016086131,12.834663438703629,-7.308840397451666,5,0,0,0,0,1,7.6
606,0.07063197026022304,0.23234200743494424,0.23234200743494424,0.23234200743494424,0.0,0.23234200743494424,0.0,0.0,0.0,0.0,0.0,0.0,0.0,0.0,0.0,0.0,0.0,0.0,0.0,0.0,0.0,0.0,0.0,0.0,0.0,0.0,0.0,0.0,1.3661710037174721,1.8051672862453532,1805.4774349442378,7.8791821561338296,2.9338583201153483,0.10763109016086131,12.834663438703629,-7.308840397451666,5,0,0,0,0,1,7.6
607,0.07063197026022304,0.23234200743494424,0.23234200743494424,0.23234200743494424,0.0,0.23234200743494424,0.0,0.0,0.0,0.0,0.0,0.0,0.0,0.0,0.0,0.0,0.0,0.0,0.0,0.0,0.0,0.0,0.0,0.0,0.0,0.0,0.0,0.0,1.3661710037174721,1.8051672862453532,1805.4774349442378,7.8791821561338296,2.9338583201153483,0.10763109016086131,12.834663438703629,-7.308840397451666,5,0,0,0,0,1,7.6
608,0.07063197026022304,0.23234200743494424,0.23234200743494424,0.23234200743494424,0.0,0.23234200743494424,0.0,0.0,0.0,0.0,0.0,0.0,0.0,0.0,0.0,0.0,0.0,0.0,0.0,0.0,0.0,0.0,0.0,0.0,0.0,0.0,0.0,0.0,1.3661710037174721,1.8051672862453532,1805.4774349442378,7.8791821561338296,2.9338583201153483,0.10763109016086131,12.834663438703629,-7.308840397451666,5,0,0,0,0,1,7.6
609,0.07063197026022304,0.23234200743494424,0.23234200743494424,0.23234200743494424,0.0,0.23234200743494424,0.0,0.0,0.0,0.0,0.0,0.0,0.0,0.0,0.0,0.0,0.0,0.0,0.0,0.0,0.0,0.0,0.0,0.0,0.0,0.0,0.0,0.0,1.3661710037174721,1.8051672862453532,1805.4774349442378,7.8791821561338296,2.9338583201153483,0.10763109016086131,12.834663438703629,-7.308840397451666,5,0,0,0,0,1,7.6
610,0.07063197026022304,0.23234200743494424,0.23234200743494424,0.23234200743494424,0.0,0.23234200743494424,0.0,0.0,0.0,0.0,0.0,0.0,0.0,0.0,0.0,0.0,0.0,0.0,0.0,0.0,0.0,0.0,0.0,0.0,0.0,0.0,0.0,0.0,1.3661710037174721,1.8051672862453532,1805.4774349442378,7.8791821561338296,2.9338583201153483,0.10763109016086131,12.834663438703629,-7.308840397451666,5,0,0,0,0,1,7.6
611,0.07063197026022304,0.23234200743494424,0.23234200743494424,0.23234200743494424,0.0,0.23234200743494424,0.0,0.0,0.0,0.0,0.0,0.0,0.0,0.0,0.0,0.0,0.0,0.0,0.0,0.0,0.0,0.0,0.0,0.0,0.0,0.0,0.0,0.0,1.3661710037174721,1.8051672862453532,1805.4774349442378,7.8791821561338296,2.9338583201153483,0.10763109016086131,12.834663438703629,-7.308840397451666,5,0,0,0,0,1,7.6
612,0.07063197026022304,0.23234200743494424,0.23234200743494424,0.23234200743494424,0.0,0.23234200743494424,0.0,0.0,0.0,0.0,0.0,0.0,0.0,0.0,0.0,0.0,0.0,0.0,0.0,0.0,0.0,0.0,0.0,0.0,0.0,0.0,0.0,0.0,1.3661710037174721,1.8051672862453532,1805.4774349442378,7.8791821561338296,2.9338583201153483,0.10763109016086131,12.834663438703629,-7.308840397451666,5,0,0,0,0,1,7.6
613,0.07063197026022304,0.23234200743494424,0.23234200743494424,0.23234200743494424,0.0,0.23234200743494424,0.0,0.0,0.0,0.0,0.0,0.0,0.0,0.0,0.0,0.0,0.0,0.0,0.0,0.0,0.0,0.0,0.0,0.0,0.0,0.0,0.0,0.0,1.3661710037174721,1.8051672862453532,1805.4774349442378,7.8791821561338296,2.9338583201153483,0.10763109016086131,12.834663438703629,-7.308840397451666,5,1,0,0,0,0,7.6
614,0.07063197026022304,0.23234200743494424,0.23234200743494424,0.23234200743494424,0.0,0.23234200743494424,0.0,0.0,0.0,0.0,0.0,0.0,0.0,0.0,0.0,0.0,0.0,0.0,0.0,0.0,0.0,0.0,0.0,0.0,0.0,0.0,0.0,0.0,1.3661710037174721,1.8051672862453532,1805.4774349442378,7.8791821561338296,2.9338583201153483,0.10763109016086131,12.834663438703629,-7.308840397451666,5,0,1,0,0,0,7.6
615,0.07063197026022304,0.23234200743494424,0.23234200743494424,0.23234200743494424,0.0,0.23234200743494424,0.0,0.0,0.0,0.0,0.0,0.0,0.0,0.0,0.0,0.0,0.0,0.0,0.0,0.0,0.0,0.0,0.0,0.0,0.0,0.0,0.0,0.0,1.3661710037174721,1.8051672862453532,1805.4774349442378,7.8791821561338296,2.9338583201153483,0.10763109016086131,12.834663438703629,-7.308840397451666,5,1,0,0,0,0,7.6
616,0.07063197026022304,0.23234200743494424,0.23234200743494424,0.23234200743494424,0.0,0.23234200743494424,0.0,0.0,0.0,0.0,0.0,0.0,0.0,0.0,0.0,0.0,0.0,0.0,0.0,0.0,0.0,0.0,0.0,0.0,0.0,0.0,0.0,0.0,1.3661710037174721,1.8051672862453532,1805.4774349442378,7.8791821561338296,2.9338583201153483,0.10763109016086131,12.834663438703629,-7.308840397451666,5,1,0,0,0,0,7.6
617,0.07063197026022304,0.23234200743494424,0.23234200743494424,0.23234200743494424,0.0,0.23234200743494424,0.0,0.0,0.0,0.0,0.0,0.0,0.0,0.0,0.0,0.0,0.0,0.0,0.0,0.0,0.0,0.0,0.0,0.0,0.0,0.0,0.0,0.0,1.3661710037174721,1.8051672862453532,1805.4774349442378,7.8791821561338296,2.9338583201153483,0.10763109016086131,12.834663438703629,-7.308840397451666,5,1,0,0,0,0,7.6
618,0.07063197026022304,0.23234200743494424,0.23234200743494424,0.23234200743494424,0.0,0.23234200743494424,0.0,0.0,0.0,0.0,0.0,0.0,0.0,0.0,0.0,0.0,0.0,0.0,0.0,0.0,0.0,0.0,0.0,0.0,0.0,0.0,0.0,0.0,1.3661710037174721,1.8051672862453532,1805.4774349442378,7.8791821561338296,2.9338583201153483,0.10763109016086131,12.834663438703629,-7.308840397451666,5,1,0,0,0,0,7.6
619,0.07063197026022304,0.23234200743494424,0.23234200743494424,0.23234200743494424,0.0,0.23234200743494424,0.0,0.0,0.0,0.0,0.0,0.0,0.0,0.0,0.0,0.0,0.0,0.0,0.0,0.0,0.0,0.0,0.0,0.0,0.0,0.0,0.0,0.0,1.3661710037174721,1.8051672862453532,1805.4774349442378,7.8791821561338296,2.9338583201153483,0.10763109016086131,12.834663438703629,-7.308840397451666,5,1,0,0,0,0,7.6
620,0.2,0.2,0.2,0.2,0.0,0.2,0.0,0.0,0.0,0.0,0.0,0.0,0.0,0.0,0.0,0.0,0.0,0.0,0.0,0.0,0.0,0.0,0.0,0.0,0.0,0.0,0.0,0.0,1.35,1.778,1684.094,7.2,4.057204129667899,0.12056533498481224,13.38167152293333,-12.320000000000002,5,0,1,0,0,0,6.7
621,0.2,0.2,0.2,0.2,0.0,0.2,0.0,0.0,0.0,0.0,0.0,0.0,0.0,0.0,0.0,0.0,0.0,0.0,0.0,0.0,0.0,0.0,0.0,0.0,0.0,0.0,0.0,0.0,1.35,1.778,1684.094,7.2,4.057204129667899,0.12056533498481224,13.38167152293333,-12.320000000000002,5,0,1,0,0,0,6.7
622,0.2,0.2,0.2,0.2,0.0,0.2,0.0,0.0,0.0,0.0,0.0,0.0,0.0,0.0,0.0,0.0,0.0,0.0,0.0,0.0,0.0,0.0,0.0,0.0,0.0,0.0,0.0,0.0,1.35,1.778,1684.094,7.2,4.057204129667899,0.12056533498481224,13.38167152293333,-12.320000000000002,5,1,0,0,0,0,6.7
623,0.2,0.2,0.2,0.2,0.0,0.2,0.0,0.0,0.0,0.0,0.0,0.0,0.0,0.0,0.0,0.0,0.0,0.0,0.0,0.0,0.0,0.0,0.0,0.0,0.0,0.0,0.0,0.0,1.35,1.778,1684.094,7.2,4.057204129667899,0.12056533498481224,13.38167152293333,-12.320000000000002,5,1,0,0,0,0,6.7
624,0.2,0.2,0.2,0.2,0.0,0.2,0.0,0.0,0.0,0.0,0.0,0.0,0.0,0.0,0.0,0.0,0.0,0.0,0.0,0.0,0.0,0.0,0.0,0.0,0.0,0.0,0.0,0.0,1.35,1.778,1684.094,7.2,4.057204129667899,0.12056533498481224,13.38167152293333,-12.320000000000002,5,1,0,0,0,0,6.7
625,0.2,0.2,0.2,0.2,0.0,0.2,0.0,0.0,0.0,0.0,0.0,0.0,0.0,0.0,0.0,0.0,0.0,0.0,0.0,0.0,0.0,0.0,0.0,0.0,0.0,0.0,0.0,0.0,1.35,1.778,1684.094,7.2,4.057204129667899,0.12056533498481224,13.38167152293333,-12.320000000000002,5,1,0,0,0,0,6.7
626,0.2,0.2,0.2,0.2,0.0,0.2,0.0,0.0,0.0,0.0,0.0,0.0,0.0,0.0,0.0,0.0,0.0,0.0,0.0,0.0,0.0,0.0,0.0,0.0,0.0,0.0,0.0,0.0,1.35,1.778,1684.094,7.2,4.057204129667899,0.12056533498481224,13.38167152293333,-12.320000000000002,5,1,0,0,0,0,6.7
627,0.16996699669966997,0.0,0.33003300330033003,0.33003300330033003,0.0,0.16996699669966997,0.0,0.0,0.0,0.0,0.0,0.0,0.0,0.0,0.0,0.0,0.0,0.0,0.0,0.0,0.0,0.0,0.0,0.0,0.0,0.0,0.0,0.0,1.358003300330033,1.7901155115511551,1697.1739438943896,7.47029702970297,3.955656121471693,0.11687552201885797,11.092697609143062,-11.226459279591326,4,0,1,0,0,0,6.9
628,0.11889081455805894,0.1781629116117851,0.3466204506065858,0.1781629116117851,0.0,0.1781629116117851,0.0,0.0,0.0,0.0,0.0,0.0,0.0,0.0,0.0,0.0,0.0,0.0,0.0,0.0,0.0,0.0,0.0,0.0,0.0,0.0,0.0,0.0,1.3643500866551126,1.7967175043327557,1749.9633310225304,7.583708838821491,3.5112357768885523,0.10668246793965439,12.824786893652199,-8.519081485842328,5,0,1,0,0,0,7.2
629,0.0,0.3500175008750438,0.19985999299965,0.19985999299965,0.0,0.15015750787539378,0.0,0.0,0.10010500525026252,0.0,0.0,0.0,0.0,0.0,0.0,0.0,0.0,0.0,0.0,0.0,0.0,0.0,0.0,0.0,0.0,0.0,0.0,0.0,1.3775113755687787,1.8709975498774938,1943.3829191459577,8.249212460623031,2.4286344591406586,0.12535683332303926,12.689153237853384,-3.8216510755534285,5,0,1,0,0,0,8.6
630,0.0,0.3500175008750438,0.19985999299965,0.19985999299965,0.0,0.15015750787539378,0.0,0.0,0.10010500525026252,0.0,0.0,0.0,0.0,0.0,0.0,0.0,0.0,0.0,0.0,0.0,0.0,0.0,0.0,0.0,0.0,0.0,0.0,0.0,1.3775113755687787,1.8709975498774938,1943.3829191459577,8.249212460623031,2.4286344591406586,0.12535683332303926,12.689153237853384,-3.8216510755534285,5,0,0,0,0,1,8.6
631,0.0,0.3500175008750438,0.19985999299965,0.19985999299965,0.0,0.15015750787539378,0.0,0.0,0.10010500525026252,0.0,0.0,0.0,0.0,0.0,0.0,0.0,0.0,0.0,0.0,0.0,0.0,0.0,0.0,0.0,0.0,0.0,0.0,0.0,1.3775113755687787,1.8709975498774938,1943.3829191459577,8.249212460623031,2.4286344591406586,0.12535683332303926,12.689153237853384,-3.8216510755534285,5,0,0,0,0,1,8.6
632,0.0,0.3500175008750438,0.19985999299965,0.19985999299965,0.0,0.15015750787539378,0.0,0.0,0.10010500525026252,0.0,0.0,0.0,0.0,0.0,0.0,0.0,0.0,0.0,0.0,0.0,0.0,0.0,0.0,0.0,0.0,0.0,0.0,0.0,1.3775113755687787,1.8709975498774938,1943.3829191459577,8.249212460623031,2.4286344591406586,0.12535683332303926,12.689153237853384,-3.8216510755534285,5,0,0,0,0,1,8.6
633,0.0,0.3500175008750438,0.19985999299965,0.19985999299965,0.0,0.15015750787539378,0.0,0.0,0.10010500525026252,0.0,0.0,0.0,0.0,0.0,0.0,0.0,0.0,0.0,0.0,0.0,0.0,0.0,0.0,0.0,0.0,0.0,0.0,0.0,1.3775113755687787,1.8709975498774938,1943.3829191459577,8.249212460623031,2.4286344591406586,0.12535683332303926,12.689153237853384,-3.8216510755534285,5,0,0,0,0,1,8.6
634,0.0,0.3500175008750438,0.19985999299965,0.19985999299965,0.0,0.15015750787539378,0.0,0.0,0.10010500525026252,0.0,0.0,0.0,0.0,0.0,0.0,0.0,0.0,0.0,0.0,0.0,0.0,0.0,0.0,0.0,0.0,0.0,0.0,0.0,1.3775113755687787,1.8709975498774938,1943.3829191459577,8.249212460623031,2.4286344591406586,0.12535683332303926,12.689153237853384,-3.8216510755534285,5,0,0,0,0,1,8.6
635,0.0,0.3500175008750438,0.19985999299965,0.19985999299965,0.0,0.15015750787539378,0.0,0.0,0.10010500525026252,0.0,0.0,0.0,0.0,0.0,0.0,0.0,0.0,0.0,0.0,0.0,0.0,0.0,0.0,0.0,0.0,0.0,0.0,0.0,1.3775113755687787,1.8709975498774938,1943.3829191459577,8.249212460623031,2.4286344591406586,0.12535683332303926,12.689153237853384,-3.8216510755534285,5,0,0,0,0,1,8.6
636,0.0,0.25,0.25,0.25,0.0,0.25,0.0,0.0,0.0,0.0,0.0,0.0,0.0,0.0,0.0,0.0,0.0,0.0,0.0,0.0,0.0,0.0,0.0,0.0,0.0,0.0,0.0,0.0,1.375,1.82,1871.75,8.25,1.8181818181818077,0.09669539802906858,11.52634446553133,-3.75,4,0,1,0,0,0,8.2
637,0.0,0.23234200743494424,0.23234200743494424,0.23234200743494424,0.0,0.23234200743494424,0.0,0.0,0.07063197026022304,0.0,0.0,0.0,0.0,0.0,0.0,0.0,0.0,0.0,0.0,0.0,0.0,0.0,0.0,0.0,0.0,0.0,0.0,0.0,1.3802973977695165,1.8440148698884757,1944.0947955390332,8.091078066914498,2.2331166107967917,0.1275850025057345,12.834663438703629,-4.157971835657329,5,0,1,0,0,0,8.4
638,0.0,0.23234200743494424,0.23234200743494424,0.23234200743494424,0.0,0.23234200743494424,0.0,0.0,0.07063197026022304,0.0,0.0,0.0,0.0,0.0,0.0,0.0,0.0,0.0,0.0,0.0,0.0,0.0,0.0,0.0,0.0,0.0,0.0,0.0,1.3802973977695165,1.8440148698884757,1944.0947955390332,8.091078066914498,2.2331166107967917,0.1275850025057345,12.834663438703629,-4.157971835657329,5,0,0,0,0,1,8.4
639,0.0,0.23234200743494424,0.23234200743494424,0.23234200743494424,0.0,0.23234200743494424,0.0,0.0,0.07063197026022304,0.0,0.0,0.0,0.0,0.0,0.0,0.0,0.0,0.0,0.0,0.0,0.0,0.0,0.0,0.0,0.0,0.0,0.0,0.0,1.3802973977695165,1.8440148698884757,1944.0947955390332,8.091078066914498,2.2331166107967917,0.1275850025057345,12.834663438703629,-4.157971835657329,5,0,0,0,0,1,8.4
640,0.0,0.23234200743494424,0.23234200743494424,0.23234200743494424,0.0,0.23234200743494424,0.0,0.0,0.07063197026022304,0.0,0.0,0.0,0.0,0.0,0.0,0.0,0.0,0.0,0.0,0.0,0.0,0.0,0.0,0.0,0.0,0.0,0.0,0.0,1.3802973977695165,1.8440148698884757,1944.0947955390332,8.091078066914498,2.2331166107967917,0.1275850025057345,12.834663438703629,-4.157971835657329,5,0,0,0,0,1,8.4
641,0.0,0.2,0.2,0.2,0.0,0.2,0.2,0.0,0.0,0.0,0.0,0.0,0.0,0.0,0.0,0.0,0.0,0.0,0.0,0.0,0.0,0.0,0.0,0.0,0.0,0.0,0.0,0.0,1.3800000000000001,1.766,1801.2,8.0,1.7749925672341786,0.1383618444514238,13.38167152293333,-4.16,5,0,0,0,0,1,8.0
642,0.0,0.19920318725099603,0.19920318725099603,0.19920318725099603,0.0,0.19920318725099603,0.19920318725099603,0.0,0.0,0.0,0.0,0.003984063745019921,0.0,0.0,0.0,0.0,0.0,0.0,0.0,0.0,0.0,0.0,0.0,0.0,0.0,0.0,0.0,0.0,1.3772908366533865,1.7691235059760957,1809.163346613546,7.984063745019921,3.5809714790685385,0.14665197400424446,13.544450894052334,-4.94595323883748,6,0,0,0,0,1,8.0
643,0.0,0.2,0.2,0.2,0.0,0.2,0.2,0.0,0.0,0.0,0.0,0.0,0.0,0.0,0.0,0.0,0.0,0.0,0.0,0.0,0.0,0.0,0.0,0.0,0.0,0.0,0.0,0.0,1.3800000000000001,1.766,1801.2,8.0,1.7749925672341786,0.1383618444514238,13.38167152293333,-4.16,5,0,0,0,0,1,8.0
644,0.0,0.19920318725099603,0.19920318725099603,0.19920318725099603,0.0,0.19920318725099603,0.19920318725099603,0.0,0.0,0.0,0.0,0.003984063745019921,0.0,0.0,0.0,0.0,0.0,0.0,0.0,0.0,0.0,0.0,0.0,0.0,0.0,0.0,0.0,0.0,1.3772908366533865,1.7691235059760957,1809.163346613546,7.984063745019921,3.5809714790685385,0.14665197400424446,13.544450894052334,-4.94595323883748,6,0,0,0,0,1,8.0
645,0.0,0.25,0.25,0.25,0.0,0.25,0.0,0.0,0.0,0.0,0.0,0.0,0.0,0.0,0.0,0.0,0.0,0.0,0.0,0.0,0.0,0.0,0.0,0.0,0.0,0.0,0.0,0.0,1.375,1.82,1871.75,8.25,1.8181818181818077,0.09669539802906858,11.52634446553133,-3.75,4,1,0,0,0,0,8.2
646,0.03929411764705883,0.23529411764705882,0.23529411764705882,0.23529411764705882,0.0,0.23529411764705882,0.0,0.0,0.0,0.019529411764705882,0.0,0.0,0.0,0.0,0.0,0.0,0.0,0.0,0.0,0.0,0.0,0.0,0.0,0.0,0.0,0.0,0.0,0.0,1.3705764705882353,1.8062799999999999,1836.2335270588235,7.960705882352941,2.5220422598485093,0.10897586003601088,13.019285766443854,-7.3059277508650515,6,1,0,0,0,0,7.8
647,0.03929411764705883,0.23529411764705882,0.23529411764705882,0.23529411764705882,0.0,0.23529411764705882,0.0,0.0,0.0,0.019529411764705882,0.0,0.0,0.0,0.0,0.0,0.0,0.0,0.0,0.0,0.0,0.0,0.0,0.0,0.0,0.0,0.0,0.0,0.0,1.3705764705882353,1.8062799999999999,1836.2335270588235,7.960705882352941,2.5220422598485093,0.10897586003601088,13.019285766443854,-7.3059277508650515,6,0,0,0,0,1,7.8
648,0.03929411764705883,0.23529411764705882,0.23529411764705882,0.23529411764705882,0.0,0.23529411764705882,0.0,0.0,0.0,0.019529411764705882,0.0,0.0,0.0,0.0,0.0,0.0,0.0,0.0,0.0,0.0,0.0,0.0,0.0,0.0,0.0,0.0,0.0,0.0,1.3705764705882353,1.8062799999999999,1836.2335270588235,7.960705882352941,2.5220422598485093,0.10897586003601088,13.019285766443854,-7.3059277508650515,6,0,0,0,0,1,7.8
649,0.10007199424046077,0.24982001439884807,0.15010799136069114,0.3599712023038157,0.0,0.07991360691144708,0.0,0.0,0.0,0.060115190784737225,0.0,0.0,0.0,0.0,0.0,0.0,0.0,0.0,0.0,0.0,0.0,0.0,0.0,0.0,0.0,0.0,0.0,0.0,1.3544996400287976,1.8182541396688263,1719.867048236141,8.069114470842331,3.049208278925295,0.12247071405767837,13.30531834977715,-13.987616886977337,6,1,0,0,0,0,7.4
650,0.10007199424046077,0.24982001439884807,0.15010799136069114,0.3599712023038157,0.0,0.07991360691144708,0.0,0.0,0.0,0.060115190784737225,0.0,0.0,0.0,0.0,0.0,0.0,0.0,0.0,0.0,0.0,0.0,0.0,0.0,0.0,0.0,0.0,0.0,0.0,1.3544996400287976,1.8182541396688263,1719.867048236141,8.069114470842331,3.049208278925295,0.12247071405767837,13.30531834977715,-13.987616886977337,6,1,0,0,0,0,7.4
651,0.10007199424046077,0.24982001439884807,0.15010799136069114,0.3599712023038157,0.0,0.07991360691144708,0.0,0.0,0.0,0.060115190784737225,0.0,0.0,0.0,0.0,0.0,0.0,0.0,0.0,0.0,0.0,0.0,0.0,0.0,0.0,0.0,0.0,0.0,0.0,1.3544996400287976,1.8182541396688263,1719.867048236141,8.069114470842331,3.049208278925295,0.12247071405767837,13.30531834977715,-13.987616886977337,6,1,0,0,0,0,7.4
652,0.10007199424046077,0.24982001439884807,0.15010799136069114,0.3599712023038157,0.0,0.07991360691144708,0.0,0.0,0.0,0.060115190784737225,0.0,0.0,0.0,0.0,0.0,0.0,0.0,0.0,0.0,0.0,0.0,0.0,0.0,0.0,0.0,0.0,0.0,0.0,1.3544996400287976,1.8182541396688263,1719.867048236141,8.069114470842331,3.049208278925295,0.12247071405767837,13.30531834977715,-13.987616886977337,6,1,0,0,0,0,7.4
653,0.22779922779922782,0.0,0.2574002574002574,0.2574002574002574,0.0,0.2574002574002574,0.0,0.0,0.0,0.0,0.0,0.0,0.0,0.0,0.0,0.0,0.0,0.0,0.0,0.0,0.0,0.0,0.0,0.0,0.0,0.0,0.0,0.0,1.352960102960103,1.7567181467181467,1684.7158172458173,6.861003861003862,4.407679557936964,0.12141450362822653,11.515189028767514,-12.735515438218142,4,0,1,0,0,0,6.4
654,0.25,0.0,0.25,0.25,0.0,0.25,0.0,0.0,0.0,0.0,0.0,0.0,0.0,0.0,0.0,0.0,0.0,0.0,0.0,0.0,0.0,0.0,0.0,0.0,0.0,0.0,0.0,0.0,1.35,1.7525000000000002,1663.1175,6.75,4.536092116265147,0.12214233500306104,11.52634446553133,-13.25,4,0,1,0,0,0,6.3
655,0.2727024815925825,0.0,0.24243250613580586,0.24243250613580586,0.0,0.24243250613580586,0.0,0.0,0.0,0.0,0.0,0.0,0.0,0.0,0.0,0.0,0.0,0.0,0.0,0.0,0.0,0.0,0.0,0.0,0.0,0.0,0.0,0.0,1.3469730024543225,1.7481865284974094,1641.0310880829015,6.636487592037088,4.654132519616769,0.12273232441524815,11.515135945867549,-13.722195520465736,4,0,1,0,0,0,6.1
656,0.28702640642939153,0.0,0.23765786452353618,0.23765786452353618,0.0,0.23765786452353618,0.0,0.0,0.0,0.0,0.0,0.0,0.0,0.0,0.0,0.0,0.0,0.0,0.0,0.0,0.0,0.0,0.0,0.0,0.0,0.0,0.0,0.0,1.3450631458094144,1.7454649827784157,1627.0958668197477,6.564867967853043,4.722098139517984,0.12302532890510719,11.496868305067045,-13.992072666781787,4,0,1,0,0,0,6.0
657,0.3029385034837928,0.0,0.2323538321720691,0.2323538321720691,0.0,0.2323538321720691,0.0,0.0,0.0,0.0,0.0,0.0,0.0,0.0,0.0,0.0,0.0,0.0,0.0,0.0,0.0,0.0,0.0,0.0,0.0,0.0,0.0,0.0,1.3429415328688277,1.7424416843380797,1611.6155710390792,6.485307482581037,4.791957208069697,0.12327958145101349,11.466808768779057,-14.266426750873967,4,0,1,0,0,0,5.9
658,0.16666666666666666,0.0,0.3333333333333333,0.3333333333333333,0.0,0.16666666666666666,0.0,0.0,0.0,0.0,0.0,0.0,0.0,0.0,0.0,0.0,0.0,0.0,0.0,0.0,0.0,0.0,0.0,0.0,0.0,0.0,0.0,0.0,1.3583333333333334,1.7916666666666665,1698.5783333333331,7.5,3.928297078179658,0.11639253507945523,11.055469285052888,-11.11111111111111,4,0,1,0,0,0,6.9
659,0.2,0.2,0.2,0.2,0.0,0.2,0.0,0.0,0.0,0.0,0.0,0.0,0.0,0.0,0.0,0.0,0.0,0.0,0.0,0.0,0.0,0.0,0.0,0.0,0.0,0.0,0.0,0.0,1.35,1.778,1684.094,7.2,4.057204129667899,0.12056533498481224,13.38167152293333,-12.320000000000002,5,0,1,0,0,0,6.7
660,0.18936761640027797,0.0,0.1789437109103544,0.34746351633078526,0.0,0.18936761640027797,0.0,0.0,0.0,0.09485753995830438,0.0,0.0,0.0,0.0,0.0,0.0,0.0,0.0,0.0,0.0,0.0,0.0,0.0,0.0,0.0,0.0,0.0,0.0,1.354221681723419,1.756435024322446,1698.192894371091,6.989923558026407,4.06726035923677,0.13938291400423802,12.711816901412208,-19.618050910769725,5,0,1,0,0,0,6.4
661,0.18936761640027797,0.0,0.1789437109103544,0.34746351633078526,0.0,0.18936761640027797,0.0,0.0,0.0,0.09485753995830438,0.0,0.0,0.0,0.0,0.0,0.0,0.0,0.0,0.0,0.0,0.0,0.0,0.0,0.0,0.0,0.0,0.0,0.0,1.354221681723419,1.756435024322446,1698.192894371091,6.989923558026407,4.06726035923677,0.13938291400423802,12.711816901412208,-19.618050910769725,5,1,0,0,0,0,6.4
662,0.0,0.0,0.2222222222222222,0.2222222222222222,0.0,0.2222222222222222,0.0,0.0,0.0,0.0,0.0,0.0,0.1111111111111111,0.0,0.0,0.0,0.0,0.0,0.0,0.0,0.0,0.0,0.2222222222222222,0.0,0.0,0.0,0.0,0.0,1.3722222222222222,1.9055555555555554,2334.555555555555,7.222222222222221,1.8105813582994144,0.2626832106089052,13.14600398580363,-5.135802469135802,5,0,1,0,0,0,10.9
663,0.16830065359477123,0.0,0.16830065359477123,0.326797385620915,0.0,0.16830065359477123,0.0,0.0,0.0,0.0,0.16830065359477123,0.0,0.0,0.0,0.0,0.0,0.0,0.0,0.0,0.0,0.0,0.0,0.0,0.0,0.0,0.0,0.0,0.0,1.3499999999999999,1.802287581699346,1622.0109803921566,7.980392156862744,3.7218148322639775,0.12311717534687693,13.013392674127696,-5.71342218804733,5,0,1,0,0,0,7.1
664,0.0,0.2,0.2,0.2,0.0,0.2,0.2,0.0,0.0,0.0,0.0,0.0,0.0,0.0,0.0,0.0,0.0,0.0,0.0,0.0,0.0,0.0,0.0,0.0,0.0,0.0,0.0,0.0,1.3800000000000001,1.766,1801.2,8.0,1.7749925672341786,0.1383618444514238,13.38167152293333,-4.16,5,1,0,0,0,0,8.0
665,0.0,0.19000570017100513,0.19000570017100513,0.19000570017100513,0.0,0.19000570017100513,0.19000570017100513,0.0,0.0,0.0,0.0,0.0,0.049971499144974355,0.0,0.0,0.0,0.0,0.0,0.0,0.0,0.0,0.0,0.0,0.0,0.0,0.0,0.0,0.0,1.3785008550256508,1.7592038761162836,1820.2791183735512,7.850085502565077,1.795694691769558,0.13807762732865606,14.362826510797682,-5.3497633809880725,6,1,0,0,0,0,7.9
666,0.0,0.18181818181818182,0.18181818181818182,0.18181818181818182,0.0,0.18181818181818182,0.18181818181818182,0.0,0.0,0.0,0.0,0.0,0.09090909090909091,0.0,0.0,0.0,0.0,0.0,0.0,0.0,0.0,0.0,0.0,0.0,0.0,0.0,0.0,0.0,1.3772727272727274,1.7536363636363634,1835.9090909090912,7.727272727272727,1.8076652062876712,0.13759444540009116,14.698052761349631,-6.214876033057852,6,1,0,0,0,0,7.8
667,0.0,0.17346053772766695,0.17346053772766695,0.17346053772766695,0.0,0.17346053772766695,0.17346053772766695,0.0,0.0,0.0,0.0,0.0,0.13269731136166524,0.0,0.0,0.0,0.0,0.0,0.0,0.0,0.0,0.0,0.0,0.0,0.0,0.0,0.0,0.0,1.37601908065915,1.7479531656548133,1851.8638334778839,7.601908065915005,1.8153251802861072,0.1368660802111138,14.860938502176474,-6.99619154075232,6,1,0,0,0,0,7.7
668,0.0,0.16666666666666666,0.16666666666666666,0.16666666666666666,0.0,0.16666666666666666,0.16666666666666666,0.0,0.0,0.0,0.0,0.0,0.16666666666666666,0.0,0.0,0.0,0.0,0.0,0.0,0.0,0.0,0.0,0.0,0.0,0.0,0.0,0.0,0.0,1.375,1.7433333333333334,1864.8333333333333,7.5,1.8181818181818077,0.13609637108395733,14.897584106896662,-7.5555555555555545,6,1,0,0,0,0,7.7
669,0.07063197026022304,0.23234200743494424,0.23234200743494424,0.23234200743494424,0.0,0.23234200743494424,0.0,0.0,0.0,0.0,0.0,0.0,0.0,0.0,0.0,0.0,0.0,0.0,0.0,0.0,0.0,0.0,0.0,0.0,0.0,0.0,0.0,0.0,1.3661710037174721,1.8051672862453532,1805.4774349442378,7.8791821561338296,2.9338583201153483,0.10763109016086131,12.834663438703629,-7.308840397451666,5,0,1,0,0,0,7.6
670,0.0,0.25,0.25,0.25,0.0,0.25,0.0,0.0,0.0,0.0,0.0,0.0,0.0,0.0,0.0,0.0,0.0,0.0,0.0,0.0,0.0,0.0,0.0,0.0,0.0,0.0,0.0,0.0,1.375,1.82,1871.75,8.25,1.8181818181818077,0.09669539802906858,11.52634446553133,-3.75,4,0,1,0,0,0,8.2
671,0.16787122207621552,0.16787122207621552,0.16787122207621552,0.328515111695138,0.0,0.16787122207621552,0.0,0.0,0.0,0.0,0.0,0.0,0.0,0.0,0.0,0.0,0.0,0.0,0.0,0.0,0.0,0.0,0.0,0.0,0.0,0.0,0.0,0.0,1.35,1.7992049934296979,1691.1472306176086,7.649802890932984,3.717063557131405,0.12062457381009027,13.003859577049417,-12.02363841062576,5,0,1,0,0,0,7.0
672,0.1625874125874126,0.1625874125874126,0.1625874125874126,0.3496503496503497,0.0,0.1625874125874126,0.0,0.0,0.0,0.0,0.0,0.0,0.0,0.0,0.0,0.0,0.0,0.0,0.0,0.0,0.0,0.0,0.0,0.0,0.0,0.0,0.0,0.0,1.35,1.8026923076923078,1692.3071853146855,7.723776223776225,3.6580978729862776,0.12027687933707856,12.877547287955318,-11.913223140495871,5,0,1,0,0,0,7.1
673,0.16084165477888732,0.16084165477888732,0.16084165477888732,0.3566333808844508,0.0,0.16084165477888732,0.0,0.0,0.0,0.0,0.0,0.0,0.0,0.0,0.0,0.0,0.0,0.0,0.0,0.0,0.0,0.0,0.0,0.0,0.0,0.0,0.0,0.0,1.35,1.8038445078459344,1692.690431526391,7.748216833095578,3.638405733023426,0.12013953520467063,12.832200608398407,-11.87291336403467,5,0,1,0,0,0,7.1
674,0.039158810732414784,0.18636693255982595,0.18636693255982595,0.3625815808556925,0.0,0.18636693255982595,0.0,0.0,0.0,0.0,0.039158810732414784,0.0,0.0,0.0,0.0,0.0,0.0,0.0,0.0,0.0,0.0,0.0,0.0,0.0,0.0,0.0,0.0,0.0,1.3647208121827408,1.8307686729514137,1789.5503698332122,8.46047860768673,2.437671358142287,0.10128680838977223,12.978193187758054,-4.557352307822558,6,0,0,0,0,1,8.0
675,0.039158810732414784,0.18636693255982595,0.18636693255982595,0.3625815808556925,0.0,0.18636693255982595,0.0,0.0,0.0,0.0,0.039158810732414784,0.0,0.0,0.0,0.0,0.0,0.0,0.0,0.0,0.0,0.0,0.0,0.0,0.0,0.0,0.0,0.0,0.0,1.3647208121827408,1.8307686729514137,1789.5503698332122,8.46047860768673,2.437671358142287,0.10128680838977223,12.978193187758054,-4.557352307822558,6,0,0,0,0,1,8.0
676,0.07989435457246614,0.17002310993727301,0.17002310993727301,0.33014196104324856,0.0,0.17002310993727301,0.0,0.0,0.0,0.0,0.07989435457246614,0.0,0.0,0.0,0.0,0.0,0.0,0.0,0.0,0.0,0.0,0.0,0.0,0.0,0.0,0.0,0.0,0.0,1.3590128755364808,1.8240244305051168,1732.705539782106,8.33047210300429,2.913570437076054,0.10804765555360944,13.913647569533628,-5.128190886359774,6,0,1,0,0,0,7.7
677,0.07989435457246614,0.17002310993727301,0.17002310993727301,0.33014196104324856,0.0,0.17002310993727301,0.0,0.0,0.0,0.0,0.07989435457246614,0.0,0.0,0.0,0.0,0.0,0.0,0.0,0.0,0.0,0.0,0.0,0.0,0.0,0.0,0.0,0.0,0.0,1.3590128755364808,1.8240244305051168,1732.705539782106,8.33047210300429,2.913570437076054,0.10804765555360944,13.913647569533628,-5.128190886359774,6,1,0,0,0,0,7.7
678,0.07989435457246614,0.17002310993727301,0.17002310993727301,0.33014196104324856,0.0,0.17002310993727301,0.0,0.0,0.0,0.0,0.07989435457246614,0.0,0.0,0.0,0.0,0.0,0.0,0.0,0.0,0.0,0.0,0.0,0.0,0.0,0.0,0.0,0.0,0.0,1.3590128755364808,1.8240244305051168,1732.705539782106,8.33047210300429,2.913570437076054,0.10804765555360944,13.913647569533628,-5.128190886359774,6,1,0,0,0,0,7.7
679,0.09090909090909091,0.18181818181818182,0.18181818181818182,0.18181818181818182,0.0,0.18181818181818182,0.0,0.0,0.0,0.0,0.18181818181818182,0.0,0.0,0.0,0.0,0.0,0.0,0.0,0.0,0.0,0.0,0.0,0.0,0.0,0.0,0.0,0.0,0.0,1.3590909090909091,1.8154545454545454,1693.000909090909,8.272727272727273,3.0652680233818335,0.1093255053301949,14.69805276134963,-1.5206611570247937,6,0,0,0,0,1,7.6
680,0.09090909090909091,0.18181818181818182,0.18181818181818182,0.18181818181818182,0.0,0.18181818181818182,0.0,0.0,0.0,0.0,0.18181818181818182,0.0,0.0,0.0,0.0,0.0,0.0,0.0,0.0,0.0,0.0,0.0,0.0,0.0,0.0,0.0,0.0,0.0,1.3590909090909091,1.8154545454545454,1693.000909090909,8.272727272727273,3.0652680233818335,0.1093255053301949,14.69805276134963,-1.5206611570247937,6,0,0,0,0,1,7.6
681,0.09090909090909091,0.18181818181818182,0.18181818181818182,0.18181818181818182,0.0,0.18181818181818182,0.0,0.0,0.0,0.0,0.18181818181818182,0.0,0.0,0.0,0.0,0.0,0.0,0.0,0.0,0.0,0.0,0.0,0.0,0.0,0.0,0.0,0.0,0.0,1.3590909090909091,1.8154545454545454,1693.000909090909,8.272727272727273,3.0652680233818335,0.1093255053301949,14.69805276134963,-1.5206611570247937,6,0,0,0,0,1,7.6
682,0.16666666666666666,0.16666666666666666,0.16666666666666666,0.16666666666666666,0.0,0.16666666666666666,0.0,0.0,0.0,0.0,0.16666666666666666,0.0,0.0,0.0,0.0,0.0,0.0,0.0,0.0,0.0,0.0,0.0,0.0,0.0,0.0,0.0,0.0,0.0,1.35,1.7983333333333333,1629.7066666666665,7.833333333333333,3.7037037037037055,0.11908213785264163,14.897584106896662,-4.777777777777777,6,0,1,0,0,0,7.1
683,0.16666666666666666,0.16666666666666666,0.16666666666666666,0.16666666666666666,0.0,0.16666666666666666,0.0,0.0,0.0,0.0,0.16666666666666666,0.0,0.0,0.0,0.0,0.0,0.0,0.0,0.0,0.0,0.0,0.0,0.0,0.0,0.0,0.0,0.0,0.0,1.35,1.7983333333333333,1629.7066666666665,7.833333333333333,3.7037037037037055,0.11908213785264163,14.897584106896662,-4.777777777777777,6,0,0,0,0,1,7.1
684,0.2,0.2,0.2,0.2,0.0,0.2,0.0,0.0,0.0,0.0,0.0,0.0,0.0,0.0,0.0,0.0,0.0,0.0,0.0,0.0,0.0,0.0,0.0,0.0,0.0,0.0,0.0,0.0,1.35,1.778,1684.094,7.2,4.057204129667899,0.12056533498481224,13.38167152293333,-12.320000000000002,5,0,1,0,0,0,6.7
685,0.2,0.2,0.2,0.2,0.0,0.2,0.0,0.0,0.0,0.0,0.0,0.0,0.0,0.0,0.0,0.0,0.0,0.0,0.0,0.0,0.0,0.0,0.0,0.0,0.0,0.0,0.0,0.0,1.35,1.778,1684.094,7.2,4.057204129667899,0.12056533498481224,13.38167152293333,-12.320000000000002,5,0,0,1,0,0,6.7
686,0.16666666666666666,0.16666666666666666,0.16666666666666666,0.16666666666666666,0.0,0.16666666666666666,0.0,0.0,0.0,0.0,0.16666666666666666,0.0,0.0,0.0,0.0,0.0,0.0,0.0,0.0,0.0,0.0,0.0,0.0,0.0,0.0,0.0,0.0,0.0,1.35,1.7983333333333333,1629.7066666666665,7.833333333333333,3.7037037037037055,0.11908213785264163,14.897584106896662,-4.777777777777777,6,0,1,0,0,0,7.1
687,0.16666666666666666,0.16666666666666666,0.16666666666666666,0.16666666666666666,0.0,0.16666666666666666,0.0,0.0,0.0,0.0,0.16666666666666666,0.0,0.0,0.0,0.0,0.0,0.0,0.0,0.0,0.0,0.0,0.0,0.0,0.0,0.0,0.0,0.0,0.0,1.35,1.7983333333333333,1629.7066666666665,7.833333333333333,3.7037037037037055,0.11908213785264163,14.897584106896662,-4.777777777777777,6,0,0,0,0,1,7.1
688,0.09090909090909091,0.18181818181818182,0.18181818181818182,0.18181818181818182,0.0,0.18181818181818182,0.0,0.0,0.0,0.0,0.18181818181818182,0.0,0.0,0.0,0.0,0.0,0.0,0.0,0.0,0.0,0.0,0.0,0.0,0.0,0.0,0.0,0.0,0.0,1.3590909090909091,1.8154545454545454,1693.000909090909,8.272727272727273,3.0652680233818335,0.1093255053301949,14.69805276134963,-1.5206611570247937,6,0,0,0,0,1,7.6
689,0.09090909090909091,0.18181818181818182,0.18181818181818182,0.18181818181818182,0.0,0.18181818181818182,0.0,0.0,0.0,0.0,0.18181818181818182,0.0,0.0,0.0,0.0,0.0,0.0,0.0,0.0,0.0,0.0,0.0,0.0,0.0,0.0,0.0,0.0,0.0,1.3590909090909091,1.8154545454545454,1693.000909090909,8.272727272727273,3.0652680233818335,0.1093255053301949,14.69805276134963,-1.5206611570247937,6,0,0,0,0,1,7.6
690,0.0,0.23809523809523808,0.23809523809523808,0.23809523809523808,0.0,0.23809523809523808,0.0,0.0,0.0,0.047619047619047616,0.0,0.0,0.0,0.0,0.0,0.0,0.0,0.0,0.0,0.0,0.0,0.0,0.0,0.0,0.0,0.0,0.0,0.0,1.3761904761904762,1.8066666666666664,1875.0476190476188,8.047619047619047,1.814548180225176,0.11162579209267658,12.56923273899109,-7.346938775510204,5,0,0,0,0,1,7.9
691,0.0,0.23809523809523808,0.23809523809523808,0.23809523809523808,0.0,0.23809523809523808,0.0,0.0,0.0,0.047619047619047616,0.0,0.0,0.0,0.0,0.0,0.0,0.0,0.0,0.0,0.0,0.0,0.0,0.0,0.0,0.0,0.0,0.0,0.0,1.3761904761904762,1.8066666666666664,1875.0476190476188,8.047619047619047,1.814548180225176,0.11162579209267658,12.56923273899109,-7.346938775510204,5,0,0,0,0,1,7.9
692,0.02439024390243903,0.24390243902439027,0.24390243902439027,0.24390243902439027,0.0,0.24390243902439027,0.0,0.0,0.0,0.0,0.0,0.0,0.0,0.0,0.0,0.0,0.0,0.0,0.0,0.0,0.0,0.0,0.0,0.0,0.0,0.0,0.0,0.0,1.3719512195121952,1.8148780487804879,1848.8651219512199,8.121951219512196,2.2835969028737937,0.10085299495461052,12.198598601589563,-5.044616299821536,5,0,0,0,0,1,8.0
693,0.02439024390243903,0.24390243902439027,0.24390243902439027,0.24390243902439027,0.0,0.24390243902439027,0.0,0.0,0.0,0.0,0.0,0.0,0.0,0.0,0.0,0.0,0.0,0.0,0.0,0.0,0.0,0.0,0.0,0.0,0.0,0.0,0.0,0.0,1.3719512195121952,1.8148780487804879,1848.8651219512199,8.121951219512196,2.2835969028737937,0.10085299495461052,12.198598601589563,-5.044616299821536,5,0,0,0,0,1,8.0
694,0.02439024390243903,0.24390243902439027,0.24390243902439027,0.24390243902439027,0.0,0.24390243902439027,0.0,0.0,0.0,0.0,0.0,0.0,0.0,0.0,0.0,0.0,0.0,0.0,0.0,0.0,0.0,0.0,0.0,0.0,0.0,0.0,0.0,0.0,1.3719512195121952,1.8148780487804879,1848.8651219512199,8.121951219512196,2.2835969028737937,0.10085299495461052,12.198598601589563,-5.044616299821536,5,0,0,0,0,1,8.0
695,0.02439024390243903,0.24390243902439027,0.24390243902439027,0.24390243902439027,0.0,0.24390243902439027,0.0,0.0,0.0,0.0,0.0,0.0,0.0,0.0,0.0,0.0,0.0,0.0,0.0,0.0,0.0,0.0,0.0,0.0,0.0,0.0,0.0,0.0,1.3719512195121952,1.8148780487804879,1848.8651219512199,8.121951219512196,2.2835969028737937,0.10085299495461052,12.198598601589563,-5.044616299821536,5,0,0,0,0,1,8.0
696,0.0,0.2,0.2,0.2,0.0,0.2,0.2,0.0,0.0,0.0,0.0,0.0,0.0,0.0,0.0,0.0,0.0,0.0,0.0,0.0,0.0,0.0,0.0,0.0,0.0,0.0,0.0,0.0,1.3800000000000001,1.766,1801.2,8.0,1.7749925672341786,0.1383618444514238,13.38167152293333,-4.16,5,0,0,0,0,1,8.0
697,0.0,0.2,0.2,0.2,0.0,0.2,0.2,0.0,0.0,0.0,0.0,0.0,0.0,0.0,0.0,0.0,0.0,0.0,0.0,0.0,0.0,0.0,0.0,0.0,0.0,0.0,0.0,0.0,1.3800000000000001,1.766,1801.2,8.0,1.7749925672341786,0.1383618444514238,13.38167152293333,-4.16,5,0,0,0,0,1,8.0
698,0.2,0.0,0.2,0.4,0.0,0.2,0.0,0.0,0.0,0.0,0.0,0.0,0.0,0.0,0.0,0.0,0.0,0.0,0.0,0.0,0.0,0.0,0.0,0.0,0.0,0.0,0.0,0.0,1.35,1.784,1676.094,7.4,4.057204129667899,0.12611106216347556,11.076402629827063,-13.440000000000001,4,0,1,0,0,0,6.7
699,0.18017639647207054,0.0,0.19991600167996637,0.4199916001679966,0.0,0.19991600167996637,0.0,0.0,0.0,0.0,0.0,0.0,0.0,0.0,0.0,0.0,0.0,0.0,0.0,0.0,0.0,0.0,0.0,0.0,0.0,0.0,0.0,0.0,1.3519739605207894,1.7899748005039895,1691.7995086098276,7.5392692146157065,3.9121242689669726,0.12483605121990604,10.948648473686017,-12.867413714304458,4,0,1,0,0,0,6.9
700,0.16007036059806506,0.0,0.20008795074758137,0.4397537379067722,0.0,0.20008795074758137,0.0,0.0,0.0,0.0,0.0,0.0,0.0,0.0,0.0,0.0,0.0,0.0,0.0,0.0,0.0,0.0,0.0,0.0,0.0,0.0,0.0,0.0,1.3540017590149516,1.7959498680738786,1707.8663500439752,7.678979771328056,3.755103443022656,0.12322726836203307,10.795791135640217,-12.212580128391073,4,0,1,0,0,0,7.0
701,0.13983440662373506,0.0,0.2000919963201472,0.45998160073597055,0.0,0.2000919963201472,0.0,0.0,0.0,0.0,0.0,0.0,0.0,0.0,0.0,0.0,0.0,0.0,0.0,0.0,0.0,0.0,0.0,0.0,0.0,0.0,0.0,0.0,1.3560257589696412,1.802019319227231,1723.9465869365226,7.820607175712971,3.584408042496947,0.12129141652418618,10.610884492903073,-11.484107149053505,4,0,1,0,0,0,7.2
702,0.1199616122840691,0.0,0.20009596928982723,0.4798464491362764,0.0,0.20009596928982723,0.0,0.0,0.0,0.0,0.0,0.0,0.0,0.0,0.0,0.0,0.0,0.0,0.0,0.0,0.0,0.0,0.0,0.0,0.0,0.0,0.0,0.0,1.3580134357005758,1.8079798464491361,1739.738243761996,7.959692898272552,3.403176243924118,0.11905900074792118,10.398335997812413,-10.698585512137075,4,0,1,0,0,0,7.3
703,0.0,0.3333333333333333,0.0,0.3333333333333333,0.0,0.3333333333333333,0.0,0.0,0.0,0.0,0.0,0.0,0.0,0.0,0.0,0.0,0.0,0.0,0.0,0.0,0.0,0.0,0.0,0.0,0.0,0.0,0.0,0.0,1.3666666666666667,1.8166666666666664,1891.9999999999998,8.333333333333332,1.7246506858208492,0.11145502331533658,9.134411874130997,-4.888888888888888,3,0,0,0,0,1,8.3
704,0.0,0.3333333333333333,0.0,0.3333333333333333,0.0,0.3333333333333333,0.0,0.0,0.0,0.0,0.0,0.0,0.0,0.0,0.0,0.0,0.0,0.0,0.0,0.0,0.0,0.0,0.0,0.0,0.0,0.0,0.0,0.0,1.3666666666666667,1.8166666666666664,1891.9999999999998,8.333333333333332,1.7246506858208492,0.11145502331533658,9.134411874130997,-4.888888888888888,3,0,0,0,0,1,8.3
705,0.0,0.3333333333333333,0.0,0.3333333333333333,0.0,0.3333333333333333,0.0,0.0,0.0,0.0,0.0,0.0,0.0,0.0,0.0,0.0,0.0,0.0,0.0,0.0,0.0,0.0,0.0,0.0,0.0,0.0,0.0,0.0,1.3666666666666667,1.8166666666666664,1891.9999999999998,8.333333333333332,1.7246506858208492,0.11145502331533658,9.134411874130997,-4.888888888888888,3,0,0,0,0,1,8.3
706,0.16391184573002754,0.16391184573002754,0.16391184573002754,0.34435261707988984,0.0,0.16391184573002754,0.0,0.0,0.0,0.0,0.0,0.0,0.0,0.0,0.0,0.0,0.0,0.0,0.0,0.0,0.0,0.0,0.0,0.0,0.0,0.0,0.0,0.0,1.35,1.8018181818181818,1692.016432506887,7.7052341597796135,3.672967041964889,0.12037361489352401,12.910761309933086,-11.942535801288617,5,0,0,0,0,1,7.1
707,0.16391184573002754,0.16391184573002754,0.16391184573002754,0.34435261707988984,0.0,0.16391184573002754,0.0,0.0,0.0,0.0,0.0,0.0,0.0,0.0,0.0,0.0,0.0,0.0,0.0,0.0,0.0,0.0,0.0,0.0,0.0,0.0,0.0,0.0,1.35,1.8018181818181818,1692.016432506887,7.7052341597796135,3.672967041964889,0.12037361489352401,12.910761309933086,-11.942535801288617,5,0,0,0,0,1,7.1
708,0.16391184573002754,0.16391184573002754,0.16391184573002754,0.34435261707988984,0.0,0.16391184573002754,0.0,0.0,0.0,0.0,0.0,0.0,0.0,0.0,0.0,0.0,0.0,0.0,0.0,0.0,0.0,0.0,0.0,0.0,0.0,0.0,0.0,0.0,1.35,1.8018181818181818,1692.016432506887,7.7052341597796135,3.672967041964889,0.12037361489352401,12.910761309933086,-11.942535801288617,5,0,0,0,0,1,7.1
709,0.0,0.2,0.2,0.2,0.0,0.2,0.2,0.0,0.0,0.0,0.0,0.0,0.0,0.0,0.0,0.0,0.0,0.0,0.0,0.0,0.0,0.0,0.0,0.0,0.0,0.0,0.0,0.0,1.3800000000000001,1.766,1801.2,8.0,1.7749925672341786,0.1383618444514238,13.38167152293333,-4.16,5,0,1,0,0,0,8.0
710,0.0,0.2,0.2,0.2,0.0,0.2,0.2,0.0,0.0,0.0,0.0,0.0,0.0,0.0,0.0,0.0,0.0,0.0,0.0,0.0,0.0,0.0,0.0,0.0,0.0,0.0,0.0,0.0,1.3800000000000001,1.766,1801.2,8.0,1.7749925672341786,0.1383618444514238,13.38167152293333,-4.16,5,0,0,0,0,1,8.0
711,0.0,0.2,0.2,0.2,0.0,0.2,0.2,0.0,0.0,0.0,0.0,0.0,0.0,0.0,0.0,0.0,0.0,0.0,0.0,0.0,0.0,0.0,0.0,0.0,0.0,0.0,0.0,0.0,1.3800000000000001,1.766,1801.2,8.0,1.7749925672341786,0.1383618444514238,13.38167152293333,-4.16,5,0,0,0,0,1,8.0
712,0.0,0.0,0.0,0.0,0.0,0.0,0.0,0.25,0.0,0.25,0.0,0.0,0.25,0.0,0.0,0.0,0.0,0.0,0.0,0.0,0.25,0.0,0.0,0.0,0.0,0.0,0.0,0.0,1.4124999999999999,1.5675,2541.0,4.75,2.9350661861552174,0.050682837331783206,11.52634446553133,-0.25,4,0,0,0,1,0,9.2
713,0.0,0.0,0.0,0.0,0.0,0.0,0.0,0.25,0.0,0.25,0.0,0.0,0.25,0.0,0.0,0.0,0.0,0.0,0.0,0.0,0.25,0.0,0.0,0.0,0.0,0.0,0.0,0.0,1.4124999999999999,1.5675,2541.0,4.75,2.9350661861552174,0.050682837331783206,11.52634446553133,-0.25,4,0,0,0,1,0,9.2
714,0.0,0.0,0.0,0.0,0.0,0.0,0.0,0.25,0.0,0.25,0.0,0.0,0.25,0.0,0.0,0.0,0.0,0.0,0.0,0.0,0.25,0.0,0.0,0.0,0.0,0.0,0.0,0.0,1.4124999999999999,1.5675,2541.0,4.75,2.9350661861552174,0.050682837331783206,11.52634446553133,-0.25,4,0,0,0,1,0,9.2
715,0.0,0.2,0.2,0.2,0.0,0.2,0.2,0.0,0.0,0.0,0.0,0.0,0.0,0.0,0.0,0.0,0.0,0.0,0.0,0.0,0.0,0.0,0.0,0.0,0.0,0.0,0.0,0.0,1.3800000000000001,1.766,1801.2,8.0,1.7749925672341786,0.1383618444514238,13.38167152293333,-4.16,5,0,0,0,0,1,8.0
716,0.0,0.2,0.2,0.2,0.0,0.2,0.2,0.0,0.0,0.0,0.0,0.0,0.0,0.0,0.0,0.0,0.0,0.0,0.0,0.0,0.0,0.0,0.0,0.0,0.0,0.0,0.0,0.0,1.3800000000000001,1.766,1801.2,8.0,1.7749925672341786,0.1383618444514238,13.38167152293333,-4.16,5,0,0,0,0,1,8.0
717,0.0,0.2,0.2,0.2,0.0,0.2,0.2,0.0,0.0,0.0,0.0,0.0,0.0,0.0,0.0,0.0,0.0,0.0,0.0,0.0,0.0,0.0,0.0,0.0,0.0,0.0,0.0,0.0,1.3800000000000001,1.766,1801.2,8.0,1.7749925672341786,0.1383618444514238,13.38167152293333,-4.16,5,0,1,0,0,0,8.0
718,0.019607843137254905,0.19607843137254904,0.19607843137254904,0.19607843137254904,0.0,0.19607843137254904,0.19607843137254904,0.0,0.0,0.0,0.0,0.0,0.0,0.0,0.0,0.0,0.0,0.0,0.0,0.0,0.0,0.0,0.0,0.0,0.0,0.0,0.0,0.0,1.3774509803921569,1.7629411764705885,1784.18568627451,7.901960784313727,2.193741638067249,0.1386955209088763,13.921709560836417,-5.24413687043445,6,0,1,0,0,0,7.9
719,0.05660377358490566,0.18867924528301888,0.18867924528301888,0.18867924528301888,0.0,0.18867924528301888,0.18867924528301888,0.0,0.0,0.0,0.0,0.0,0.0,0.0,0.0,0.0,0.0,0.0,0.0,0.0,0.0,0.0,0.0,0.0,0.0,0.0,0.0,0.0,1.3726415094339623,1.7571698113207548,1752.0832075471699,7.716981132075472,2.7917657747889857,0.13913991001988518,14.432776579241523,-7.1626913492346045,6,0,1,0,0,0,7.6
720,0.09090909090909091,0.18181818181818182,0.18181818181818182,0.18181818181818182,0.0,0.18181818181818182,0.18181818181818182,0.0,0.0,0.0,0.0,0.0,0.0,0.0,0.0,0.0,0.0,0.0,0.0,0.0,0.0,0.0,0.0,0.0,0.0,0.0,0.0,0.0,1.3681818181818184,1.7518181818181817,1722.3154545454547,7.545454545454545,3.22104973914706,0.13933727438506122,14.69805276134963,-8.793388429752067,6,0,1,0,0,0,7.4
721,0.12280701754385964,0.17543859649122806,0.17543859649122806,0.17543859649122806,0.0,0.17543859649122806,0.17543859649122806,0.0,0.0,0.0,0.0,0.0,0.0,0.0,0.0,0.0,0.0,0.0,0.0,0.0,0.0,0.0,0.0,0.0,0.0,0.0,0.0,0.0,1.364035087719298,1.7468421052631578,1694.6366666666665,7.385964912280701,3.5515630280344865,0.13933624476187015,14.835299287021025,-10.181594336718991,6,0,1,0,0,0,7.1
722,0.16666666666666666,0.16666666666666666,0.16666666666666666,0.16666666666666666,0.0,0.16666666666666666,0.16666666666666666,0.0,0.0,0.0,0.0,0.0,0.0,0.0,0.0,0.0,0.0,0.0,0.0,0.0,0.0,0.0,0.0,0.0,0.0,0.0,0.0,0.0,1.3583333333333334,1.74,1656.5783333333331,7.166666666666667,3.928297078179658,0.13904435743076135,14.897584106896662,-11.888888888888888,6,0,1,0,0,0,6.8
723,0.0,0.25,0.25,0.25,0.0,0.25,0.0,0.0,0.0,0.0,0.0,0.0,0.0,0.0,0.0,0.0,0.0,0.0,0.0,0.0,0.0,0.0,0.0,0.0,0.0,0.0,0.0,0.0,1.375,1.82,1871.75,8.25,1.8181818181818077,0.09669539802906858,11.52634446553133,-3.75,4,0,0,0,0,1,8.2
724,0.0,0.25,0.25,0.25,0.0,0.25,0.0,0.0,0.0,0.0,0.0,0.0,0.0,0.0,0.0,0.0,0.0,0.0,0.0,0.0,0.0,0.0,0.0,0.0,0.0,0.0,0.0,0.0,1.375,1.82,1871.75,8.25,1.8181818181818077,0.09669539802906858,11.52634446553133,-3.75,4,0,0,0,0,1,8.2
725,0.0,0.25,0.25,0.25,0.0,0.25,0.0,0.0,0.0,0.0,0.0,0.0,0.0,0.0,0.0,0.0,0.0,0.0,0.0,0.0,0.0,0.0,0.0,0.0,0.0,0.0,0.0,0.0,1.375,1.82,1871.75,8.25,1.8181818181818077,0.09669539802906858,11.52634446553133,-3.75,4,0,0,0,0,1,8.2
726,0.0,0.25,0.25,0.25,0.0,0.25,0.0,0.0,0.0,0.0,0.0,0.0,0.0,0.0,0.0,0.0,0.0,0.0,0.0,0.0,0.0,0.0,0.0,0.0,0.0,0.0,0.0,0.0,1.375,1.82,1871.75,8.25,1.8181818181818077,0.09669539802906858,11.52634446553133,-3.75,4,0,0,0,0,1,8.2
727,0.0,0.25,0.25,0.25,0.0,0.25,0.0,0.0,0.0,0.0,0.0,0.0,0.0,0.0,0.0,0.0,0.0,0.0,0.0,0.0,0.0,0.0,0.0,0.0,0.0,0.0,0.0,0.0,1.375,1.82,1871.75,8.25,1.8181818181818077,0.09669539802906858,11.52634446553133,-3.75,4,0,0,0,0,1,8.2
728,0.0,0.25,0.25,0.25,0.0,0.25,0.0,0.0,0.0,0.0,0.0,0.0,0.0,0.0,0.0,0.0,0.0,0.0,0.0,0.0,0.0,0.0,0.0,0.0,0.0,0.0,0.0,0.0,1.375,1.82,1871.75,8.25,1.8181818181818077,0.09669539802906858,11.52634446553133,-3.75,4,0,0,0,0,1,8.2
729,0.0,0.25,0.25,0.25,0.0,0.25,0.0,0.0,0.0,0.0,0.0,0.0,0.0,0.0,0.0,0.0,0.0,0.0,0.0,0.0,0.0,0.0,0.0,0.0,0.0,0.0,0.0,0.0,1.375,1.82,1871.75,8.25,1.8181818181818077,0.09669539802906858,11.52634446553133,-3.75,4,0,1,0,0,0,8.2
730,0.06976744186046512,0.23255813953488372,0.23255813953488372,0.23255813953488372,0.0,0.23255813953488372,0.0,0.0,0.0,0.0,0.0,0.0,0.0,0.0,0.0,0.0,0.0,0.0,0.0,0.0,0.0,0.0,0.0,0.0,0.0,0.0,0.0,0.0,1.3662790697674418,1.8053488372093023,1806.2886046511628,7.883720930232558,2.9235002616710872,0.10751633379878442,12.826056830530574,-7.2687939426717145,5,0,1,0,0,0,7.6
731,0.13043478260869565,0.2173913043478261,0.2173913043478261,0.2173913043478261,0.0,0.2173913043478261,0.0,0.0,0.0,0.0,0.0,0.0,0.0,0.0,0.0,0.0,0.0,0.0,0.0,0.0,0.0,0.0,0.0,0.0,0.0,0.0,0.0,0.0,1.358695652173913,1.7926086956521738,1749.3656521739133,7.565217391304349,3.5417509793885857,0.11459635745422683,13.242385524383808,-9.867674858223062,5,0,1,0,0,0,7.2
732,0.18367346938775508,0.2040816326530612,0.2040816326530612,0.2040816326530612,0.0,0.2040816326530612,0.0,0.0,0.0,0.0,0.0,0.0,0.0,0.0,0.0,0.0,0.0,0.0,0.0,0.0,0.0,0.0,0.0,0.0,0.0,0.0,0.0,0.0,1.3520408163265305,1.7814285714285711,1699.412857142857,7.285714285714285,3.9505667406195855,0.11935199185260237,13.374597746960852,-11.79508538109121,5,0,1,0,0,0,6.8
733,0.16666666666666666,0.18518518518518517,0.18518518518518517,0.18518518518518517,0.0,0.18518518518518517,0.0,0.0,0.0,0.09259259259259259,0.0,0.0,0.0,0.0,0.0,0.0,0.0,0.0,0.0,0.0,0.0,0.0,0.0,0.0,0.0,0.0,0.0,0.0,1.3564814814814814,1.759074074074074,1721.7820370370368,6.981481481481481,3.8883891791470573,0.13350362068218885,14.701194492621912,-17.53086419753086,6,0,1,0,0,0,6.5
734,0.0,0.2,0.2,0.2,0.0,0.2,0.2,0.0,0.0,0.0,0.0,0.0,0.0,0.0,0.0,0.0,0.0,0.0,0.0,0.0,0.0,0.0,0.0,0.0,0.0,0.0,0.0,0.0,1.3800000000000001,1.766,1801.2,8.0,1.7749925672341786,0.1383618444514238,13.38167152293333,-4.16,5,0,1,0,0,0,8.0
735,0.0,0.19833399444664818,0.19833399444664818,0.19833399444664818,0.0,0.19833399444664818,0.19833399444664818,0.0,0.008330027766759224,0.0,0.0,0.0,0.0,0.0,0.0,0.0,0.0,0.0,0.0,0.0,0.0,0.0,0.0,0.0,0.0,0.0,0.0,0.0,1.3805831019436732,1.7692820309401034,1810.319714399048,7.983339944466483,1.8259466589936455,0.14236178704884958,13.670781802931504,-4.150459425238942,6,0,1,0,0,0,8.1
736,0.0,0.19657951641438964,0.19657951641438964,0.19657951641438964,0.0,0.19657951641438964,0.19657951641438964,0.0,0.017102417928051897,0.0,0.0,0.0,0.0,0.0,0.0,0.0,0.0,0.0,0.0,0.0,0.0,0.0,0.0,0.0,0.0,0.0,0.0,0.0,1.3811971692549636,1.7727383526636524,1819.9237271476313,7.9657951641438975,1.8769970444980424,0.1463765584512926,13.872325500360855,-4.139956114115666,6,0,1,0,0,0,8.1
737,0.0,0.19470404984423675,0.19470404984423675,0.19470404984423675,0.0,0.19470404984423675,0.19470404984423675,0.0,0.026479750778816202,0.0,0.0,0.0,0.0,0.0,0.0,0.0,0.0,0.0,0.0,0.0,0.0,0.0,0.0,0.0,0.0,0.0,0.0,0.0,1.3818535825545168,1.7764330218068536,1830.1900311526479,7.947040498442367,1.9288468645265782,0.1504620693030917,14.04405793166004,-4.128211100435749,6,0,1,0,0,0,8.1
738,0.0,0.19267822736030826,0.19267822736030826,0.19267822736030826,0.0,0.19267822736030826,0.19267822736030826,0.0,0.036608863198458574,0.0,0.0,0.0,0.0,0.0,0.0,0.0,0.0,0.0,0.0,0.0,0.0,0.0,0.0,0.0,0.0,0.0,0.0,0.0,1.3825626204238919,1.7804238921001927,1841.2793834296722,7.926782273603082,1.9819472724308902,0.15465485684932956,14.197267985614955,-4.114923838269088,6,0,1,0,0,0,8.1
739,0.06976744186046512,0.23255813953488372,0.23255813953488372,0.23255813953488372,0.0,0.23255813953488372,0.0,0.0,0.0,0.0,0.0,0.0,0.0,0.0,0.0,0.0,0.0,0.0,0.0,0.0,0.0,0.0,0.0,0.0,0.0,0.0,0.0,0.0,1.3662790697674418,1.8053488372093023,1806.2886046511628,7.883720930232558,2.9235002616710872,0.10751633379878442,12.826056830530574,-7.2687939426717145,5,0,0,0,0,1,7.6
740,0.06976744186046512,0.23255813953488372,0.23255813953488372,0.23255813953488372,0.0,0.23255813953488372,0.0,0.0,0.0,0.0,0.0,0.0,0.0,0.0,0.0,0.0,0.0,0.0,0.0,0.0,0.0,0.0,0.0,0.0,0.0,0.0,0.0,0.0,1.3662790697674418,1.8053488372093023,1806.2886046511628,7.883720930232558,2.9235002616710872,0.10751633379878442,12.826056830530574,-7.2687939426717145,5,0,0,0,0,1,7.6
741,0.06976744186046512,0.23255813953488372,0.23255813953488372,0.23255813953488372,0.0,0.23255813953488372,0.0,0.0,0.0,0.0,0.0,0.0,0.0,0.0,0.0,0.0,0.0,0.0,0.0,0.0,0.0,0.0,0.0,0.0,0.0,0.0,0.0,0.0,1.3662790697674418,1.8053488372093023,1806.2886046511628,7.883720930232558,2.9235002616710872,0.10751633379878442,12.826056830530574,-7.2687939426717145,5,0,0,0,0,1,7.6
742,0.06976744186046512,0.23255813953488372,0.23255813953488372,0.23255813953488372,0.0,0.23255813953488372,0.0,0.0,0.0,0.0,0.0,0.0,0.0,0.0,0.0,0.0,0.0,0.0,0.0,0.0,0.0,0.0,0.0,0.0,0.0,0.0,0.0,0.0,1.3662790697674418,1.8053488372093023,1806.2886046511628,7.883720930232558,2.9235002616710872,0.10751633379878442,12.826056830530574,-7.2687939426717145,5,0,0,0,0,1,7.6
743,0.06976744186046512,0.23255813953488372,0.23255813953488372,0.23255813953488372,0.0,0.23255813953488372,0.0,0.0,0.0,0.0,0.0,0.0,0.0,0.0,0.0,0.0,0.0,0.0,0.0,0.0,0.0,0.0,0.0,0.0,0.0,0.0,0.0,0.0,1.3662790697674418,1.8053488372093023,1806.2886046511628,7.883720930232558,2.9235002616710872,0.10751633379878442,12.826056830530574,-7.2687939426717145,5,0,0,0,0,1,7.6
744,0.25,0.25,0.0,0.25,0.0,0.25,0.0,0.0,0.0,0.0,0.0,0.0,0.0,0.0,0.0,0.0,0.0,0.0,0.0,0.0,0.0,0.0,0.0,0.0,0.0,0.0,0.0,0.0,1.3375,1.7650000000000001,1652.3675,7.0,4.073737330411839,0.13162446581088177,11.52634446553133,-15.5,4,0,1,0,0,0,6.4
745,0.0,0.2,0.2,0.2,0.0,0.2,0.2,0.0,0.0,0.0,0.0,0.0,0.0,0.0,0.0,0.0,0.0,0.0,0.0,0.0,0.0,0.0,0.0,0.0,0.0,0.0,0.0,0.0,1.3800000000000001,1.766,1801.2,8.0,1.7749925672341786,0.1383618444514238,13.38167152293333,-4.16,5,0,0,0,0,1,8.0
746,0.0,0.18181818181818182,0.18181818181818182,0.18181818181818182,0.0,0.18181818181818182,0.18181818181818182,0.0,0.0,0.0,0.0,0.09090909090909091,0.0,0.0,0.0,0.0,0.0,0.0,0.0,0.0,0.0,0.0,0.0,0.0,0.0,0.0,0.0,0.0,1.3181818181818183,1.837272727272727,1982.9090909090912,7.636363636363636,14.935453674281183,0.2611544617512057,14.698052761349631,-20.49586776859504,6,0,0,0,0,1,7.6
747,0.0,0.16666666666666666,0.16666666666666666,0.16666666666666666,0.0,0.16666666666666666,0.16666666666666666,0.0,0.0,0.0,0.0,0.16666666666666666,0.0,0.0,0.0,0.0,0.0,0.0,0.0,0.0,0.0,0.0,0.0,0.0,0.0,0.0,0.0,0.0,1.2666666666666666,1.8966666666666667,2134.3333333333335,7.333333333333334,20.08465463483388,0.3183115175770776,14.897584106896662,-31.555555555555554,6,0,0,0,0,1,7.3
748,0.0,0.34013605442176864,0.059863945578231284,0.34013605442176864,0.0,0.19999999999999996,0.0,0.0,0.059863945578231284,0.0,0.0,0.0,0.0,0.0,0.0,0.0,0.0,0.0,0.0,0.0,0.0,0.0,0.0,0.0,0.0,0.0,0.0,0.0,1.3689795918367347,1.8599727891156457,1906.8952380952378,8.500680272108843,2.1768459938190303,0.12011672019520069,11.57889803909689,-4.291471146281641,5,0,0,0,0,1,8.6
749,0.0,0.34013605442176864,0.059863945578231284,0.34013605442176864,0.0,0.19999999999999996,0.0,0.0,0.059863945578231284,0.0,0.0,0.0,0.0,0.0,0.0,0.0,0.0,0.0,0.0,0.0,0.0,0.0,0.0,0.0,0.0,0.0,0.0,0.0,1.3689795918367347,1.8599727891156457,1906.8952380952378,8.500680272108843,2.1768459938190303,0.12011672019520069,11.57889803909689,-4.291471146281641,5,0,0,0,0,1,8.6
750,0.0,0.34013605442176864,0.059863945578231284,0.34013605442176864,0.0,0.19999999999999996,0.0,0.0,0.059863945578231284,0.0,0.0,0.0,0.0,0.0,0.0,0.0,0.0,0.0,0.0,0.0,0.0,0.0,0.0,0.0,0.0,0.0,0.0,0.0,1.3689795918367347,1.8599727891156457,1906.8952380952378,8.500680272108843,2.1768459938190303,0.12011672019520069,11.57889803909689,-4.291471146281641,5,0,0,0,0,1,8.6
751,0.0,0.34013605442176864,0.059863945578231284,0.34013605442176864,0.0,0.19999999999999996,0.0,0.0,0.059863945578231284,0.0,0.0,0.0,0.0,0.0,0.0,0.0,0.0,0.0,0.0,0.0,0.0,0.0,0.0,0.0,0.0,0.0,0.0,0.0,1.3689795918367347,1.8599727891156457,1906.8952380952378,8.500680272108843,2.1768459938190303,0.12011672019520069,11.57889803909689,-4.291471146281641,5,0,0,0,0,1,8.6
752,0.0,0.34013605442176864,0.059863945578231284,0.34013605442176864,0.0,0.19999999999999996,0.0,0.0,0.059863945578231284,0.0,0.0,0.0,0.0,0.0,0.0,0.0,0.0,0.0,0.0,0.0,0.0,0.0,0.0,0.0,0.0,0.0,0.0,0.0,1.3689795918367347,1.8599727891156457,1906.8952380952378,8.500680272108843,2.1768459938190303,0.12011672019520069,11.57889803909689,-4.291471146281641,5,0,0,0,0,1,8.6
753,0.0,0.34013605442176864,0.059863945578231284,0.34013605442176864,0.0,0.19999999999999996,0.0,0.0,0.059863945578231284,0.0,0.0,0.0,0.0,0.0,0.0,0.0,0.0,0.0,0.0,0.0,0.0,0.0,0.0,0.0,0.0,0.0,0.0,0.0,1.3689795918367347,1.8599727891156457,1906.8952380952378,8.500680272108843,2.1768459938190303,0.12011672019520069,11.57889803909689,-4.291471146281641,5,0,0,0,0,1,8.6
754,0.0,0.34013605442176864,0.059863945578231284,0.34013605442176864,0.0,0.19999999999999996,0.0,0.0,0.059863945578231284,0.0,0.0,0.0,0.0,0.0,0.0,0.0,0.0,0.0,0.0,0.0,0.0,0.0,0.0,0.0,0.0,0.0,0.0,0.0,1.3689795918367347,1.8599727891156457,1906.8952380952378,8.500680272108843,2.1768459938190303,0.12011672019520069,11.57889803909689,-4.291471146281641,5,0,0,0,0,1,8.6
755,0.0,0.2,0.2,0.2,0.0,0.2,0.2,0.0,0.0,0.0,0.0,0.0,0.0,0.0,0.0,0.0,0.0,0.0,0.0,0.0,0.0,0.0,0.0,0.0,0.0,0.0,0.0,0.0,1.3800000000000001,1.766,1801.2,8.0,1.7749925672341786,0.1383618444514238,13.38167152293333,-4.16,5,0,0,0,0,1,8.0
756,0.0,0.0,0.2,0.2,0.0,0.2,0.2,0.0,0.0,0.0,0.2,0.0,0.0,0.0,0.0,0.0,0.0,0.0,0.0,0.0,0.0,0.0,0.0,0.0,0.0,0.0,0.0,0.0,1.3800000000000001,1.77,1719.1540000000002,8.4,1.7749925672341786,0.14184498581197713,13.38167152293333,2.72,5,0,1,0,0,0,8.1
757,0.0,0.0,0.2,0.2,0.0,0.2,0.2,0.0,0.0,0.0,0.2,0.0,0.0,0.0,0.0,0.0,0.0,0.0,0.0,0.0,0.0,0.0,0.0,0.0,0.0,0.0,0.0,0.0,1.3800000000000001,1.77,1719.1540000000002,8.4,1.7749925672341786,0.14184498581197713,13.38167152293333,2.72,5,1,0,0,0,0,8.1
758,0.0,0.0,0.2,0.2,0.0,0.2,0.2,0.0,0.0,0.0,0.2,0.0,0.0,0.0,0.0,0.0,0.0,0.0,0.0,0.0,0.0,0.0,0.0,0.0,0.0,0.0,0.0,0.0,1.3800000000000001,1.77,1719.1540000000002,8.4,1.7749925672341786,0.14184498581197713,13.38167152293333,2.72,5,1,0,0,0,0,8.1
759,0.0,0.0,0.2,0.2,0.0,0.2,0.2,0.0,0.0,0.0,0.2,0.0,0.0,0.0,0.0,0.0,0.0,0.0,0.0,0.0,0.0,0.0,0.0,0.0,0.0,0.0,0.0,0.0,1.3800000000000001,1.77,1719.1540000000002,8.4,1.7749925672341786,0.14184498581197713,13.38167152293333,2.72,5,1,0,0,0,0,8.1
760,0.0,0.0,0.2,0.2,0.0,0.2,0.2,0.0,0.0,0.0,0.2,0.0,0.0,0.0,0.0,0.0,0.0,0.0,0.0,0.0,0.0,0.0,0.0,0.0,0.0,0.0,0.0,0.0,1.3800000000000001,1.77,1719.1540000000002,8.4,1.7749925672341786,0.14184498581197713,13.38167152293333,2.72,5,1,0,0,0,0,8.1
761,0.0,0.0,0.2,0.2,0.0,0.2,0.2,0.0,0.0,0.0,0.2,0.0,0.0,0.0,0.0,0.0,0.0,0.0,0.0,0.0,0.0,0.0,0.0,0.0,0.0,0.0,0.0,0.0,1.3800000000000001,1.77,1719.1540000000002,8.4,1.7749925672341786,0.14184498581197713,13.38167152293333,2.72,5,1,0,0,0,0,8.1
762,0.0,0.0,0.0,0.0,0.0,0.16666666666666666,0.0,0.16666666666666666,0.16666666666666666,0.0,0.0,0.0,0.16666666666666666,0.0,0.0,0.0,0.0,0.0,0.0,0.0,0.16666666666666666,0.0,0.16666666666666666,0.0,0.0,0.0,0.0,0.0,1.4083333333333334,1.8183333333333334,2832.3333333333335,5.5,3.186488051558875,0.3213729228724093,14.897584106896662,-4.8888888888888875,6,0,0,0,1,0,11.7
763,0.0,0.0,0.0,0.0,0.0,0.16666666666666666,0.0,0.16666666666666666,0.16666666666666666,0.0,0.0,0.0,0.16666666666666666,0.0,0.0,0.0,0.0,0.0,0.0,0.0,0.16666666666666666,0.0,0.16666666666666666,0.0,0.0,0.0,0.0,0.0,1.4083333333333334,1.8183333333333334,2832.3333333333335,5.5,3.186488051558875,0.3213729228724093,14.897584106896662,-4.8888888888888875,6,0,0,0,1,0,11.7
764,0.0,0.0,0.0,0.0,0.0,0.16666666666666666,0.0,0.16666666666666666,0.16666666666666666,0.0,0.0,0.0,0.16666666666666666,0.0,0.0,0.0,0.0,0.0,0.0,0.0,0.16666666666666666,0.0,0.16666666666666666,0.0,0.0,0.0,0.0,0.0,1.4083333333333334,1.8183333333333334,2832.3333333333335,5.5,3.186488051558875,0.3213729228724093,14.897584106896662,-4.8888888888888875,6,0,0,0,1,0,11.7
765,0.0,0.0,0.0,0.0,0.0,0.16666666666666666,0.0,0.16666666666666666,0.16666666666666666,0.0,0.0,0.0,0.16666666666666666,0.0,0.0,0.0,0.0,0.0,0.0,0.0,0.16666666666666666,0.0,0.16666666666666666,0.0,0.0,0.0,0.0,0.0,1.4083333333333334,1.8183333333333334,2832.3333333333335,5.5,3.186488051558875,0.3213729228724093,14.897584106896662,-4.8888888888888875,6,0,0,0,1,0,11.7
766,0.0,0.2,0.2,0.2,0.0,0.2,0.0,0.0,0.0,0.0,0.2,0.0,0.0,0.0,0.0,0.0,0.0,0.0,0.0,0.0,0.0,0.0,0.0,0.0,0.0,0.0,0.0,0.0,1.37,1.8359999999999999,1768.9540000000002,8.8,1.7879487173599762,0.09221713506718802,13.38167152293333,3.200000000000001,5,0,1,0,0,0,8.3
767,0.09090909090909091,0.18181818181818182,0.18181818181818182,0.18181818181818182,0.0,0.18181818181818182,0.0,0.0,0.0,0.0,0.18181818181818182,0.0,0.0,0.0,0.0,0.0,0.0,0.0,0.0,0.0,0.0,0.0,0.0,0.0,0.0,0.0,0.0,0.0,1.3590909090909091,1.8154545454545454,1693.000909090909,8.272727272727273,3.0652680233818335,0.1093255053301949,14.69805276134963,-1.5206611570247937,6,0,1,0,0,0,7.6
768,0.16666666666666666,0.16666666666666666,0.16666666666666666,0.16666666666666666,0.0,0.16666666666666666,0.0,0.0,0.0,0.0,0.16666666666666666,0.0,0.0,0.0,0.0,0.0,0.0,0.0,0.0,0.0,0.0,0.0,0.0,0.0,0.0,0.0,0.0,0.0,1.35,1.7983333333333333,1629.7066666666665,7.833333333333333,3.7037037037037055,0.11908213785264163,14.897584106896662,-4.777777777777777,6,0,1,0,0,0,7.1
769,0.2306805074971165,0.15386389850057672,0.15386389850057672,0.15386389850057672,0.0,0.15386389850057672,0.0,0.0,0.0,0.0,0.15386389850057672,0.0,0.0,0.0,0.0,0.0,0.0,0.0,0.0,0.0,0.0,0.0,0.0,0.0,0.0,0.0,0.0,0.0,1.3423183391003461,1.7838662053056518,1576.2241268742794,7.462053056516726,4.092046190442796,0.1249263703784544,14.785419744115682,-7.050409411338999,6,0,1,0,0,0,6.6
770,0.2857142857142857,0.14285714285714285,0.14285714285714285,0.14285714285714285,0.0,0.14285714285714285,0.0,0.0,0.0,0.0,0.14285714285714285,0.0,0.0,0.0,0.0,0.0,0.0,0.0,0.0,0.0,0.0,0.0,0.0,0.0,0.0,0.0,0.0,0.0,1.3357142857142856,1.7714285714285714,1530.2442857142855,7.142857142857142,4.344405563976445,0.12844438167422292,14.532649296387355,-8.653061224489795,6,0,1,0,0,0,6.3
771,0.06976744186046512,0.23255813953488372,0.23255813953488372,0.23255813953488372,0.0,0.23255813953488372,0.0,0.0,0.0,0.0,0.0,0.0,0.0,0.0,0.0,0.0,0.0,0.0,0.0,0.0,0.0,0.0,0.0,0.0,0.0,0.0,0.0,0.0,1.3662790697674418,1.8053488372093023,1806.2886046511628,7.883720930232558,2.9235002616710872,0.10751633379878442,12.826056830530574,-7.2687939426717145,5,0,0,0,0,1,7.6
772,0.06976744186046512,0.23255813953488372,0.23255813953488372,0.23255813953488372,0.0,0.23255813953488372,0.0,0.0,0.0,0.0,0.0,0.0,0.0,0.0,0.0,0.0,0.0,0.0,0.0,0.0,0.0,0.0,0.0,0.0,0.0,0.0,0.0,0.0,1.3662790697674418,1.8053488372093023,1806.2886046511628,7.883720930232558,2.9235002616710872,0.10751633379878442,12.826056830530574,-7.2687939426717145,5,0,0,0,0,1,7.6
773,0.185982905982906,0.2358974358974359,0.3418803418803419,0.2358974358974359,0.0,0.0,0.0,0.0,0.0,0.0,0.0,0.00034188034188034193,0.0,0.0,0.0,0.0,0.0,0.0,0.0,0.0,0.0,0.0,0.0,0.0,0.0,0.0,0.0,0.0,1.3482735042735043,1.8199965811965813,1618.7513435897436,7.776410256410256,3.9636985039611954,0.10572711199372653,11.340558645259268,-11.019292687559355,5,0,1,0,0,0,7.0
774,0.0,0.0,0.0,0.0,0.0,0.0,0.0,0.2,0.0,0.2,0.0,0.0,0.0,0.2,0.0,0.0,0.0,0.0,0.0,0.0,0.2,0.2,0.0,0.0,0.0,0.0,0.0,0.0,1.48,1.4540000000000002,2523.0,4.4,4.054054054054058,0.11825396399275587,13.38167152293333,2.7200000000000006,5,0,0,0,0,1,9.9
775,0.0,0.16666666666666666,0.3333333333333333,0.3333333333333333,0.0,0.16666666666666666,0.0,0.0,0.0,0.0,0.0,0.0,0.0,0.0,0.0,0.0,0.0,0.0,0.0,0.0,0.0,0.0,0.0,0.0,0.0,0.0,0.0,0.0,1.375,1.8366666666666667,1837.6666666666665,8.499999999999998,1.8181818181818077,0.08556998435328957,11.055469285052888,-3.333333333333333,4,0,0,0,0,1,8.2
776,0.0,0.25,0.2857142857142857,0.2857142857142857,0.0,0.17857142857142858,0.0,0.0,0.0,0.0,0.0,0.0,0.0,0.0,0.0,0.0,0.0,0.0,0.0,0.0,0.0,0.0,0.0,0.0,0.0,0.0,0.0,0.0,1.3732142857142857,1.835,1842.4285714285713,8.464285714285714,1.815895974482304,0.0871165065546462,11.39148888814954,-3.2857142857142856,4,0,0,0,0,1,8.3
777,0.0,0.3460207612456747,0.23079584775086506,0.23079584775086506,0.0,0.19238754325259516,0.0,0.0,0.0,0.0,0.0,0.0,0.0,0.0,0.0,0.0,0.0,0.0,0.0,0.0,0.0,0.0,0.0,0.0,0.0,0.0,0.0,0.0,1.371159169550173,1.8330588235294116,1847.9560553633219,8.422837370242215,1.801628808411018,0.08884136945891616,11.316982973166239,-3.2315676296979206,4,0,0,0,0,1,8.3
778,0.0,0.45808520384791573,0.16674301420064133,0.16674301420064133,0.0,0.20842876775080169,0.0,0.0,0.0,0.0,0.0,0.0,0.0,0.0,0.0,0.0,0.0,0.0,0.0,0.0,0.0,0.0,0.0,0.0,0.0,0.0,0.0,0.0,1.3687585890975722,1.8308108108108108,1854.3728813559323,8.374713696747596,1.7686363524435151,0.09074856623843229,10.657945150434973,-3.1677353572739344,4,0,0,0,0,1,8.3
779,0.0,0.5906674542232724,0.09096278795038394,0.09096278795038394,0.0,0.22740696987595987,0.0,0.0,0.0,0.0,0.0,0.0,0.0,0.0,0.0,0.0,0.0,0.0,0.0,0.0,0.0,0.0,0.0,0.0,0.0,0.0,0.0,0.0,1.3659184878913175,1.8281512108682814,1861.9645599527469,8.31777909037212,1.70524015132867,0.09288419610785419,9.012183218831698,-3.092197502729178,4,0,0,0,0,1,8.4
780,0.0,0.0,0.0,0.0,0.0,0.0,0.0,0.25,0.0,0.25,0.0,0.0,0.0,0.25,0.0,0.0,0.0,0.0,0.0,0.0,0.0,0.25,0.0,0.0,0.0,0.0,0.0,0.0,1.4874999999999998,1.4425000000000001,2331.25,4.25,4.366514640929942,0.12968712349342937,11.52634446553133,2.5,4,0,0,0,0,1,8.4
781,0.0,0.20606060606060606,0.19498432601880877,0.2089864158829676,0.0,0.19895506792058515,0.1910135841170324,0.0,0.0,0.0,0.0,0.0,0.0,0.0,0.0,0.0,0.0,0.0,0.0,0.0,0.0,0.0,0.0,0.0,0.0,0.0,0.0,0.0,1.3792476489028214,1.769715778474399,1802.43197492163,8.03510971786834,1.7862279520887707,0.13763627308792925,13.377007193838956,-4.222636002223074,5,0,0,0,0,1,8.0
782,0.0,0.20606060606060606,0.19498432601880877,0.2089864158829676,0.0,0.19895506792058515,0.1910135841170324,0.0,0.0,0.0,0.0,0.0,0.0,0.0,0.0,0.0,0.0,0.0,0.0,0.0,0.0,0.0,0.0,0.0,0.0,0.0,0.0,0.0,1.3792476489028214,1.769715778474399,1802.43197492163,8.03510971786834,1.7862279520887707,0.13763627308792925,13.377007193838956,-4.222636002223074,5,0,0,0,0,1,8.0
783,0.0,0.20606060606060606,0.19498432601880877,0.2089864158829676,0.0,0.19895506792058515,0.1910135841170324,0.0,0.0,0.0,0.0,0.0,0.0,0.0,0.0,0.0,0.0,0.0,0.0,0.0,0.0,0.0,0.0,0.0,0.0,0.0,0.0,0.0,1.3792476489028214,1.769715778474399,1802.43197492163,8.03510971786834,1.7862279520887707,0.13763627308792925,13.377007193838956,-4.222636002223074,5,0,0,0,0,1,8.0
784,0.0,0.20606060606060606,0.19498432601880877,0.2089864158829676,0.0,0.19895506792058515,0.1910135841170324,0.0,0.0,0.0,0.0,0.0,0.0,0.0,0.0,0.0,0.0,0.0,0.0,0.0,0.0,0.0,0.0,0.0,0.0,0.0,0.0,0.0,1.3792476489028214,1.769715778474399,1802.43197492163,8.03510971786834,1.7862279520887707,0.13763627308792925,13.377007193838956,-4.222636002223074,5,0,0,0,0,1,8.0
785,0.0,0.20606060606060606,0.19498432601880877,0.2089864158829676,0.0,0.19895506792058515,0.1910135841170324,0.0,0.0,0.0,0.0,0.0,0.0,0.0,0.0,0.0,0.0,0.0,0.0,0.0,0.0,0.0,0.0,0.0,0.0,0.0,0.0,0.0,1.3792476489028214,1.769715778474399,1802.43197492163,8.03510971786834,1.7862279520887707,0.13763627308792925,13.377007193838956,-4.222636002223074,5,0,0,0,0,1,8.0
786,0.08,0.0,0.0,0.0,0.0,0.0,0.0,0.2,0.0,0.2,0.0,0.0,0.0,0.2,0.0,0.0,0.0,0.0,0.0,0.0,0.2,0.12,0.0,0.0,0.0,0.0,0.0,0.0,1.456,1.4788000000000001,2397.1976,4.32,5.690196477254939,0.11583850827768805,14.500822624003021,-6.329599999999999,6,0,0,1,0,0,9.1
787,0.25,0.0,0.0,0.0,0.0,0.25,0.0,0.0,0.25,0.25,0.0,0.0,0.0,0.0,0.0,0.0,0.0,0.0,0.0,0.0,0.0,0.0,0.0,0.0,0.0,0.0,0.0,0.0,1.375,1.7425,1987.6175,4.75,5.454545454545452,0.24478306722483895,11.52634446553133,-14.0,4,1,0,0,0,0,6.0
788,0.25,0.0,0.0,0.0,0.0,0.0,0.0,0.25,0.25,0.25,0.0,0.0,0.0,0.0,0.0,0.0,0.0,0.0,0.0,0.0,0.0,0.0,0.0,0.0,0.0,0.0,0.0,0.0,1.3875000000000002,1.7275,2130.1175000000003,4.5,5.90760227414594,0.25113492389550285,11.52634446553133,-15.25,4,1,0,0,0,0,6.5
789,0.0,0.0,0.0,0.0,0.0,0.0,0.0,0.25,0.125,0.25,0.0,0.0,0.125,0.0,0.0,0.0,0.0,0.0,0.0,0.0,0.0,0.25,0.0,0.0,0.0,0.0,0.0,0.0,1.45,1.58375,2434.125,4.625,4.561640191490678,0.2498968537216906,12.967137523722748,-0.875,5,0,1,0,0,0,9.0
790,0.0,0.0,0.0,0.0,0.0,0.0,0.0,0.16666666666666666,0.16666666666666666,0.16666666666666666,0.0,0.0,0.0,0.16666666666666666,0.0,0.0,0.0,0.0,0.0,0.0,0.16666666666666666,0.16666666666666666,0.0,0.0,0.0,0.0,0.0,0.0,1.4749999999999999,1.5716666666666665,2585.1666666666665,4.666666666666667,3.789945724575917,0.28439506949937715,14.897584106896662,-0.888888888888889,6,0,1,0,0,0,9.9
791,0.0,0.0,0.0,0.0,0.0,0.0,0.0,0.2,0.2,0.2,0.0,0.0,0.0,0.2,0.0,0.0,0.0,0.0,0.0,0.0,0.0,0.2,0.0,0.0,0.0,0.0,0.0,0.0,1.48,1.586,2444.2000000000003,4.6,4.054054054054058,0.3095545186231337,13.38167152293333,-1.6000000000000003,5,0,1,0,0,0,8.7
792,0.0,0.0,0.0,0.0,0.0,0.0,0.0,0.0,0.2,0.2,0.0,0.0,0.0,0.2,0.0,0.0,0.0,0.0,0.0,0.0,0.2,0.2,0.0,0.0,0.0,0.0,0.0,0.0,1.48,1.5660000000000003,2552.2000000000003,4.6,4.054054054054058,0.31122981862283056,13.38167152293333,-1.92,5,0,1,0,0,0,10.2
793,0.0,0.0,0.0,0.0,0.0,0.0,0.0,0.2,0.0,0.2,0.0,0.0,0.0,0.2,0.0,0.0,0.0,0.0,0.0,0.0,0.2,0.2,0.0,0.0,0.0,0.0,0.0,0.0,1.48,1.4540000000000002,2523.0,4.4,4.054054054054058,0.11825396399275587,13.38167152293333,2.7200000000000006,5,0,0,1,0,0,9.9
794,0.0,0.0,0.0,0.0,0.0,0.0,0.0,0.16666666666666666,0.16666666666666666,0.16666666666666666,0.0,0.0,0.16666666666666666,0.0,0.0,0.0,0.0,0.0,0.0,0.0,0.16666666666666666,0.0,0.16666666666666666,0.0,0.0,0.0,0.0,0.0,1.4083333333333332,1.7983333333333333,2792.5,5.166666666666667,3.18648805155888,0.3340866487737708,14.897584106896662,-4.222222222222221,6,0,1,0,0,0,11.0
795,0.0,0.0,0.0,0.0,0.0,0.0,0.0,0.2,0.2,0.2,0.0,0.0,0.0,0.0,0.0,0.0,0.0,0.0,0.0,0.0,0.2,0.0,0.2,0.0,0.0,0.0,0.0,0.0,1.42,1.832,2914.4,5.2,2.8169014084507005,0.3565613551690648,13.38167152293333,-5.280000000000001,5,0,1,0,0,0,11.8
796,0.0,0.0,0.0,0.0,0.0,0.0,0.0,0.2,0.2,0.0,0.0,0.0,0.2,0.0,0.0,0.0,0.0,0.0,0.0,0.0,0.2,0.0,0.2,0.0,0.0,0.0,0.0,0.0,1.41,1.85,2962.8,5.4,3.4744535358626587,0.34339481650135606,13.38167152293333,-4.640000000000001,5,0,0,1,0,0,12.4
797,0.0,0.0,0.0,0.0,0.0,0.0,0.0,0.25,0.25,0.0,0.0,0.0,0.0,0.0,0.0,0.0,0.0,0.0,0.0,0.0,0.25,0.0,0.25,0.0,0.0,0.0,0.0,0.0,1.4249999999999998,1.9049999999999998,3157.75,5.5,3.0386856273138148,0.3636963018783666,11.52634446553133,-6.5,4,0,0,1,0,0,13.7
798,0.0,0.0,0.0,0.0,0.0,0.0,0.0,0.3333333333333333,0.3333333333333333,0.3333333333333333,0.0,0.0,0.0,0.0,0.0,0.0,0.0,0.0,0.0,0.0,0.0,0.0,0.0,0.0,0.0,0.0,0.0,0.0,1.4333333333333331,1.7666666666666668,2529.0,5.0,1.6444343748524337,0.2792052212182924,9.134411874130997,-3.555555555555555,3,0,0,1,0,0,7.7
799,0.0,0.0,0.0,0.0,0.0,0.0,0.0,0.30303030303030304,0.0,0.30303030303030304,0.0,0.0,0.0,0.30303030303030304,0.0,0.0,0.0,0.0,0.0,0.0,0.09090909090909091,0.0,0.0,0.0,0.0,0.0,0.0,0.0,1.465151515151515,1.490909090909091,2365.4545454545455,4.393939393939394,4.071358776634861,0.1104087072862829,10.836907626074785,2.644628099173554,4,0,0,1,0,0,7.4
800,0.0,0.0,0.0,0.0,0.0,0.0,0.0,0.3333333333333333,0.0,0.3333333333333333,0.0,0.0,0.0,0.3333333333333333,0.0,0.0,0.0,0.0,0.0,0.0,0.0,0.0,0.0,0.0,0.0,0.0,0.0,0.0,1.4666666666666666,1.49,2273.0,4.333333333333333,4.251883394061299,0.11575836902790225,9.134411874130997,2.666666666666667,3,0,0,1,0,0,6.5
801,0.2,0.0,0.0,0.0,0.0,0.2,0.0,0.2,0.2,0.2,0.0,0.0,0.0,0.0,0.0,0.0,0.0,0.0,0.0,0.0,0.0,0.0,0.0,0.0,0.0,0.0,0.0,0.0,1.3900000000000001,1.7140000000000002,2140.094,4.8,5.286668509603982,0.22623881187806838,13.38167152293333,-13.600000000000001,5,1,0,0,0,0,6.6
802,0.056603773584905655,0.0,0.0,0.0,0.0,0.0,0.0,0.23584905660377356,0.0,0.23584905660377356,0.0,0.0,0.23584905660377356,0.23584905660377356,0.0,0.0,0.0,0.0,0.0,0.0,0.0,0.0,0.0,0.0,0.0,0.0,0.0,0.0,1.42688679245283,1.5298113207547168,2175.9511320754714,4.415094339622641,5.87881627893512,0.11547262300776463,12.682468034522657,-5.989676041295834,5,0,0,1,0,0,6.3
803,0.2,0.0,0.0,0.0,0.0,0.0,0.0,0.2,0.1,0.2,0.0,0.0,0.0,0.2,0.0,0.0,0.0,0.0,0.0,0.0,0.1,0.0,0.0,0.0,0.0,0.0,0.0,0.0,1.4200000000000002,1.582,2169.0940000000005,4.3,6.899971106431485,0.2176143377629333,14.534305969486462,-16.84,6,0,0,1,0,0,7.1
804,0.0,0.0,0.0,0.0,0.0,0.5002501250625313,0.0,0.16658329164582292,0.0,0.16658329164582292,0.0,0.0,0.0,0.16658329164582292,0.0,0.0,0.0,0.0,0.0,0.0,0.0,0.0,0.0,0.0,0.0,0.0,0.0,0.0,1.4333166583291646,1.5750425212606305,2226.4767383691847,5.167083541770886,3.855971241394062,0.11799002718918436,10.328092384137324,-8.000664664498334,4,0,0,1,0,0,6.8
805,0.0,0.0,0.0,0.0,0.0,0.2,0.0,0.2,0.1,0.2,0.0,0.0,0.0,0.2,0.0,0.0,0.0,0.0,0.0,0.0,0.1,0.0,0.0,0.0,0.0,0.0,0.0,0.0,1.45,1.592,2418.4,4.9,3.7773969483114977,0.21980900800467668,14.534305969486462,-4.920000000000001,6,0,0,1,0,0,8.0
806,0.0,0.0,0.0,0.0,0.06976744186046512,0.0,0.0,0.23255813953488372,0.11627906976744186,0.23255813953488372,0.0,0.0,0.11627906976744186,0.0,0.0,0.0,0.0,0.0,0.0,0.0,0.0,0.23255813953488372,0.0,0.0,0.0,0.0,0.0,0.0,1.4255813953488372,1.6058139534883722,2382.0,4.5813953488372094,7.6906033059205,0.25413082657285496,14.16632944280166,-16.365603028664143,6,0,1,0,0,0,8.5
807,0.0,0.0,0.0,0.0,0.1111111111111111,0.0,0.0,0.2222222222222222,0.1111111111111111,0.2222222222222222,0.0,0.0,0.1111111111111111,0.0,0.0,0.0,0.0,0.0,0.0,0.0,0.0,0.2222222222222222,0.0,0.0,0.0,0.0,0.0,0.0,1.411111111111111,1.6188888888888888,2351.111111111111,4.555555555555555,8.960477698221286,0.2557100981990888,14.42670892641822,-24.44444444444444,6,0,1,0,0,0,8.2
808,0.0,0.0,0.0,0.0,0.14893617021276595,0.0,0.0,0.2127659574468085,0.10638297872340426,0.2127659574468085,0.0,0.0,0.10638297872340426,0.0,0.0,0.0,0.0,0.0,0.0,0.0,0.0,0.2127659574468085,0.0,0.0,0.0,0.0,0.0,0.0,1.397872340425532,1.630851063829787,2322.851063829787,4.531914893617021,9.925600511088652,0.2565634572678877,14.535096544193904,-31.11815301041195,6,0,1,0,0,0,7.9
809,0.0,0.0,0.0,0.0,0.0,0.0,0.0,0.2,0.2,0.2,0.0,0.0,0.2,0.2,0.0,0.0,0.0,0.0,0.0,0.0,0.0,0.0,0.0,0.0,0.0,0.0,0.0,0.0,1.4400000000000002,1.6520000000000001,2379.6000000000004,4.8,4.606423319938053,0.2747653544390195,13.38167152293333,-2.7200000000000006,5,0,0,1,0,0,7.1
810,0.0,0.0,0.0,0.0,0.0,0.0,0.0,0.30303030303030304,0.0,0.30303030303030304,0.0,0.0,0.0,0.30303030303030304,0.0,0.0,0.0,0.0,0.0,0.0,0.0,0.0,0.0,0.09090909090909091,0.0,0.0,0.0,0.0,1.456060606060606,1.5272727272727271,2380.818181818182,4.575757575757576,4.688399719487537,0.16147563334846915,10.836907626074785,-7.272727272727273,4,0,0,1,0,0,7.5
811,0.0,0.0,0.0,0.0,0.0,0.0,0.0,0.2,0.0,0.2,0.0,0.0,0.2,0.2,0.0,0.0,0.0,0.0,0.0,0.0,0.2,0.0,0.0,0.0,0.0,0.0,0.0,0.0,1.44,1.5200000000000002,2458.4000000000005,4.6000000000000005,4.606423319938058,0.10526157893552611,13.38167152293333,0.32,5,0,0,1,0,0,8.5
812,0.08,0.0,0.0,0.0,0.0,0.0,0.0,0.2,0.0,0.2,0.0,0.0,0.0,0.2,0.0,0.0,0.0,0.0,0.0,0.0,0.2,0.12,0.0,0.0,0.0,0.0,0.0,0.0,1.456,1.4788000000000001,2397.1976,4.32,5.690196477254939,0.11583850827768805,14.500822624003021,-6.329599999999999,6,0,0,1,0,0,9.1
813,0.25,0.0,0.0,0.0,0.0,0.25,0.0,0.0,0.25,0.25,0.0,0.0,0.0,0.0,0.0,0.0,0.0,0.0,0.0,0.0,0.0,0.0,0.0,0.0,0.0,0.0,0.0,0.0,1.375,1.7425,1987.6175,4.75,5.454545454545452,0.24478306722483895,11.52634446553133,-14.0,4,1,0,0,0,0,6.0
814,0.25,0.0,0.0,0.0,0.0,0.0,0.0,0.25,0.25,0.25,0.0,0.0,0.0,0.0,0.0,0.0,0.0,0.0,0.0,0.0,0.0,0.0,0.0,0.0,0.0,0.0,0.0,0.0,1.3875000000000002,1.7275,2130.1175000000003,4.5,5.90760227414594,0.25113492389550285,11.52634446553133,-15.25,4,1,0,0,0,0,6.5
815,0.0,0.0,0.0,0.0,0.0,0.0,0.0,0.25,0.125,0.25,0.0,0.0,0.125,0.0,0.0,0.0,0.0,0.0,0.0,0.0,0.0,0.25,0.0,0.0,0.0,0.0,0.0,0.0,1.45,1.58375,2434.125,4.625,4.561640191490678,0.2498968537216906,12.967137523722748,-0.875,5,0,1,0,0,0,9.0
816,0.0,0.0,0.0,0.0,0.0,0.0,0.0,0.16666666666666666,0.16666666666666666,0.16666666666666666,0.0,0.0,0.0,0.16666666666666666,0.0,0.0,0.0,0.0,0.0,0.0,0.16666666666666666,0.16666666666666666,0.0,0.0,0.0,0.0,0.0,0.0,1.4749999999999999,1.5716666666666665,2585.1666666666665,4.666666666666667,3.789945724575917,0.28439506949937715,14.897584106896662,-0.888888888888889,6,0,1,0,0,0,9.9
817,0.0,0.0,0.0,0.0,0.0,0.0,0.0,0.2,0.2,0.2,0.0,0.0,0.0,0.2,0.0,0.0,0.0,0.0,0.0,0.0,0.0,0.2,0.0,0.0,0.0,0.0,0.0,0.0,1.48,1.586,2444.2000000000003,4.6,4.054054054054058,0.3095545186231337,13.38167152293333,-1.6000000000000003,5,0,1,0,0,0,8.7
818,0.0,0.0,0.0,0.0,0.0,0.0,0.0,0.0,0.2,0.2,0.0,0.0,0.0,0.2,0.0,0.0,0.0,0.0,0.0,0.0,0.2,0.2,0.0,0.0,0.0,0.0,0.0,0.0,1.48,1.5660000000000003,2552.2000000000003,4.6,4.054054054054058,0.31122981862283056,13.38167152293333,-1.92,5,0,1,0,0,0,10.2
819,0.0,0.0,0.0,0.0,0.0,0.0,0.0,0.2,0.0,0.2,0.0,0.0,0.0,0.2,0.0,0.0,0.0,0.0,0.0,0.0,0.2,0.2,0.0,0.0,0.0,0.0,0.0,0.0,1.48,1.4540000000000002,2523.0,4.4,4.054054054054058,0.11825396399275587,13.38167152293333,2.7200000000000006,5,0,0,1,0,0,9.9
820,0.0,0.0,0.0,0.0,0.0,0.0,0.0,0.16666666666666666,0.16666666666666666,0.16666666666666666,0.0,0.0,0.16666666666666666,0.0,0.0,0.0,0.0,0.0,0.0,0.0,0.16666666666666666,0.0,0.16666666666666666,0.0,0.0,0.0,0.0,0.0,1.4083333333333332,1.7983333333333333,2792.5,5.166666666666667,3.18648805155888,0.3340866487737708,14.897584106896662,-4.222222222222221,6,0,1,0,0,0,11.0
821,0.0,0.0,0.0,0.0,0.0,0.0,0.0,0.2,0.2,0.2,0.0,0.0,0.0,0.0,0.0,0.0,0.0,0.0,0.0,0.0,0.2,0.0,0.2,0.0,0.0,0.0,0.0,0.0,1.42,1.832,2914.4,5.2,2.8169014084507005,0.3565613551690648,13.38167152293333,-5.280000000000001,5,0,1,0,0,0,11.8
822,0.0,0.0,0.0,0.0,0.0,0.0,0.0,0.2,0.2,0.0,0.0,0.0,0.2,0.0,0.0,0.0,0.0,0.0,0.0,0.0,0.2,0.0,0.2,0.0,0.0,0.0,0.0,0.0,1.41,1.85,2962.8,5.4,3.4744535358626587,0.34339481650135606,13.38167152293333,-4.640000000000001,5,0,0,1,0,0,12.4
823,0.0,0.0,0.0,0.0,0.0,0.0,0.0,0.25,0.25,0.0,0.0,0.0,0.0,0.0,0.0,0.0,0.0,0.0,0.0,0.0,0.25,0.0,0.25,0.0,0.0,0.0,0.0,0.0,1.4249999999999998,1.9049999999999998,3157.75,5.5,3.0386856273138148,0.3636963018783666,11.52634446553133,-6.5,4,0,0,1,0,0,13.7
824,0.0,0.0,0.0,0.0,0.0,0.0,0.0,0.3333333333333333,0.3333333333333333,0.3333333333333333,0.0,0.0,0.0,0.0,0.0,0.0,0.0,0.0,0.0,0.0,0.0,0.0,0.0,0.0,0.0,0.0,0.0,0.0,1.4333333333333331,1.7666666666666668,2529.0,5.0,1.6444343748524337,0.2792052212182924,9.134411874130997,-3.555555555555555,3,0,0,1,0,0,7.7
825,0.0,0.0,0.0,0.0,0.0,0.0,0.0,0.30303030303030304,0.0,0.30303030303030304,0.0,0.0,0.0,0.30303030303030304,0.0,0.0,0.0,0.0,0.0,0.0,0.09090909090909091,0.0,0.0,0.0,0.0,0.0,0.0,0.0,1.465151515151515,1.490909090909091,2365.4545454545455,4.393939393939394,4.071358776634861,0.1104087072862829,10.836907626074785,2.644628099173554,4,0,0,1,0,0,7.4
826,0.0,0.0,0.0,0.0,0.0,0.0,0.0,0.3333333333333333,0.0,0.3333333333333333,0.0,0.0,0.0,0.3333333333333333,0.0,0.0,0.0,0.0,0.0,0.0,0.0,0.0,0.0,0.0,0.0,0.0,0.0,0.0,1.4666666666666666,1.49,2273.0,4.333333333333333,4.251883394061299,0.11575836902790225,9.134411874130997,2.666666666666667,3,0,0,1,0,0,6.5
827,0.2,0.0,0.0,0.0,0.0,0.2,0.0,0.2,0.2,0.2,0.0,0.0,0.0,0.0,0.0,0.0,0.0,0.0,0.0,0.0,0.0,0.0,0.0,0.0,0.0,0.0,0.0,0.0,1.3900000000000001,1.7140000000000002,2140.094,4.8,5.286668509603982,0.22623881187806838,13.38167152293333,-13.600000000000001,5,1,0,0,0,0,6.6
828,0.056603773584905655,0.0,0.0,0.0,0.0,0.0,0.0,0.23584905660377356,0.0,0.23584905660377356,0.0,0.0,0.23584905660377356,0.23584905660377356,0.0,0.0,0.0,0.0,0.0,0.0,0.0,0.0,0.0,0.0,0.0,0.0,0.0,0.0,1.42688679245283,1.5298113207547168,2175.9511320754714,4.415094339622641,5.87881627893512,0.11547262300776463,12.682468034522657,-5.989676041295834,5,0,0,1,0,0,6.3
829,0.2,0.0,0.0,0.0,0.0,0.0,0.0,0.2,0.1,0.2,0.0,0.0,0.0,0.2,0.0,0.0,0.0,0.0,0.0,0.0,0.1,0.0,0.0,0.0,0.0,0.0,0.0,0.0,1.4200000000000002,1.582,2169.0940000000005,4.3,6.899971106431485,0.2176143377629333,14.534305969486462,-16.84,6,0,0,1,0,0,7.1
830,0.0,0.0,0.0,0.0,0.0,0.5002501250625313,0.0,0.16658329164582292,0.0,0.16658329164582292,0.0,0.0,0.0,0.16658329164582292,0.0,0.0,0.0,0.0,0.0,0.0,0.0,0.0,0.0,0.0,0.0,0.0,0.0,0.0,1.4333166583291646,1.5750425212606305,2226.4767383691847,5.167083541770886,3.855971241394062,0.11799002718918436,10.328092384137324,-8.000664664498334,4,0,0,1,0,0,6.8
831,0.0,0.0,0.0,0.0,0.0,0.2,0.0,0.2,0.1,0.2,0.0,0.0,0.0,0.2,0.0,0.0,0.0,0.0,0.0,0.0,0.1,0.0,0.0,0.0,0.0,0.0,0.0,0.0,1.45,1.592,2418.4,4.9,3.7773969483114977,0.21980900800467668,14.534305969486462,-4.920000000000001,6,0,0,1,0,0,8.0
832,0.0,0.0,0.0,0.0,0.06976744186046512,0.0,0.0,0.23255813953488372,0.11627906976744186,0.23255813953488372,0.0,0.0,0.11627906976744186,0.0,0.0,0.0,0.0,0.0,0.0,0.0,0.0,0.23255813953488372,0.0,0.0,0.0,0.0,0.0,0.0,1.4255813953488372,1.6058139534883722,2382.0,4.5813953488372094,7.6906033059205,0.25413082657285496,14.16632944280166,-16.365603028664143,6,0,1,0,0,0,8.5
833,0.0,0.0,0.0,0.0,0.1111111111111111,0.0,0.0,0.2222222222222222,0.1111111111111111,0.2222222222222222,0.0,0.0,0.1111111111111111,0.0,0.0,0.0,0.0,0.0,0.0,0.0,0.0,0.2222222222222222,0.0,0.0,0.0,0.0,0.0,0.0,1.411111111111111,1.6188888888888888,2351.111111111111,4.555555555555555,8.960477698221286,0.2557100981990888,14.42670892641822,-24.44444444444444,6,0,1,0,0,0,8.2
834,0.0,0.0,0.0,0.0,0.14893617021276595,0.0,0.0,0.2127659574468085,0.10638297872340426,0.2127659574468085,0.0,0.0,0.10638297872340426,0.0,0.0,0.0,0.0,0.0,0.0,0.0,0.0,0.2127659574468085,0.0,0.0,0.0,0.0,0.0,0.0,1.397872340425532,1.630851063829787,2322.851063829787,4.531914893617021,9.925600511088652,0.2565634572678877,14.535096544193904,-31.11815301041195,6,0,1,0,0,0,7.9
835,0.0,0.0,0.0,0.0,0.0,0.0,0.0,0.2,0.2,0.2,0.0,0.0,0.2,0.2,0.0,0.0,0.0,0.0,0.0,0.0,0.0,0.0,0.0,0.0,0.0,0.0,0.0,0.0,1.4400000000000002,1.6520000000000001,2379.6000000000004,4.8,4.606423319938053,0.2747653544390195,13.38167152293333,-2.7200000000000006,5,0,0,1,0,0,7.1
836,0.0,0.0,0.0,0.0,0.0,0.0,0.0,0.30303030303030304,0.0,0.30303030303030304,0.0,0.0,0.0,0.30303030303030304,0.0,0.0,0.0,0.0,0.0,0.0,0.0,0.0,0.0,0.09090909090909091,0.0,0.0,0.0,0.0,1.456060606060606,1.5272727272727271,2380.818181818182,4.575757575757576,4.688399719487537,0.16147563334846915,10.836907626074785,-7.272727272727273,4,0,0,1,0,0,7.5
837,0.0,0.0,0.0,0.0,0.0,0.0,0.0,0.2,0.0,0.2,0.0,0.0,0.2,0.2,0.0,0.0,0.0,0.0,0.0,0.0,0.2,0.0,0.0,0.0,0.0,0.0,0.0,0.0,1.44,1.5200000000000002,2458.4000000000005,4.6000000000000005,4.606423319938058,0.10526157893552611,13.38167152293333,0.32,5,0,0,1,0,0,8.5
838,0.08,0.0,0.0,0.0,0.0,0.0,0.0,0.2,0.0,0.2,0.0,0.0,0.0,0.2,0.0,0.0,0.0,0.0,0.0,0.0,0.2,0.12,0.0,0.0,0.0,0.0,0.0,0.0,1.456,1.4788000000000001,2397.1976,4.32,5.690196477254939,0.11583850827768805,14.500822624003021,-6.329599999999999,6,0,0,1,0,0,9.1
839,0.25,0.0,0.0,0.0,0.0,0.25,0.0,0.0,0.25,0.25,0.0,0.0,0.0,0.0,0.0,0.0,0.0,0.0,0.0,0.0,0.0,0.0,0.0,0.0,0.0,0.0,0.0,0.0,1.375,1.7425,1987.6175,4.75,5.454545454545452,0.24478306722483895,11.52634446553133,-14.0,4,1,0,0,0,0,6.0
840,0.25,0.0,0.0,0.0,0.0,0.0,0.0,0.25,0.25,0.25,0.0,0.0,0.0,0.0,0.0,0.0,0.0,0.0,0.0,0.0,0.0,0.0,0.0,0.0,0.0,0.0,0.0,0.0,1.3875000000000002,1.7275,2130.1175000000003,4.5,5.90760227414594,0.25113492389550285,11.52634446553133,-15.25,4,1,0,0,0,0,6.5
841,0.0,0.0,0.0,0.0,0.0,0.0,0.0,0.25,0.125,0.25,0.0,0.0,0.125,0.0,0.0,0.0,0.0,0.0,0.0,0.0,0.0,0.25,0.0,0.0,0.0,0.0,0.0,0.0,1.45,1.58375,2434.125,4.625,4.561640191490678,0.2498968537216906,12.967137523722748,-0.875,5,0,1,0,0,0,9.0
842,0.0,0.0,0.0,0.0,0.0,0.0,0.0,0.16666666666666666,0.16666666666666666,0.16666666666666666,0.0,0.0,0.0,0.16666666666666666,0.0,0.0,0.0,0.0,0.0,0.0,0.16666666666666666,0.16666666666666666,0.0,0.0,0.0,0.0,0.0,0.0,1.4749999999999999,1.5716666666666665,2585.1666666666665,4.666666666666667,3.789945724575917,0.28439506949937715,14.897584106896662,-0.888888888888889,6,0,1,0,0,0,9.9
843,0.0,0.0,0.0,0.0,0.0,0.0,0.0,0.2,0.2,0.2,0.0,0.0,0.0,0.2,0.0,0.0,0.0,0.0,0.0,0.0,0.0,0.2,0.0,0.0,0.0,0.0,0.0,0.0,1.48,1.586,2444.2000000000003,4.6,4.054054054054058,0.3095545186231337,13.38167152293333,-1.6000000000000003,5,0,1,0,0,0,8.7
844,0.0,0.0,0.0,0.0,0.0,0.0,0.0,0.0,0.2,0.2,0.0,0.0,0.0,0.2,0.0,0.0,0.0,0.0,0.0,0.0,0.2,0.2,0.0,0.0,0.0,0.0,0.0,0.0,1.48,1.5660000000000003,2552.2000000000003,4.6,4.054054054054058,0.31122981862283056,13.38167152293333,-1.92,5,0,1,0,0,0,10.2
845,0.0,0.0,0.0,0.0,0.0,0.0,0.0,0.2,0.0,0.2,0.0,0.0,0.0,0.2,0.0,0.0,0.0,0.0,0.0,0.0,0.2,0.2,0.0,0.0,0.0,0.0,0.0,0.0,1.48,1.4540000000000002,2523.0,4.4,4.054054054054058,0.11825396399275587,13.38167152293333,2.7200000000000006,5,0,0,1,0,0,9.9
846,0.0,0.0,0.0,0.0,0.0,0.0,0.0,0.16666666666666666,0.16666666666666666,0.16666666666666666,0.0,0.0,0.16666666666666666,0.0,0.0,0.0,0.0,0.0,0.0,0.0,0.16666666666666666,0.0,0.16666666666666666,0.0,0.0,0.0,0.0,0.0,1.4083333333333332,1.7983333333333333,2792.5,5.166666666666667,3.18648805155888,0.3340866487737708,14.897584106896662,-4.222222222222221,6,0,1,0,0,0,11.0
847,0.0,0.0,0.0,0.0,0.0,0.0,0.0,0.2,0.2,0.2,0.0,0.0,0.0,0.0,0.0,0.0,0.0,0.0,0.0,0.0,0.2,0.0,0.2,0.0,0.0,0.0,0.0,0.0,1.42,1.832,2914.4,5.2,2.8169014084507005,0.3565613551690648,13.38167152293333,-5.280000000000001,5,0,1,0,0,0,11.8
848,0.0,0.0,0.0,0.0,0.0,0.0,0.0,0.2,0.2,0.0,0.0,0.0,0.2,0.0,0.0,0.0,0.0,0.0,0.0,0.0,0.2,0.0,0.2,0.0,0.0,0.0,0.0,0.0,1.41,1.85,2962.8,5.4,3.4744535358626587,0.34339481650135606,13.38167152293333,-4.640000000000001,5,0,0,1,0,0,12.4
849,0.0,0.0,0.0,0.0,0.0,0.0,0.0,0.25,0.25,0.0,0.0,0.0,0.0,0.0,0.0,0.0,0.0,0.0,0.0,0.0,0.25,0.0,0.25,0.0,0.0,0.0,0.0,0.0,1.4249999999999998,1.9049999999999998,3157.75,5.5,3.0386856273138148,0.3636963018783666,11.52634446553133,-6.5,4,0,0,1,0,0,13.7
850,0.0,0.0,0.0,0.0,0.0,0.0,0.0,0.3333333333333333,0.3333333333333333,0.3333333333333333,0.0,0.0,0.0,0.0,0.0,0.0,0.0,0.0,0.0,0.0,0.0,0.0,0.0,0.0,0.0,0.0,0.0,0.0,1.4333333333333331,1.7666666666666668,2529.0,5.0,1.6444343748524337,0.2792052212182924,9.134411874130997,-3.555555555555555,3,0,0,1,0,0,7.7
851,0.0,0.0,0.0,0.0,0.0,0.0,0.0,0.30303030303030304,0.0,0.30303030303030304,0.0,0.0,0.0,0.30303030303030304,0.0,0.0,0.0,0.0,0.0,0.0,0.09090909090909091,0.0,0.0,0.0,0.0,0.0,0.0,0.0,1.465151515151515,1.490909090909091,2365.4545454545455,4.393939393939394,4.071358776634861,0.1104087072862829,10.836907626074785,2.644628099173554,4,0,0,1,0,0,7.4
852,0.0,0.0,0.0,0.0,0.0,0.0,0.0,0.3333333333333333,0.0,0.3333333333333333,0.0,0.0,0.0,0.3333333333333333,0.0,0.0,0.0,0.0,0.0,0.0,0.0,0.0,0.0,0.0,0.0,0.0,0.0,0.0,1.4666666666666666,1.49,2273.0,4.333333333333333,4.251883394061299,0.11575836902790225,9.134411874130997,2.666666666666667,3,0,0,1,0,0,6.5
853,0.2,0.0,0.0,0.0,0.0,0.2,0.0,0.2,0.2,0.2,0.0,0.0,0.0,0.0,0.0,0.0,0.0,0.0,0.0,0.0,0.0,0.0,0.0,0.0,0.0,0.0,0.0,0.0,1.3900000000000001,1.7140000000000002,2140.094,4.8,5.286668509603982,0.22623881187806838,13.38167152293333,-13.600000000000001,5,1,0,0,0,0,6.6
854,0.056603773584905655,0.0,0.0,0.0,0.0,0.0,0.0,0.23584905660377356,0.0,0.23584905660377356,0.0,0.0,0.23584905660377356,0.23584905660377356,0.0,0.0,0.0,0.0,0.0,0.0,0.0,0.0,0.0,0.0,0.0,0.0,0.0,0.0,1.42688679245283,1.5298113207547168,2175.9511320754714,4.415094339622641,5.87881627893512,0.11547262300776463,12.682468034522657,-5.989676041295834,5,0,0,1,0,0,6.3
855,0.2,0.0,0.0,0.0,0.0,0.0,0.0,0.2,0.1,0.2,0.0,0.0,0.0,0.2,0.0,0.0,0.0,0.0,0.0,0.0,0.1,0.0,0.0,0.0,0.0,0.0,0.0,0.0,1.4200000000000002,1.582,2169.0940000000005,4.3,6.899971106431485,0.2176143377629333,14.534305969486462,-16.84,6,0,0,1,0,0,7.1
856,0.0,0.0,0.0,0.0,0.0,0.5002501250625313,0.0,0.16658329164582292,0.0,0.16658329164582292,0.0,0.0,0.0,0.16658329164582292,0.0,0.0,0.0,0.0,0.0,0.0,0.0,0.0,0.0,0.0,0.0,0.0,0.0,0.0,1.4333166583291646,1.5750425212606305,2226.4767383691847,5.167083541770886,3.855971241394062,0.11799002718918436,10.328092384137324,-8.000664664498334,4,0,0,1,0,0,6.8
857,0.0,0.0,0.0,0.0,0.0,0.2,0.0,0.2,0.1,0.2,0.0,0.0,0.0,0.2,0.0,0.0,0.0,0.0,0.0,0.0,0.1,0.0,0.0,0.0,0.0,0.0,0.0,0.0,1.45,1.592,2418.4,4.9,3.7773969483114977,0.21980900800467668,14.534305969486462,-4.920000000000001,6,0,0,1,0,0,8.0
858,0.0,0.0,0.0,0.0,0.06976744186046512,0.0,0.0,0.23255813953488372,0.11627906976744186,0.23255813953488372,0.0,0.0,0.11627906976744186,0.0,0.0,0.0,0.0,0.0,0.0,0.0,0.0,0.23255813953488372,0.0,0.0,0.0,0.0,0.0,0.0,1.4255813953488372,1.6058139534883722,2382.0,4.5813953488372094,7.6906033059205,0.25413082657285496,14.16632944280166,-16.365603028664143,6,0,1,0,0,0,8.5
859,0.0,0.0,0.0,0.0,0.1111111111111111,0.0,0.0,0.2222222222222222,0.1111111111111111,0.2222222222222222,0.0,0.0,0.1111111111111111,0.0,0.0,0.0,0.0,0.0,0.0,0.0,0.0,0.2222222222222222,0.0,0.0,0.0,0.0,0.0,0.0,1.411111111111111,1.6188888888888888,2351.111111111111,4.555555555555555,8.960477698221286,0.2557100981990888,14.42670892641822,-24.44444444444444,6,0,1,0,0,0,8.2
860,0.0,0.0,0.0,0.0,0.14893617021276595,0.0,0.0,0.2127659574468085,0.10638297872340426,0.2127659574468085,0.0,0.0,0.10638297872340426,0.0,0.0,0.0,0.0,0.0,0.0,0.0,0.0,0.2127659574468085,0.0,0.0,0.0,0.0,0.0,0.0,1.397872340425532,1.630851063829787,2322.851063829787,4.531914893617021,9.925600511088652,0.2565634572678877,14.535096544193904,-31.11815301041195,6,0,1,0,0,0,7.9
861,0.0,0.0,0.0,0.0,0.0,0.0,0.0,0.2,0.2,0.2,0.0,0.0,0.2,0.2,0.0,0.0,0.0,0.0,0.0,0.0,0.0,0.0,0.0,0.0,0.0,0.0,0.0,0.0,1.4400000000000002,1.6520000000000001,2379.6000000000004,4.8,4.606423319938053,0.2747653544390195,13.38167152293333,-2.7200000000000006,5,0,0,1,0,0,7.1
862,0.0,0.0,0.0,0.0,0.0,0.0,0.0,0.30303030303030304,0.0,0.30303030303030304,0.0,0.0,0.0,0.30303030303030304,0.0,0.0,0.0,0.0,0.0,0.0,0.0,0.0,0.0,0.09090909090909091,0.0,0.0,0.0,0.0,1.456060606060606,1.5272727272727271,2380.818181818182,4.575757575757576,4.688399719487537,0.16147563334846915,10.836907626074785,-7.272727272727273,4,0,0,1,0,0,7.5
863,0.0,0.0,0.0,0.0,0.0,0.0,0.0,0.2,0.0,0.2,0.0,0.0,0.2,0.2,0.0,0.0,0.0,0.0,0.0,0.0,0.2,0.0,0.0,0.0,0.0,0.0,0.0,0.0,1.44,1.5200000000000002,2458.4000000000005,4.6000000000000005,4.606423319938058,0.10526157893552611,13.38167152293333,0.32,5,0,0,1,0,0,8.5
864,0.0,0.2,0.2,0.2,0.0,0.2,0.2,0.0,0.0,0.0,0.0,0.0,0.0,0.0,0.0,0.0,0.0,0.0,0.0,0.0,0.0,0.0,0.0,0.0,0.0,0.0,0.0,0.0,1.3800000000000001,1.766,1801.2,8.0,1.7749925672341786,0.1383618444514238,13.38167152293333,-4.16,5,0,0,0,0,1,8.0
865,0.0,0.0,0.0,0.0,0.0,0.0,0.0,0.2,0.0,0.2,0.0,0.0,0.0,0.2,0.0,0.0,0.0,0.0,0.0,0.0,0.2,0.2,0.0,0.0,0.0,0.0,0.0,0.0,1.48,1.4540000000000002,2523.0,4.4,4.054054054054058,0.11825396399275587,13.38167152293333,2.7200000000000006,5,0,0,0,0,1,9.9
866,0.0,0.0,0.0,0.0,0.0,0.0,0.0,0.2,0.0,0.2,0.0,0.0,0.0,0.2,0.0,0.0,0.0,0.0,0.0,0.0,0.2,0.2,0.0,0.0,0.0,0.0,0.0,0.0,1.48,1.4540000000000002,2523.0,4.4,4.054054054054058,0.11825396399275587,13.38167152293333,2.7200000000000006,5,0,0,0,0,1,9.9
867,0.0,0.0,0.0,0.0,0.0,0.0,0.0,0.2,0.0,0.2,0.0,0.0,0.0,0.2,0.0,0.0,0.0,0.0,0.0,0.0,0.2,0.2,0.0,0.0,0.0,0.0,0.0,0.0,1.48,1.4540000000000002,2523.0,4.4,4.054054054054058,0.11825396399275587,13.38167152293333,2.7200000000000006,5,0,0,0,0,1,9.9
868,0.0,0.3333333333333333,0.3333333333333333,0.3333333333333333,0.0,0.0,0.0,0.0,0.0,0.0,0.0,0.0,0.0,0.0,0.0,0.0,0.0,0.0,0.0,0.0,0.0,0.0,0.0,0.0,0.0,0.0,0.0,0.0,1.3666666666666667,1.8733333333333333,1769.0,9.0,1.7246506858208492,0.03299831645537215,9.134411874130997,-1.3333333333333335,3,0,0,0,0,1,8.5
869,0.0,0.3333333333333333,0.3333333333333333,0.3333333333333333,0.0,0.0,0.0,0.0,0.0,0.0,0.0,0.0,0.0,0.0,0.0,0.0,0.0,0.0,0.0,0.0,0.0,0.0,0.0,0.0,0.0,0.0,0.0,0.0,1.3666666666666667,1.8733333333333333,1769.0,9.0,1.7246506858208492,0.03299831645537215,9.134411874130997,-1.3333333333333335,3,0,0,0,0,1,8.5
870,0.0,0.3333333333333333,0.3333333333333333,0.3333333333333333,0.0,0.0,0.0,0.0,0.0,0.0,0.0,0.0,0.0,0.0,0.0,0.0,0.0,0.0,0.0,0.0,0.0,0.0,0.0,0.0,0.0,0.0,0.0,0.0,1.3666666666666667,1.8733333333333333,1769.0,9.0,1.7246506858208492,0.03299831645537215,9.134411874130997,-1.3333333333333335,3,0,0,0,0,1,8.5
871,0.0,0.3333333333333333,0.3333333333333333,0.3333333333333333,0.0,0.0,0.0,0.0,0.0,0.0,0.0,0.0,0.0,0.0,0.0,0.0,0.0,0.0,0.0,0.0,0.0,0.0,0.0,0.0,0.0,0.0,0.0,0.0,1.3666666666666667,1.8733333333333333,1769.0,9.0,1.7246506858208492,0.03299831645537215,9.134411874130997,-1.3333333333333335,3,0,0,0,0,1,8.5
872,0.0,0.0,0.0,0.0,0.0,0.12006717044500419,0.0,0.41981528127623846,0.1998320738874895,0.1301427371956339,0.0,0.0,0.12006717044500419,0.0,0.0,0.0,0.0,0.0,0.0,0.0,0.010075566750629723,0.0,0.0,0.0,0.0,0.0,0.0,0.0,1.4254827875734675,1.7138958858102435,2542.8144416456757,5.189756507136859,2.455411485435186,0.22539884062485724,12.528908099244173,-4.357029808647419,6,0,0,0,1,0,8.0
873,0.0,0.0,0.0,0.0,0.0,0.0,0.0,0.2,0.2,0.2,0.0,0.0,0.0,0.2,0.0,0.0,0.0,0.0,0.0,0.0,0.0,0.2,0.0,0.0,0.0,0.0,0.0,0.0,1.48,1.586,2444.2000000000003,4.6,4.054054054054058,0.3095545186231337,13.38167152293333,-1.6000000000000003,5,0,1,0,0,0,8.7
874,0.0,0.3333333333333333,0.3333333333333333,0.3333333333333333,0.0,0.0,0.0,0.0,0.0,0.0,0.0,0.0,0.0,0.0,0.0,0.0,0.0,0.0,0.0,0.0,0.0,0.0,0.0,0.0,0.0,0.0,0.0,0.0,1.3666666666666667,1.8733333333333333,1769.0,9.0,1.7246506858208492,0.03299831645537215,9.134411874130997,-1.3333333333333335,3,0,0,0,0,1,8.5
875,0.0,0.4870920603994155,0.0,0.4870920603994155,0.0,0.025815879201169022,0.0,0.0,0.0,0.0,0.0,0.0,0.0,0.0,0.0,0.0,0.0,0.0,0.0,0.0,0.0,0.0,0.0,0.0,0.0,0.0,0.0,0.0,1.3512907939600585,1.8889332683877251,1759.1524598149051,9.409644422795909,0.5867933312702643,0.040100724726729355,6.611152763116588,-0.5532872308092728,3,0,0,0,0,1,8.8
876,0.0,0.0,0.3333333333333333,0.3333333333333333,0.0,0.0,0.3333333333333333,0.0,0.0,0.0,0.0,0.0,0.0,0.0,0.0,0.0,0.0,0.0,0.0,0.0,0.0,0.0,0.0,0.0,0.0,0.0,0.0,0.0,1.3833333333333333,1.7633333333333332,1685.9999999999998,8.333333333333334,1.70387176189529,0.15434449203720296,9.134411874130997,-4.444444444444444,3,0,0,0,0,1,8.1
877,0.0,0.0,0.3333333333333333,0.3333333333333333,0.0,0.0,0.3333333333333333,0.0,0.0,0.0,0.0,0.0,0.0,0.0,0.0,0.0,0.0,0.0,0.0,0.0,0.0,0.0,0.0,0.0,0.0,0.0,0.0,0.0,1.3833333333333333,1.7633333333333332,1685.9999999999998,8.333333333333334,1.70387176189529,0.15434449203720296,9.134411874130997,-4.444444444444444,3,0,0,0,0,1,8.1
878,0.0,0.0,0.3333333333333333,0.3333333333333333,0.0,0.0,0.3333333333333333,0.0,0.0,0.0,0.0,0.0,0.0,0.0,0.0,0.0,0.0,0.0,0.0,0.0,0.0,0.0,0.0,0.0,0.0,0.0,0.0,0.0,1.3833333333333333,1.7633333333333332,1685.9999999999998,8.333333333333334,1.70387176189529,0.15434449203720296,9.134411874130997,-4.444444444444444,3,0,0,0,0,1,8.1
879,0.0,0.0,0.3333333333333333,0.3333333333333333,0.0,0.0,0.3333333333333333,0.0,0.0,0.0,0.0,0.0,0.0,0.0,0.0,0.0,0.0,0.0,0.0,0.0,0.0,0.0,0.0,0.0,0.0,0.0,0.0,0.0,1.3833333333333333,1.7633333333333332,1685.9999999999998,8.333333333333334,1.70387176189529,0.15434449203720296,9.134411874130997,-4.444444444444444,3,0,0,0,0,1,8.1
880,0.0,0.0,0.3333333333333333,0.3333333333333333,0.0,0.0,0.3333333333333333,0.0,0.0,0.0,0.0,0.0,0.0,0.0,0.0,0.0,0.0,0.0,0.0,0.0,0.0,0.0,0.0,0.0,0.0,0.0,0.0,0.0,1.3833333333333333,1.7633333333333332,1685.9999999999998,8.333333333333334,1.70387176189529,0.15434449203720296,9.134411874130997,-4.444444444444444,3,0,0,0,0,1,8.1
881,0.0,0.0,0.3333333333333333,0.3333333333333333,0.0,0.0,0.3333333333333333,0.0,0.0,0.0,0.0,0.0,0.0,0.0,0.0,0.0,0.0,0.0,0.0,0.0,0.0,0.0,0.0,0.0,0.0,0.0,0.0,0.0,1.3833333333333333,1.7633333333333332,1685.9999999999998,8.333333333333334,1.70387176189529,0.15434449203720296,9.134411874130997,-4.444444444444444,3,0,0,0,0,1,8.1
882,0.0,0.3333333333333333,0.0,0.3333333333333333,0.0,0.0,0.3333333333333333,0.0,0.0,0.0,0.0,0.0,0.0,0.0,0.0,0.0,0.0,0.0,0.0,0.0,0.0,0.0,0.0,0.0,0.0,0.0,0.0,0.0,1.3666666666666667,1.7799999999999998,1671.6666666666665,8.666666666666666,1.7246506858208492,0.16309506430300083,9.134411874130997,-5.777777777777777,3,0,0,0,0,1,8.4
883,0.0,0.3333333333333333,0.0,0.3333333333333333,0.0,0.0,0.3333333333333333,0.0,0.0,0.0,0.0,0.0,0.0,0.0,0.0,0.0,0.0,0.0,0.0,0.0,0.0,0.0,0.0,0.0,0.0,0.0,0.0,0.0,1.3666666666666667,1.7799999999999998,1671.6666666666665,8.666666666666666,1.7246506858208492,0.16309506430300083,9.134411874130997,-5.777777777777777,3,0,0,0,0,1,8.4
884,0.0,0.3333333333333333,0.0,0.3333333333333333,0.0,0.0,0.3333333333333333,0.0,0.0,0.0,0.0,0.0,0.0,0.0,0.0,0.0,0.0,0.0,0.0,0.0,0.0,0.0,0.0,0.0,0.0,0.0,0.0,0.0,1.3666666666666667,1.7799999999999998,1671.6666666666665,8.666666666666666,1.7246506858208492,0.16309506430300083,9.134411874130997,-5.777777777777777,3,0,0,0,0,1,8.4
885,0.0,0.3333333333333333,0.0,0.3333333333333333,0.0,0.0,0.3333333333333333,0.0,0.0,0.0,0.0,0.0,0.0,0.0,0.0,0.0,0.0,0.0,0.0,0.0,0.0,0.0,0.0,0.0,0.0,0.0,0.0,0.0,1.3666666666666667,1.7799999999999998,1671.6666666666665,8.666666666666666,1.7246506858208492,0.16309506430300083,9.134411874130997,-5.777777777777777,3,0,0,0,0,1,8.4
886,0.0,0.4444444444444444,0.0,0.4444444444444444,0.0,0.1111111111111111,0.0,0.0,0.0,0.0,0.0,0.0,0.0,0.0,0.0,0.0,0.0,0.0,0.0,0.0,0.0,0.0,0.0,0.0,0.0,0.0,0.0,0.0,1.3555555555555554,1.8688888888888888,1795.9999999999998,9.11111111111111,1.1591914445681066,0.07519521918083835,8.023184223345257,-2.1728395061728394,3,0,0,0,0,1,8.7
887,0.0,0.4444444444444444,0.0,0.4444444444444444,0.0,0.1111111111111111,0.0,0.0,0.0,0.0,0.0,0.0,0.0,0.0,0.0,0.0,0.0,0.0,0.0,0.0,0.0,0.0,0.0,0.0,0.0,0.0,0.0,0.0,1.3555555555555554,1.8688888888888888,1795.9999999999998,9.11111111111111,1.1591914445681066,0.07519521918083835,8.023184223345257,-2.1728395061728394,3,0,0,0,0,1,8.7
888,0.0,0.4444444444444444,0.0,0.4444444444444444,0.0,0.1111111111111111,0.0,0.0,0.0,0.0,0.0,0.0,0.0,0.0,0.0,0.0,0.0,0.0,0.0,0.0,0.0,0.0,0.0,0.0,0.0,0.0,0.0,0.0,1.3555555555555554,1.8688888888888888,1795.9999999999998,9.11111111111111,1.1591914445681066,0.07519521918083835,8.023184223345257,-2.1728395061728394,3,0,0,0,0,1,8.7
889,0.0,0.4444444444444444,0.0,0.4444444444444444,0.0,0.1111111111111111,0.0,0.0,0.0,0.0,0.0,0.0,0.0,0.0,0.0,0.0,0.0,0.0,0.0,0.0,0.0,0.0,0.0,0.0,0.0,0.0,0.0,0.0,1.3555555555555554,1.8688888888888888,1795.9999999999998,9.11111111111111,1.1591914445681066,0.07519521918083835,8.023184223345257,-2.1728395061728394,3,0,0,0,0,1,8.7
890,0.0,0.25,0.25,0.25,0.0,0.25,0.0,0.0,0.0,0.0,0.0,0.0,0.0,0.0,0.0,0.0,0.0,0.0,0.0,0.0,0.0,0.0,0.0,0.0,0.0,0.0,0.0,0.0,1.375,1.82,1871.75,8.25,1.8181818181818077,0.09669539802906858,11.52634446553133,-3.75,4,0,0,0,0,1,8.2
891,0.0,0.25,0.25,0.25,0.0,0.25,0.0,0.0,0.0,0.0,0.0,0.0,0.0,0.0,0.0,0.0,0.0,0.0,0.0,0.0,0.0,0.0,0.0,0.0,0.0,0.0,0.0,0.0,1.375,1.82,1871.75,8.25,1.8181818181818077,0.09669539802906858,11.52634446553133,-3.75,4,0,0,0,0,1,8.2
892,0.0,0.25,0.25,0.25,0.0,0.25,0.0,0.0,0.0,0.0,0.0,0.0,0.0,0.0,0.0,0.0,0.0,0.0,0.0,0.0,0.0,0.0,0.0,0.0,0.0,0.0,0.0,0.0,1.375,1.82,1871.75,8.25,1.8181818181818077,0.09669539802906858,11.52634446553133,-3.75,4,0,0,0,0,1,8.2
893,0.0,0.25,0.25,0.25,0.0,0.25,0.0,0.0,0.0,0.0,0.0,0.0,0.0,0.0,0.0,0.0,0.0,0.0,0.0,0.0,0.0,0.0,0.0,0.0,0.0,0.0,0.0,0.0,1.375,1.82,1871.75,8.25,1.8181818181818077,0.09669539802906858,11.52634446553133,-3.75,4,0,0,0,0,1,8.2
894,0.0,0.25,0.25,0.25,0.0,0.25,0.0,0.0,0.0,0.0,0.0,0.0,0.0,0.0,0.0,0.0,0.0,0.0,0.0,0.0,0.0,0.0,0.0,0.0,0.0,0.0,0.0,0.0,1.375,1.82,1871.75,8.25,1.8181818181818077,0.09669539802906858,11.52634446553133,-3.75,4,0,0,0,0,1,8.2
895,0.0,0.1111111111111111,0.0,0.4444444444444444,0.0,0.4444444444444444,0.0,0.0,0.0,0.0,0.0,0.0,0.0,0.0,0.0,0.0,0.0,0.0,0.0,0.0,0.0,0.0,0.0,0.0,0.0,0.0,0.0,0.0,1.3722222222222222,1.7955555555555553,1933.3333333333333,8.11111111111111,1.8105813582994144,0.1215740388141327,8.023184223345257,-6.320987654320987,3,0,0,0,0,1,8.1
896,0.0,0.1111111111111111,0.0,0.4444444444444444,0.0,0.4444444444444444,0.0,0.0,0.0,0.0,0.0,0.0,0.0,0.0,0.0,0.0,0.0,0.0,0.0,0.0,0.0,0.0,0.0,0.0,0.0,0.0,0.0,0.0,1.3722222222222222,1.7955555555555553,1933.3333333333333,8.11111111111111,1.8105813582994144,0.1215740388141327,8.023184223345257,-6.320987654320987,3,0,0,0,0,1,8.1
897,0.0,0.1111111111111111,0.0,0.4444444444444444,0.0,0.4444444444444444,0.0,0.0,0.0,0.0,0.0,0.0,0.0,0.0,0.0,0.0,0.0,0.0,0.0,0.0,0.0,0.0,0.0,0.0,0.0,0.0,0.0,0.0,1.3722222222222222,1.7955555555555553,1933.3333333333333,8.11111111111111,1.8105813582994144,0.1215740388141327,8.023184223345257,-6.320987654320987,3,0,0,0,0,1,8.1
898,0.0,0.1111111111111111,0.0,0.4444444444444444,0.0,0.4444444444444444,0.0,0.0,0.0,0.0,0.0,0.0,0.0,0.0,0.0,0.0,0.0,0.0,0.0,0.0,0.0,0.0,0.0,0.0,0.0,0.0,0.0,0.0,1.3722222222222222,1.7955555555555553,1933.3333333333333,8.11111111111111,1.8105813582994144,0.1215740388141327,8.023184223345257,-6.320987654320987,3,0,0,0,0,1,8.1
899,0.25,0.25,0.0,0.25,0.0,0.0,0.0,0.0,0.0,0.25,0.0,0.0,0.0,0.0,0.0,0.0,0.0,0.0,0.0,0.0,0.0,0.0,0.0,0.0,0.0,0.0,0.0,0.0,1.3375,1.735,1592.6175,6.5,4.073737330411839,0.16224980739587944,11.52634446553133,-33.5,4,0,0,0,1,0,5.7
900,0.25,0.0,0.25,0.25,0.0,0.0,0.0,0.0,0.0,0.25,0.0,0.0,0.0,0.0,0.0,0.0,0.0,0.0,0.0,0.0,0.0,0.0,0.0,0.0,0.0,0.0,0.0,0.0,1.35,1.7225000000000001,1603.3675,6.25,4.536092116265147,0.15221284439888766,11.52634446553133,-29.25,4,0,0,0,1,0,5.5
901,0.2,0.2,0.2,0.2,0.0,0.0,0.0,0.0,0.0,0.2,0.0,0.0,0.0,0.0,0.0,0.0,0.0,0.0,0.0,0.0,0.0,0.0,0.0,0.0,0.0,0.0,0.0,0.0,1.35,1.754,1636.294,6.8,4.057204129667899,0.15001333274079334,13.38167152293333,-26.400000000000006,5,0,0,0,1,0,6.1
902,0.2,0.0,0.2,0.2,0.0,0.2,0.0,0.0,0.0,0.0,0.2,0.0,0.0,0.0,0.0,0.0,0.0,0.0,0.0,0.0,0.0,0.0,0.0,0.0,0.0,0.0,0.0,0.0,1.35,1.782,1602.0480000000002,7.6000000000000005,4.057204129667899,0.12416118556135002,13.38167152293333,-4.000000000000001,5,0,0,0,1,0,6.8
903,0.2,0.0,0.2,0.2,0.0,0.2,0.0,0.0,0.0,0.0,0.2,0.0,0.0,0.0,0.0,0.0,0.0,0.0,0.0,0.0,0.0,0.0,0.0,0.0,0.0,0.0,0.0,0.0,1.35,1.782,1602.0480000000002,7.6000000000000005,4.057204129667899,0.12416118556135002,13.38167152293333,-4.000000000000001,5,0,0,0,1,0,6.8
904,0.2,0.0,0.2,0.2,0.0,0.2,0.0,0.0,0.0,0.0,0.2,0.0,0.0,0.0,0.0,0.0,0.0,0.0,0.0,0.0,0.0,0.0,0.0,0.0,0.0,0.0,0.0,0.0,1.35,1.782,1602.0480000000002,7.6000000000000005,4.057204129667899,0.12416118556135002,13.38167152293333,-4.000000000000001,5,0,0,0,1,0,6.8
905,0.2,0.0,0.2,0.2,0.0,0.2,0.0,0.0,0.0,0.0,0.2,0.0,0.0,0.0,0.0,0.0,0.0,0.0,0.0,0.0,0.0,0.0,0.0,0.0,0.0,0.0,0.0,0.0,1.35,1.782,1602.0480000000002,7.6000000000000005,4.057204129667899,0.12416118556135002,13.38167152293333,-4.000000000000001,5,0,0,0,1,0,6.8
906,0.2,0.0,0.2,0.2,0.0,0.2,0.0,0.0,0.0,0.0,0.2,0.0,0.0,0.0,0.0,0.0,0.0,0.0,0.0,0.0,0.0,0.0,0.0,0.0,0.0,0.0,0.0,0.0,1.35,1.782,1602.0480000000002,7.6000000000000005,4.057204129667899,0.12416118556135002,13.38167152293333,-4.000000000000001,5,0,0,0,1,0,6.8
907,0.2,0.0,0.2,0.2,0.0,0.2,0.0,0.0,0.0,0.0,0.2,0.0,0.0,0.0,0.0,0.0,0.0,0.0,0.0,0.0,0.0,0.0,0.0,0.0,0.0,0.0,0.0,0.0,1.35,1.782,1602.0480000000002,7.6000000000000005,4.057204129667899,0.12416118556135002,13.38167152293333,-4.000000000000001,5,0,0,0,1,0,6.8
908,0.2,0.0,0.2,0.2,0.0,0.2,0.0,0.0,0.0,0.0,0.2,0.0,0.0,0.0,0.0,0.0,0.0,0.0,0.0,0.0,0.0,0.0,0.0,0.0,0.0,0.0,0.0,0.0,1.35,1.782,1602.0480000000002,7.6000000000000005,4.057204129667899,0.12416118556135002,13.38167152293333,-4.000000000000001,5,0,0,0,1,0,6.8
909,0.2,0.0,0.2,0.2,0.0,0.2,0.0,0.0,0.0,0.0,0.2,0.0,0.0,0.0,0.0,0.0,0.0,0.0,0.0,0.0,0.0,0.0,0.0,0.0,0.0,0.0,0.0,0.0,1.35,1.782,1602.0480000000002,7.6000000000000005,4.057204129667899,0.12416118556135002,13.38167152293333,-4.000000000000001,5,0,0,0,1,0,6.8
910,0.0,0.2,0.2,0.2,0.0,0.2,0.2,0.0,0.0,0.0,0.0,0.0,0.0,0.0,0.0,0.0,0.0,0.0,0.0,0.0,0.0,0.0,0.0,0.0,0.0,0.0,0.0,0.0,1.3800000000000001,1.766,1801.2,8.0,1.7749925672341786,0.1383618444514238,13.38167152293333,-4.16,5,0,1,0,0,0,8.0
911,0.0,0.2,0.2,0.2,0.0,0.2,0.2,0.0,0.0,0.0,0.0,0.0,0.0,0.0,0.0,0.0,0.0,0.0,0.0,0.0,0.0,0.0,0.0,0.0,0.0,0.0,0.0,0.0,1.3800000000000001,1.766,1801.2,8.0,1.7749925672341786,0.1383618444514238,13.38167152293333,-4.16,5,0,0,0,0,1,8.0
912,0.0,0.2,0.2,0.2,0.0,0.2,0.2,0.0,0.0,0.0,0.0,0.0,0.0,0.0,0.0,0.0,0.0,0.0,0.0,0.0,0.0,0.0,0.0,0.0,0.0,0.0,0.0,0.0,1.3800000000000001,1.766,1801.2,8.0,1.7749925672341786,0.1383618444514238,13.38167152293333,-4.16,5,0,0,0,0,1,8.0
913,0.0,0.2,0.2,0.2,0.0,0.2,0.2,0.0,0.0,0.0,0.0,0.0,0.0,0.0,0.0,0.0,0.0,0.0,0.0,0.0,0.0,0.0,0.0,0.0,0.0,0.0,0.0,0.0,1.3800000000000001,1.766,1801.2,8.0,1.7749925672341786,0.1383618444514238,13.38167152293333,-4.16,5,0,0,0,0,1,8.0
914,0.0,0.2,0.2,0.2,0.0,0.2,0.2,0.0,0.0,0.0,0.0,0.0,0.0,0.0,0.0,0.0,0.0,0.0,0.0,0.0,0.0,0.0,0.0,0.0,0.0,0.0,0.0,0.0,1.3800000000000001,1.766,1801.2,8.0,1.7749925672341786,0.1383618444514238,13.38167152293333,-4.16,5,0,0,0,0,1,8.0
915,0.0,0.2,0.2,0.2,0.0,0.2,0.2,0.0,0.0,0.0,0.0,0.0,0.0,0.0,0.0,0.0,0.0,0.0,0.0,0.0,0.0,0.0,0.0,0.0,0.0,0.0,0.0,0.0,1.3800000000000001,1.766,1801.2,8.0,1.7749925672341786,0.1383618444514238,13.38167152293333,-4.16,5,0,0,0,0,1,8.0
916,0.0,0.2,0.2,0.2,0.0,0.2,0.2,0.0,0.0,0.0,0.0,0.0,0.0,0.0,0.0,0.0,0.0,0.0,0.0,0.0,0.0,0.0,0.0,0.0,0.0,0.0,0.0,0.0,1.3800000000000001,1.766,1801.2,8.0,1.7749925672341786,0.1383618444514238,13.38167152293333,-4.16,5,0,0,0,0,1,8.0
917,0.0,0.2,0.2,0.2,0.0,0.2,0.2,0.0,0.0,0.0,0.0,0.0,0.0,0.0,0.0,0.0,0.0,0.0,0.0,0.0,0.0,0.0,0.0,0.0,0.0,0.0,0.0,0.0,1.3800000000000001,1.766,1801.2,8.0,1.7749925672341786,0.1383618444514238,13.38167152293333,-4.16,5,0,0,0,0,1,8.0
918,0.0,0.2127659574468085,0.2127659574468085,0.425531914893617,0.0,0.0,0.0,0.0,0.0425531914893617,0.0,0.0,0.0,0.10638297872340426,0.0,0.0,0.0,0.0,0.0,0.0,0.0,0.0,0.0,0.0,0.0,0.0,0.0,0.0,0.0,1.3648936170212764,1.8674468085106382,1852.276595744681,8.659574468085106,1.9871471214313177,0.1036456336920732,11.597331022429538,-6.826618379357175,5,0,1,0,0,0,8.4
919,0.0,0.2127659574468085,0.2127659574468085,0.425531914893617,0.0,0.0,0.0,0.0,0.0425531914893617,0.0,0.0,0.0,0.10638297872340426,0.0,0.0,0.0,0.0,0.0,0.0,0.0,0.0,0.0,0.0,0.0,0.0,0.0,0.0,0.0,1.3648936170212764,1.8674468085106382,1852.276595744681,8.659574468085106,1.9871471214313177,0.1036456336920732,11.597331022429538,-6.826618379357175,5,0,1,0,0,0,8.4
920,0.0,0.2127659574468085,0.2127659574468085,0.425531914893617,0.0,0.0,0.0,0.0,0.0425531914893617,0.0,0.0,0.0,0.10638297872340426,0.0,0.0,0.0,0.0,0.0,0.0,0.0,0.0,0.0,0.0,0.0,0.0,0.0,0.0,0.0,1.3648936170212764,1.8674468085106382,1852.276595744681,8.659574468085106,1.9871471214313177,0.1036456336920732,11.597331022429538,-6.826618379357175,5,0,1,0,0,0,8.4
921,0.0,0.2127659574468085,0.2127659574468085,0.425531914893617,0.0,0.0,0.0,0.0,0.0425531914893617,0.0,0.0,0.0,0.10638297872340426,0.0,0.0,0.0,0.0,0.0,0.0,0.0,0.0,0.0,0.0,0.0,0.0,0.0,0.0,0.0,1.3648936170212764,1.8674468085106382,1852.276595744681,8.659574468085106,1.9871471214313177,0.1036456336920732,11.597331022429538,-6.826618379357175,5,0,1,0,0,0,8.4
922,0.0,0.2127659574468085,0.2127659574468085,0.425531914893617,0.0,0.0,0.0,0.0,0.0425531914893617,0.0,0.0,0.0,0.10638297872340426,0.0,0.0,0.0,0.0,0.0,0.0,0.0,0.0,0.0,0.0,0.0,0.0,0.0,0.0,0.0,1.3648936170212764,1.8674468085106382,1852.276595744681,8.659574468085106,1.9871471214313177,0.1036456336920732,11.597331022429538,-6.826618379357175,5,0,1,0,0,0,8.4
923,0.0,0.2127659574468085,0.2127659574468085,0.425531914893617,0.0,0.0,0.0,0.0,0.0425531914893617,0.0,0.0,0.0,0.10638297872340426,0.0,0.0,0.0,0.0,0.0,0.0,0.0,0.0,0.0,0.0,0.0,0.0,0.0,0.0,0.0,1.3648936170212764,1.8674468085106382,1852.276595744681,8.659574468085106,1.9871471214313177,0.1036456336920732,11.597331022429538,-6.826618379357175,5,0,1,0,0,0,8.4
924,0.06976744186046512,0.23255813953488372,0.23255813953488372,0.23255813953488372,0.0,0.23255813953488372,0.0,0.0,0.0,0.0,0.0,0.0,0.0,0.0,0.0,0.0,0.0,0.0,0.0,0.0,0.0,0.0,0.0,0.0,0.0,0.0,0.0,0.0,1.3662790697674418,1.8053488372093023,1806.2886046511628,7.883720930232558,2.9235002616710872,0.10751633379878442,12.826056830530574,-7.2687939426717145,5,0,1,0,0,0,7.6
925,0.06976744186046512,0.23255813953488372,0.23255813953488372,0.23255813953488372,0.0,0.23255813953488372,0.0,0.0,0.0,0.0,0.0,0.0,0.0,0.0,0.0,0.0,0.0,0.0,0.0,0.0,0.0,0.0,0.0,0.0,0.0,0.0,0.0,0.0,1.3662790697674418,1.8053488372093023,1806.2886046511628,7.883720930232558,2.9235002616710872,0.10751633379878442,12.826056830530574,-7.2687939426717145,5,0,1,0,0,0,7.6
926,0.06976744186046512,0.23255813953488372,0.23255813953488372,0.23255813953488372,0.0,0.23255813953488372,0.0,0.0,0.0,0.0,0.0,0.0,0.0,0.0,0.0,0.0,0.0,0.0,0.0,0.0,0.0,0.0,0.0,0.0,0.0,0.0,0.0,0.0,1.3662790697674418,1.8053488372093023,1806.2886046511628,7.883720930232558,2.9235002616710872,0.10751633379878442,12.826056830530574,-7.2687939426717145,5,0,1,0,0,0,7.6
927,0.2,0.2,0.2,0.2,0.0,0.2,0.0,0.0,0.0,0.0,0.0,0.0,0.0,0.0,0.0,0.0,0.0,0.0,0.0,0.0,0.0,0.0,0.0,0.0,0.0,0.0,0.0,0.0,1.35,1.778,1684.094,7.2,4.057204129667899,0.12056533498481224,13.38167152293333,-12.320000000000002,5,0,1,0,0,0,6.7
928,0.2,0.2,0.2,0.2,0.0,0.2,0.0,0.0,0.0,0.0,0.0,0.0,0.0,0.0,0.0,0.0,0.0,0.0,0.0,0.0,0.0,0.0,0.0,0.0,0.0,0.0,0.0,0.0,1.35,1.778,1684.094,7.2,4.057204129667899,0.12056533498481224,13.38167152293333,-12.320000000000002,5,0,1,0,0,0,6.7
929,0.0,0.17491749174917492,0.5500550055005501,0.1001100110011001,0.0,0.12486248624862487,0.0,0.0,0.05005500550055005,0.0,0.0,0.0,0.0,0.0,0.0,0.0,0.0,0.0,0.0,0.0,0.0,0.0,0.0,0.0,0.0,0.0,0.0,0.0,1.3887513751375138,1.8420462046204622,1895.5533553355338,8.025302530253025,1.886222197915664,0.09996200631048328,10.591228941742896,-2.335241885024586,5,0,0,0,0,1,8.2
930,0.0,0.17996697853604843,0.550357732526142,0.06989543203082002,0.0,0.12493120528343422,0.0,0.0,0.0748486516235553,0.0,0.0,0.0,0.0,0.0,0.0,0.0,0.0,0.0,0.0,0.0,0.0,0.0,0.0,0.0,0.0,0.0,0.0,0.0,1.3912493120528342,1.8480517336268574,1924.7705008255366,7.920198128783709,1.9489410669754001,0.1110536497324549,10.618998459596304,-2.3286256595130252,5,0,0,0,0,1,8.2
931,0.0,0.17491749174917492,0.5500550055005501,0.1001100110011001,0.0,0.12486248624862487,0.0,0.0,0.05005500550055005,0.0,0.0,0.0,0.0,0.0,0.0,0.0,0.0,0.0,0.0,0.0,0.0,0.0,0.0,0.0,0.0,0.0,0.0,0.0,1.3887513751375138,1.8420462046204622,1895.5533553355338,8.025302530253025,1.886222197915664,0.09996200631048328,10.591228941742896,-2.335241885024586,5,0,0,0,0,1,8.2
932,0.0,0.17996697853604843,0.550357732526142,0.06989543203082002,0.0,0.12493120528343422,0.0,0.0,0.0748486516235553,0.0,0.0,0.0,0.0,0.0,0.0,0.0,0.0,0.0,0.0,0.0,0.0,0.0,0.0,0.0,0.0,0.0,0.0,0.0,1.3912493120528342,1.8480517336268574,1924.7705008255366,7.920198128783709,1.9489410669754001,0.1110536497324549,10.618998459596304,-2.3286256595130252,5,0,0,0,0,1,8.2
933,0.0,0.17491749174917492,0.5500550055005501,0.1001100110011001,0.0,0.12486248624862487,0.0,0.0,0.05005500550055005,0.0,0.0,0.0,0.0,0.0,0.0,0.0,0.0,0.0,0.0,0.0,0.0,0.0,0.0,0.0,0.0,0.0,0.0,0.0,1.3887513751375138,1.8420462046204622,1895.5533553355338,8.025302530253025,1.886222197915664,0.09996200631048328,10.591228941742896,-2.335241885024586,5,0,0,0,0,1,8.2
934,0.0,0.17996697853604843,0.550357732526142,0.06989543203082002,0.0,0.12493120528343422,0.0,0.0,0.0748486516235553,0.0,0.0,0.0,0.0,0.0,0.0,0.0,0.0,0.0,0.0,0.0,0.0,0.0,0.0,0.0,0.0,0.0,0.0,0.0,1.3912493120528342,1.8480517336268574,1924.7705008255366,7.920198128783709,1.9489410669754001,0.1110536497324549,10.618998459596304,-2.3286256595130252,5,0,0,0,0,1,8.2
935,0.0,0.17491749174917492,0.5500550055005501,0.1001100110011001,0.0,0.12486248624862487,0.0,0.0,0.05005500550055005,0.0,0.0,0.0,0.0,0.0,0.0,0.0,0.0,0.0,0.0,0.0,0.0,0.0,0.0,0.0,0.0,0.0,0.0,0.0,1.3887513751375138,1.8420462046204622,1895.5533553355338,8.025302530253025,1.886222197915664,0.09996200631048328,10.591228941742896,-2.335241885024586,5,0,0,0,0,1,8.2
936,0.0,0.17996697853604843,0.550357732526142,0.06989543203082002,0.0,0.12493120528343422,0.0,0.0,0.0748486516235553,0.0,0.0,0.0,0.0,0.0,0.0,0.0,0.0,0.0,0.0,0.0,0.0,0.0,0.0,0.0,0.0,0.0,0.0,0.0,1.3912493120528342,1.8480517336268574,1924.7705008255366,7.920198128783709,1.9489410669754001,0.1110536497324549,10.618998459596304,-2.3286256595130252,5,0,0,0,0,1,8.2
937,0.0,0.2,0.2,0.2,0.0,0.2,0.2,0.0,0.0,0.0,0.0,0.0,0.0,0.0,0.0,0.0,0.0,0.0,0.0,0.0,0.0,0.0,0.0,0.0,0.0,0.0,0.0,0.0,1.3800000000000001,1.766,1801.2,8.0,1.7749925672341786,0.1383618444514238,13.38167152293333,-4.16,5,1,0,0,0,0,8.0
938,0.0,0.2,0.2,0.2,0.0,0.2,0.2,0.0,0.0,0.0,0.0,0.0,0.0,0.0,0.0,0.0,0.0,0.0,0.0,0.0,0.0,0.0,0.0,0.0,0.0,0.0,0.0,0.0,1.3800000000000001,1.766,1801.2,8.0,1.7749925672341786,0.1383618444514238,13.38167152293333,-4.16,5,0,0,0,1,0,8.0
939,0.0,0.2,0.2,0.2,0.0,0.2,0.2,0.0,0.0,0.0,0.0,0.0,0.0,0.0,0.0,0.0,0.0,0.0,0.0,0.0,0.0,0.0,0.0,0.0,0.0,0.0,0.0,0.0,1.3800000000000001,1.766,1801.2,8.0,1.7749925672341786,0.1383618444514238,13.38167152293333,-4.16,5,0,0,0,1,0,8.0
940,0.0,0.0,0.2,0.2,0.0,0.2,0.2,0.0,0.0,0.0,0.2,0.0,0.0,0.0,0.0,0.0,0.0,0.0,0.0,0.0,0.0,0.0,0.0,0.0,0.0,0.0,0.0,0.0,1.3800000000000001,1.77,1719.1540000000002,8.4,1.7749925672341786,0.14184498581197713,13.38167152293333,2.72,5,0,1,0,0,0,8.1
941,0.0,0.0,0.2,0.2,0.0,0.2,0.2,0.0,0.0,0.0,0.2,0.0,0.0,0.0,0.0,0.0,0.0,0.0,0.0,0.0,0.0,0.0,0.0,0.0,0.0,0.0,0.0,0.0,1.3800000000000001,1.77,1719.1540000000002,8.4,1.7749925672341786,0.14184498581197713,13.38167152293333,2.72,5,1,0,0,0,0,8.1
942,0.0,0.0,0.2,0.2,0.0,0.2,0.2,0.0,0.0,0.0,0.2,0.0,0.0,0.0,0.0,0.0,0.0,0.0,0.0,0.0,0.0,0.0,0.0,0.0,0.0,0.0,0.0,0.0,1.3800000000000001,1.77,1719.1540000000002,8.4,1.7749925672341786,0.14184498581197713,13.38167152293333,2.72,5,1,0,0,0,0,8.1
943,0.0,0.0,0.2,0.2,0.0,0.2,0.2,0.0,0.0,0.0,0.2,0.0,0.0,0.0,0.0,0.0,0.0,0.0,0.0,0.0,0.0,0.0,0.0,0.0,0.0,0.0,0.0,0.0,1.3800000000000001,1.77,1719.1540000000002,8.4,1.7749925672341786,0.14184498581197713,13.38167152293333,2.72,5,1,0,0,0,0,8.1
944,0.0,0.0,0.2,0.2,0.0,0.2,0.2,0.0,0.0,0.0,0.2,0.0,0.0,0.0,0.0,0.0,0.0,0.0,0.0,0.0,0.0,0.0,0.0,0.0,0.0,0.0,0.0,0.0,1.3800000000000001,1.77,1719.1540000000002,8.4,1.7749925672341786,0.14184498581197713,13.38167152293333,2.72,5,1,0,0,0,0,8.1
945,0.0,0.0,0.2,0.2,0.0,0.2,0.2,0.0,0.0,0.0,0.2,0.0,0.0,0.0,0.0,0.0,0.0,0.0,0.0,0.0,0.0,0.0,0.0,0.0,0.0,0.0,0.0,0.0,1.3800000000000001,1.77,1719.1540000000002,8.4,1.7749925672341786,0.14184498581197713,13.38167152293333,2.72,5,1,0,0,0,0,8.1
946,0.0,0.0,0.2,0.2,0.0,0.2,0.2,0.0,0.0,0.0,0.2,0.0,0.0,0.0,0.0,0.0,0.0,0.0,0.0,0.0,0.0,0.0,0.0,0.0,0.0,0.0,0.0,0.0,1.3800000000000001,1.77,1719.1540000000002,8.4,1.7749925672341786,0.14184498581197713,13.38167152293333,2.72,5,1,0,0,0,0,8.1
947,0.0,0.0,0.2,0.2,0.0,0.2,0.2,0.0,0.0,0.0,0.2,0.0,0.0,0.0,0.0,0.0,0.0,0.0,0.0,0.0,0.0,0.0,0.0,0.0,0.0,0.0,0.0,0.0,1.3800000000000001,1.77,1719.1540000000002,8.4,1.7749925672341786,0.14184498581197713,13.38167152293333,2.72,5,1,0,0,0,0,8.1
948,0.0,0.0,0.2,0.2,0.0,0.2,0.2,0.0,0.0,0.0,0.2,0.0,0.0,0.0,0.0,0.0,0.0,0.0,0.0,0.0,0.0,0.0,0.0,0.0,0.0,0.0,0.0,0.0,1.3800000000000001,1.77,1719.1540000000002,8.4,1.7749925672341786,0.14184498581197713,13.38167152293333,2.72,5,1,0,0,0,0,8.1
949,0.0,0.0,0.0,0.0,0.0,0.0,0.0,0.2857142857142857,0.2857142857142857,0.0,0.0,0.0,0.0,0.0,0.0,0.0,0.0,0.0,0.0,0.0,0.0,0.0,0.2857142857142857,0.14285714285714285,0.0,0.0,0.0,0.0,1.407142857142857,2.02,3163.0,5.857142857142857,3.516854431611933,0.30180409918639983,11.239408020521262,-10.612244897959181,4,0,1,0,0,0,13.7
950,0.0,0.0,0.0,0.0,0.0,0.0,0.0,0.2564102564102564,0.2564102564102564,0.0,0.0,0.05128205128205128,0.0,0.0,0.0,0.0,0.0,0.0,0.0,0.0,0.05128205128205128,0.0,0.2564102564102564,0.1282051282051282,0.0,0.0,0.0,0.0,1.373076923076923,2.0205128205128204,3202.1794871794873,5.717948717948717,11.91711338161493,0.331685274967862,13.427186916573177,-24.021038790269557,6,0,1,0,0,0,13.5
951,0.0,0.0,0.0,0.0,0.0,0.0,0.0,0.23255813953488372,0.23255813953488372,0.0,0.0,0.0930232558139535,0.0,0.0,0.0,0.0,0.0,0.0,0.0,0.0,0.0930232558139535,0.0,0.23255813953488372,0.11627906976744186,0.0,0.0,0.0,0.0,1.3453488372093025,2.0209302325581397,3234.0697674418607,5.604651162790698,15.743628451600658,0.3541502371612099,14.215186129146053,-34.236884802596,6,0,1,0,0,0,13.4
952,0.0,0.0,0.0,0.0,0.0,0.0,0.0,0.2222222222222222,0.2222222222222222,0.0,0.0,0.1111111111111111,0.0,0.0,0.0,0.0,0.0,0.0,0.0,0.0,0.1111111111111111,0.0,0.2222222222222222,0.1111111111111111,0.0,0.0,0.0,0.0,1.333333333333333,2.0211111111111113,3247.8888888888887,5.555555555555555,17.13913650100261,0.36345393852880276,14.42670892641822,-38.46913580246913,6,0,1,0,0,0,13.3
953,0.0,0.0,0.0,0.0,0.0,0.0,0.0,0.2127659574468085,0.2127659574468085,0.0,0.0,0.1276595744680851,0.0,0.0,0.0,0.0,0.0,0.0,0.0,0.0,0.1276595744680851,0.0,0.2127659574468085,0.10638297872340426,0.0,0.0,0.0,0.0,1.3223404255319149,2.0212765957446805,3260.5319148936164,5.51063829787234,18.322595558174058,0.37176186052579746,14.56471862658006,-42.23811679492983,6,0,1,0,0,0,13.3
954,0.10007199424046077,0.24982001439884807,0.15010799136069114,0.3599712023038157,0.0,0.07991360691144708,0.0,0.0,0.0,0.060115190784737225,0.0,0.0,0.0,0.0,0.0,0.0,0.0,0.0,0.0,0.0,0.0,0.0,0.0,0.0,0.0,0.0,0.0,0.0,1.3544996400287976,1.8182541396688263,1719.867048236141,8.069114470842331,3.049208278925295,0.12247071405767837,13.30531834977715,-13.987616886977337,6,1,0,0,0,0,7.4
955,0.10007199424046077,0.24982001439884807,0.15010799136069114,0.3599712023038157,0.0,0.07991360691144708,0.0,0.0,0.0,0.060115190784737225,0.0,0.0,0.0,0.0,0.0,0.0,0.0,0.0,0.0,0.0,0.0,0.0,0.0,0.0,0.0,0.0,0.0,0.0,1.3544996400287976,1.8182541396688263,1719.867048236141,8.069114470842331,3.049208278925295,0.12247071405767837,13.30531834977715,-13.987616886977337,6,1,0,0,0,0,7.4
956,0.10007199424046077,0.24982001439884807,0.15010799136069114,0.3599712023038157,0.0,0.07991360691144708,0.0,0.0,0.0,0.060115190784737225,0.0,0.0,0.0,0.0,0.0,0.0,0.0,0.0,0.0,0.0,0.0,0.0,0.0,0.0,0.0,0.0,0.0,0.0,1.3544996400287976,1.8182541396688263,1719.867048236141,8.069114470842331,3.049208278925295,0.12247071405767837,13.30531834977715,-13.987616886977337,6,1,0,0,0,0,7.4
957,0.10007199424046077,0.24982001439884807,0.15010799136069114,0.3599712023038157,0.0,0.07991360691144708,0.0,0.0,0.0,0.060115190784737225,0.0,0.0,0.0,0.0,0.0,0.0,0.0,0.0,0.0,0.0,0.0,0.0,0.0,0.0,0.0,0.0,0.0,0.0,1.3544996400287976,1.8182541396688263,1719.867048236141,8.069114470842331,3.049208278925295,0.12247071405767837,13.30531834977715,-13.987616886977337,6,1,0,0,0,0,7.4
958,0.10007199424046077,0.24982001439884807,0.15010799136069114,0.3599712023038157,0.0,0.07991360691144708,0.0,0.0,0.0,0.060115190784737225,0.0,0.0,0.0,0.0,0.0,0.0,0.0,0.0,0.0,0.0,0.0,0.0,0.0,0.0,0.0,0.0,0.0,0.0,1.3544996400287976,1.8182541396688263,1719.867048236141,8.069114470842331,3.049208278925295,0.12247071405767837,13.30531834977715,-13.987616886977337,6,1,0,0,0,0,7.4
959,0.10007199424046077,0.24982001439884807,0.15010799136069114,0.3599712023038157,0.0,0.07991360691144708,0.0,0.0,0.0,0.060115190784737225,0.0,0.0,0.0,0.0,0.0,0.0,0.0,0.0,0.0,0.0,0.0,0.0,0.0,0.0,0.0,0.0,0.0,0.0,1.3544996400287976,1.8182541396688263,1719.867048236141,8.069114470842331,3.049208278925295,0.12247071405767837,13.30531834977715,-13.987616886977337,6,1,0,0,0,0,7.4
960,0.10007199424046077,0.24982001439884807,0.15010799136069114,0.3599712023038157,0.0,0.07991360691144708,0.0,0.0,0.0,0.060115190784737225,0.0,0.0,0.0,0.0,0.0,0.0,0.0,0.0,0.0,0.0,0.0,0.0,0.0,0.0,0.0,0.0,0.0,0.0,1.3544996400287976,1.8182541396688263,1719.867048236141,8.069114470842331,3.049208278925295,0.12247071405767837,13.30531834977715,-13.987616886977337,6,1,0,0,0,0,7.4
961,0.10007199424046077,0.24982001439884807,0.15010799136069114,0.3599712023038157,0.0,0.07991360691144708,0.0,0.0,0.0,0.060115190784737225,0.0,0.0,0.0,0.0,0.0,0.0,0.0,0.0,0.0,0.0,0.0,0.0,0.0,0.0,0.0,0.0,0.0,0.0,1.3544996400287976,1.8182541396688263,1719.867048236141,8.069114470842331,3.049208278925295,0.12247071405767837,13.30531834977715,-13.987616886977337,6,1,0,0,0,0,7.4
962,0.10007199424046077,0.24982001439884807,0.15010799136069114,0.3599712023038157,0.0,0.07991360691144708,0.0,0.0,0.0,0.060115190784737225,0.0,0.0,0.0,0.0,0.0,0.0,0.0,0.0,0.0,0.0,0.0,0.0,0.0,0.0,0.0,0.0,0.0,0.0,1.3544996400287976,1.8182541396688263,1719.867048236141,8.069114470842331,3.049208278925295,0.12247071405767837,13.30531834977715,-13.987616886977337,6,1,0,0,0,0,7.4
963,0.10007199424046077,0.24982001439884807,0.15010799136069114,0.3599712023038157,0.0,0.07991360691144708,0.0,0.0,0.0,0.060115190784737225,0.0,0.0,0.0,0.0,0.0,0.0,0.0,0.0,0.0,0.0,0.0,0.0,0.0,0.0,0.0,0.0,0.0,0.0,1.3544996400287976,1.8182541396688263,1719.867048236141,8.069114470842331,3.049208278925295,0.12247071405767837,13.30531834977715,-13.987616886977337,6,1,0,0,0,0,7.4
964,0.0,0.10006997900629812,0.3498950314905529,0.24982505248425474,0.0,0.15010496850944718,0.05003498950314906,0.0,0.0,0.0,0.0,0.0,0.10006997900629812,0.0,0.0,0.0,0.0,0.0,0.0,0.0,0.0,0.0,0.0,0.0,0.0,0.0,0.0,0.0,1.3775017494751576,1.7954478656403083,1863.9660601819457,7.949265220433871,1.8057697600841762,0.11366081656325805,13.379329925246928,-6.261202395054753,6,0,0,0,0,1,7.9
965,0.0,0.10006997900629812,0.3498950314905529,0.24982505248425474,0.0,0.15010496850944718,0.05003498950314906,0.0,0.0,0.0,0.0,0.0,0.10006997900629812,0.0,0.0,0.0,0.0,0.0,0.0,0.0,0.0,0.0,0.0,0.0,0.0,0.0,0.0,0.0,1.3775017494751576,1.7954478656403083,1863.9660601819457,7.949265220433871,1.8057697600841762,0.11366081656325805,13.379329925246928,-6.261202395054753,6,0,0,0,0,1,7.9
966,0.0,0.10006997900629812,0.3498950314905529,0.24982505248425474,0.0,0.15010496850944718,0.05003498950314906,0.0,0.0,0.0,0.0,0.0,0.10006997900629812,0.0,0.0,0.0,0.0,0.0,0.0,0.0,0.0,0.0,0.0,0.0,0.0,0.0,0.0,0.0,1.3775017494751576,1.7954478656403083,1863.9660601819457,7.949265220433871,1.8057697600841762,0.11366081656325805,13.379329925246928,-6.261202395054753,6,0,0,0,0,1,7.9
967,0.0,0.10006997900629812,0.3498950314905529,0.24982505248425474,0.0,0.15010496850944718,0.05003498950314906,0.0,0.0,0.0,0.0,0.0,0.10006997900629812,0.0,0.0,0.0,0.0,0.0,0.0,0.0,0.0,0.0,0.0,0.0,0.0,0.0,0.0,0.0,1.3775017494751576,1.7954478656403083,1863.9660601819457,7.949265220433871,1.8057697600841762,0.11366081656325805,13.379329925246928,-6.261202395054753,6,0,0,0,0,1,7.9
968,0.0,0.10006997900629812,0.3498950314905529,0.24982505248425474,0.0,0.15010496850944718,0.05003498950314906,0.0,0.0,0.0,0.0,0.0,0.10006997900629812,0.0,0.0,0.0,0.0,0.0,0.0,0.0,0.0,0.0,0.0,0.0,0.0,0.0,0.0,0.0,1.3775017494751576,1.7954478656403083,1863.9660601819457,7.949265220433871,1.8057697600841762,0.11366081656325805,13.379329925246928,-6.261202395054753,6,0,0,0,0,1,7.9
969,0.0,0.2,0.2,0.2,0.0,0.2,0.2,0.0,0.0,0.0,0.0,0.0,0.0,0.0,0.0,0.0,0.0,0.0,0.0,0.0,0.0,0.0,0.0,0.0,0.0,0.0,0.0,0.0,1.3800000000000001,1.766,1801.2,8.0,1.7749925672341786,0.1383618444514238,13.38167152293333,-4.16,5,0,0,0,1,0,8.0
970,0.3333333333333333,0.16666666666666666,0.16666666666666666,0.16666666666666666,0.0,0.16666666666666666,0.0,0.0,0.0,0.0,0.0,0.0,0.0,0.0,0.0,0.0,0.0,0.0,0.0,0.0,0.0,0.0,0.0,0.0,0.0,0.0,0.0,0.0,1.3333333333333333,1.75,1558.9899999999998,6.5,4.67707173346743,0.1266227994214838,12.976526695974774,-15.444444444444443,5,0,1,0,0,0,5.9
971,0.2998500749625187,0.16671664167916042,0.16671664167916042,0.16671664167916042,0.0,0.16671664167916042,0.0,0.0,0.0,0.033283358320839576,0.0,0.0,0.0,0.0,0.0,0.0,0.0,0.0,0.0,0.0,0.0,0.0,0.0,0.0,0.0,0.0,0.0,0.0,1.3383508245877063,1.7477121439280359,1592.711544227886,6.534332833583208,4.593590966939329,0.12977854931197413,13.87755724167528,-17.193801420129514,6,0,1,0,0,0,5.9
972,0.2499375156210947,0.16670832291927018,0.16670832291927018,0.16670832291927018,0.0,0.16670832291927018,0.0,0.0,0.0,0.08322919270182454,0.0,0.0,0.0,0.0,0.0,0.0,0.0,0.0,0.0,0.0,0.0,0.0,0.0,0.0,0.0,0.0,0.0,0.0,1.3458385403649087,1.7442089477630593,1643.0022494376406,6.5841039740064975,4.410672148000587,0.13430569915201412,14.534648239393837,-19.325584000150926,6,0,1,0,0,0,6.1
973,0.20004000800160032,0.16663332666533306,0.16663332666533306,0.16663332666533306,0.0,0.16663332666533306,0.0,0.0,0.0,0.13342668533706742,0.0,0.0,0.0,0.0,0.0,0.0,0.0,0.0,0.0,0.0,0.0,0.0,0.0,0.0,0.0,0.0,0.0,0.0,1.3533306661332265,1.740632126425285,1693.2962592518502,6.632726545309061,4.151139542913955,0.13861905909653321,14.841890665123108,-20.872746983883673,6,0,1,0,0,0,6.2
974,0.16666666666666666,0.16666666666666666,0.16666666666666666,0.16666666666666666,0.0,0.16666666666666666,0.0,0.0,0.0,0.16666666666666666,0.0,0.0,0.0,0.0,0.0,0.0,0.0,0.0,0.0,0.0,0.0,0.0,0.0,0.0,0.0,0.0,0.0,0.0,1.3583333333333334,1.7383333333333333,1726.9116666666664,6.666666666666667,3.928297078179658,0.14135259302734965,14.897584106896662,-21.555555555555554,6,0,1,0,0,0,6.2
975,0.13342668533706742,0.16663332666533304,0.16663332666533304,0.16663332666533304,0.0,0.16663332666533304,0.0,0.0,0.0,0.2000400080016003,0.0,0.0,0.0,0.0,0.0,0.0,0.0,0.0,0.0,0.0,0.0,0.0,0.0,0.0,0.0,0.0,0.0,0.0,1.3633226645329062,1.7359691938387674,1760.411180236047,6.699339867973594,3.660197476741117,0.14400751190082756,14.84189066512311,-21.9827469394659,6,0,1,0,0,0,6.3
976,0.2,0.2,0.2,0.2,0.0,0.2,0.0,0.0,0.0,0.0,0.0,0.0,0.0,0.0,0.0,0.0,0.0,0.0,0.0,0.0,0.0,0.0,0.0,0.0,0.0,0.0,0.0,0.0,1.35,1.778,1684.094,7.2,4.057204129667899,0.12056533498481224,13.38167152293333,-12.320000000000002,5,0,0,0,1,0,6.7
977,0.2,0.2,0.2,0.2,0.0,0.2,0.0,0.0,0.0,0.0,0.0,0.0,0.0,0.0,0.0,0.0,0.0,0.0,0.0,0.0,0.0,0.0,0.0,0.0,0.0,0.0,0.0,0.0,1.35,1.778,1684.094,7.2,4.057204129667899,0.12056533498481224,13.38167152293333,-12.320000000000002,5,0,0,0,1,0,6.7
978,0.2,0.2,0.2,0.2,0.0,0.2,0.0,0.0,0.0,0.0,0.0,0.0,0.0,0.0,0.0,0.0,0.0,0.0,0.0,0.0,0.0,0.0,0.0,0.0,0.0,0.0,0.0,0.0,1.35,1.778,1684.094,7.2,4.057204129667899,0.12056533498481224,13.38167152293333,-12.320000000000002,5,0,0,0,1,0,6.7
979,0.2,0.2,0.2,0.2,0.0,0.2,0.0,0.0,0.0,0.0,0.0,0.0,0.0,0.0,0.0,0.0,0.0,0.0,0.0,0.0,0.0,0.0,0.0,0.0,0.0,0.0,0.0,0.0,1.35,1.778,1684.094,7.2,4.057204129667899,0.12056533498481224,13.38167152293333,-12.320000000000002,5,0,0,0,1,0,6.7
980,0.2,0.2,0.2,0.2,0.0,0.2,0.0,0.0,0.0,0.0,0.0,0.0,0.0,0.0,0.0,0.0,0.0,0.0,0.0,0.0,0.0,0.0,0.0,0.0,0.0,0.0,0.0,0.0,1.35,1.778,1684.094,7.2,4.057204129667899,0.12056533498481224,13.38167152293333,-12.320000000000002,5,0,0,0,1,0,6.7
981,0.0,0.0,0.0,0.0,0.0,0.0,0.0,0.16666666666666666,0.0,0.16666666666666666,0.0,0.0,0.0,0.16666666666666666,0.0,0.0,0.0,0.0,0.0,0.0,0.16666666666666666,0.16666666666666666,0.16666666666666666,0.0,0.0,0.0,0.0,0.0,1.4583333333333335,1.605,2718.3333333333335,4.666666666666666,5.014265364224067,0.3544831918911435,14.897584106896662,-2.111111111111111,6,0,1,0,0,0,11.2
982,0.0,0.0,0.0,0.0,0.0,0.0,0.0,0.14285714285714285,0.14285714285714285,0.14285714285714285,0.0,0.0,0.0,0.14285714285714285,0.0,0.0,0.0,0.0,0.0,0.0,0.14285714285714285,0.14285714285714285,0.14285714285714285,0.0,0.0,0.0,0.0,0.0,1.457142857142857,1.6842857142857142,2743.7142857142853,4.857142857142856,4.650408323777024,0.3813456303616423,16.179269934320402,-3.591836734693877,7,0,1,0,0,0,11.1
983,0.0,0.0,0.0,0.0,0.0,0.0,0.0,0.16666666666666666,0.0,0.16666666666666666,0.0,0.0,0.0,0.16666666666666666,0.0,0.0,0.0,0.0,0.0,0.0,0.16666666666666666,0.16666666666666666,0.16666666666666666,0.0,0.0,0.0,0.0,0.0,1.4583333333333335,1.605,2718.3333333333335,4.666666666666666,5.014265364224067,0.3544831918911435,14.897584106896662,-2.111111111111111,6,0,1,0,0,0,11.2
984,0.0,0.0,0.0,0.0,0.0,0.0,0.0,0.14285714285714285,0.14285714285714285,0.14285714285714285,0.0,0.0,0.0,0.14285714285714285,0.0,0.0,0.0,0.0,0.0,0.0,0.14285714285714285,0.14285714285714285,0.14285714285714285,0.0,0.0,0.0,0.0,0.0,1.457142857142857,1.6842857142857142,2743.7142857142853,4.857142857142856,4.650408323777024,0.3813456303616423,16.179269934320402,-3.591836734693877,7,0,1,0,0,0,11.1
985,0.0,0.0,0.0,0.0,0.0,0.0,0.0,0.16666666666666666,0.0,0.16666666666666666,0.0,0.0,0.0,0.16666666666666666,0.0,0.0,0.0,0.0,0.0,0.0,0.16666666666666666,0.16666666666666666,0.16666666666666666,0.0,0.0,0.0,0.0,0.0,1.4583333333333335,1.605,2718.3333333333335,4.666666666666666,5.014265364224067,0.3544831918911435,14.897584106896662,-2.111111111111111,6,0,1,0,0,0,11.2
986,0.0,0.0,0.0,0.0,0.0,0.0,0.0,0.14285714285714285,0.14285714285714285,0.14285714285714285,0.0,0.0,0.0,0.14285714285714285,0.0,0.0,0.0,0.0,0.0,0.0,0.14285714285714285,0.14285714285714285,0.14285714285714285,0.0,0.0,0.0,0.0,0.0,1.457142857142857,1.6842857142857142,2743.7142857142853,4.857142857142856,4.650408323777024,0.3813456303616423,16.179269934320402,-3.591836734693877,7,0,1,0,0,0,11.1
987,0.0,0.0,0.0,0.0,0.0,0.0,0.0,0.16666666666666666,0.0,0.16666666666666666,0.0,0.0,0.0,0.16666666666666666,0.0,0.0,0.0,0.0,0.0,0.0,0.16666666666666666,0.16666666666666666,0.16666666666666666,0.0,0.0,0.0,0.0,0.0,1.4583333333333335,1.605,2718.3333333333335,4.666666666666666,5.014265364224067,0.3544831918911435,14.897584106896662,-2.111111111111111,6,0,1,0,0,0,11.2
988,0.0,0.0,0.0,0.0,0.0,0.0,0.0,0.14285714285714285,0.14285714285714285,0.14285714285714285,0.0,0.0,0.0,0.14285714285714285,0.0,0.0,0.0,0.0,0.0,0.0,0.14285714285714285,0.14285714285714285,0.14285714285714285,0.0,0.0,0.0,0.0,0.0,1.457142857142857,1.6842857142857142,2743.7142857142853,4.857142857142856,4.650408323777024,0.3813456303616423,16.179269934320402,-3.591836734693877,7,0,1,0,0,0,11.1
989,0.0,0.0,0.0,0.0,0.0,0.0,0.0,0.3333333333333333,0.0,0.3333333333333333,0.0,0.0,0.0,0.3333333333333333,0.0,0.0,0.0,0.0,0.0,0.0,0.0,0.0,0.0,0.0,0.0,0.0,0.0,0.0,1.4666666666666666,1.49,2273.0,4.333333333333333,4.251883394061299,0.11575836902790225,9.134411874130997,2.666666666666667,3,0,1,0,0,0,6.5
990,0.0,0.0,0.0,0.0,0.0,0.0,0.0,0.25,0.0,0.25,0.0,0.0,0.0,0.25,0.0,0.0,0.0,0.0,0.0,0.0,0.0,0.25,0.0,0.0,0.0,0.0,0.0,0.0,1.4874999999999998,1.4425000000000001,2331.25,4.25,4.366514640929942,0.12968712349342937,11.52634446553133,2.5,4,0,1,0,0,0,8.4
991,0.0,0.0,0.0,0.0,0.0,0.0,0.0,0.3333333333333333,0.0,0.3333333333333333,0.0,0.0,0.0,0.3333333333333333,0.0,0.0,0.0,0.0,0.0,0.0,0.0,0.0,0.0,0.0,0.0,0.0,0.0,0.0,1.4666666666666666,1.49,2273.0,4.333333333333333,4.251883394061299,0.11575836902790225,9.134411874130997,2.666666666666667,3,1,0,0,0,0,6.5
992,0.0,0.0,0.0,0.0,0.0,0.0,0.0,0.25,0.0,0.25,0.0,0.0,0.0,0.25,0.0,0.0,0.0,0.0,0.0,0.0,0.0,0.25,0.0,0.0,0.0,0.0,0.0,0.0,1.4874999999999998,1.4425000000000001,2331.25,4.25,4.366514640929942,0.12968712349342937,11.52634446553133,2.5,4,1,0,0,0,0,8.4
993,0.0,0.0,0.0,0.0,0.0,0.0,0.0,0.3333333333333333,0.0,0.3333333333333333,0.0,0.0,0.0,0.3333333333333333,0.0,0.0,0.0,0.0,0.0,0.0,0.0,0.0,0.0,0.0,0.0,0.0,0.0,0.0,1.4666666666666666,1.49,2273.0,4.333333333333333,4.251883394061299,0.11575836902790225,9.134411874130997,2.666666666666667,3,0,1,0,0,0,6.5
994,0.0,0.0,0.0,0.0,0.0,0.0,0.0,0.25,0.0,0.25,0.0,0.0,0.0,0.25,0.0,0.0,0.0,0.0,0.0,0.0,0.0,0.25,0.0,0.0,0.0,0.0,0.0,0.0,1.4874999999999998,1.4425000000000001,2331.25,4.25,4.366514640929942,0.12968712349342937,11.52634446553133,2.5,4,0,1,0,0,0,8.4
995,0.0,0.0,0.0,0.0,0.0,0.0,0.0,0.3333333333333333,0.0,0.3333333333333333,0.0,0.0,0.0,0.3333333333333333,0.0,0.0,0.0,0.0,0.0,0.0,0.0,0.0,0.0,0.0,0.0,0.0,0.0,0.0,1.4666666666666666,1.49,2273.0,4.333333333333333,4.251883394061299,0.11575836902790225,9.134411874130997,2.666666666666667,3,0,1,0,0,0,6.5
996,0.0,0.0,0.0,0.0,0.0,0.0,0.0,0.25,0.0,0.25,0.0,0.0,0.0,0.25,0.0,0.0,0.0,0.0,0.0,0.0,0.0,0.25,0.0,0.0,0.0,0.0,0.0,0.0,1.4874999999999998,1.4425000000000001,2331.25,4.25,4.366514640929942,0.12968712349342937,11.52634446553133,2.5,4,0,1,0,0,0,8.4
997,0.0,0.25,0.25,0.25,0.0,0.25,0.0,0.0,0.0,0.0,0.0,0.0,0.0,0.0,0.0,0.0,0.0,0.0,0.0,0.0,0.0,0.0,0.0,0.0,0.0,0.0,0.0,0.0,1.375,1.82,1871.75,8.25,1.8181818181818077,0.09669539802906858,11.52634446553133,-3.75,4,0,1,0,0,0,8.2
998,0.0,0.23809523809523808,0.23809523809523808,0.23809523809523808,0.0,0.23809523809523808,0.0,0.0,0.0,0.0,0.0,0.0,0.0,0.0,0.0,0.0,0.0,0.0,0.0,0.0,0.0,0.0,0.047619047619047616,0.0,0.0,0.0,0.0,0.0,1.3738095238095238,1.8457142857142856,1958.5714285714284,8.142857142857142,1.8176929777645507,0.14875903905538065,12.56923273899109,-3.5374149659863945,5,0,1,0,0,0,8.9
999,0.0,0.2222222222222222,0.2222222222222222,0.2222222222222222,0.0,0.2222222222222222,0.0,0.0,0.0,0.0,0.0,0.0,0.0,0.0,0.0,0.0,0.0,0.0,0.0,0.0,0.0,0.0,0.1111111111111111,0.0,0.0,0.0,0.0,0.0,1.372222222222222,1.88,2074.333333333333,8.0,1.81058135829942,0.19264244369066516,13.14600398580363,-3.259259259259259,5,0,1,0,0,0,9.8
1000,0.0,0.0,0.2,0.0,0.0,0.2,0.0,0.2,0.2,0.0,0.0,0.0,0.2,0.0,0.0,0.0,0.0,0.0,0.0,0.0,0.0,0.0,0.0,0.0,0.0,0.0,0.0,0.0,1.41,1.7760000000000002,2364.0,6.0,2.653657721116267,0.20790382391865722,13.38167152293333,-6.720000000000001,5,0,1,0,0,0,8.1
1001,0.0,0.0,0.2,0.0,0.0,0.2,0.0,0.2,0.2,0.2,0.0,0.0,0.0,0.0,0.0,0.0,0.0,0.0,0.0,0.0,0.0,0.0,0.0,0.0,0.0,0.0,0.0,0.0,1.42,1.7580000000000002,2315.6,5.8,1.7249927766078694,0.2231053562781495,13.38167152293333,-9.280000000000001,5,0,1,0,0,0,7.6
1002,0.0,0.0,0.2,0.0,0.0,0.0,0.0,0.2,0.2,0.2,0.0,0.0,0.2,0.0,0.0,0.0,0.0,0.0,0.0,0.0,0.0,0.0,0.0,0.0,0.0,0.0,0.0,0.0,1.41,1.7520000000000002,2316.2000000000003,5.6000000000000005,2.653657721116267,0.22604424345689503,13.38167152293333,-8.48,5,0,1,0,0,0,7.4
1003,0.0625,0.0,0.20833333333333334,0.4166666666666667,0.0,0.20833333333333334,0.0,0.0,0.0,0.0,0.10416666666666667,0.0,0.0,0.0,0.0,0.0,0.0,0.0,0.0,0.0,0.0,0.0,0.0,0.0,0.0,0.0,0.0,0.0,1.3645833333333335,1.8214583333333336,1751.2345833333336,8.416666666666668,2.794351941637116,0.11022684154606907,11.866917719353397,-3.8454861111111116,5,0,0,0,0,1,7.8
1004,0.0625,0.0,0.20833333333333334,0.4166666666666667,0.0,0.20833333333333334,0.0,0.0,0.0,0.0,0.10416666666666667,0.0,0.0,0.0,0.0,0.0,0.0,0.0,0.0,0.0,0.0,0.0,0.0,0.0,0.0,0.0,0.0,0.0,1.3645833333333335,1.8214583333333336,1751.2345833333336,8.416666666666668,2.794351941637116,0.11022684154606907,11.866917719353397,-3.8454861111111116,5,0,0,0,0,1,7.8
1005,0.0625,0.0,0.20833333333333334,0.4166666666666667,0.0,0.20833333333333334,0.0,0.0,0.0,0.0,0.10416666666666667,0.0,0.0,0.0,0.0,0.0,0.0,0.0,0.0,0.0,0.0,0.0,0.0,0.0,0.0,0.0,0.0,0.0,1.3645833333333335,1.8214583333333336,1751.2345833333336,8.416666666666668,2.794351941637116,0.11022684154606907,11.866917719353397,-3.8454861111111116,5,0,0,0,0,1,7.8
1006,0.0625,0.0,0.20833333333333334,0.4166666666666667,0.0,0.20833333333333334,0.0,0.0,0.0,0.0,0.10416666666666667,0.0,0.0,0.0,0.0,0.0,0.0,0.0,0.0,0.0,0.0,0.0,0.0,0.0,0.0,0.0,0.0,0.0,1.3645833333333335,1.8214583333333336,1751.2345833333336,8.416666666666668,2.794351941637116,0.11022684154606907,11.866917719353397,-3.8454861111111116,5,0,0,0,0,1,7.8
1007,0.0,0.0,0.0,0.0,0.0,0.0,0.0,0.2,0.0,0.2,0.0,0.0,0.0,0.2,0.0,0.0,0.0,0.0,0.0,0.0,0.2,0.2,0.0,0.0,0.0,0.0,0.0,0.0,1.48,1.4540000000000002,2523.0,4.4,4.054054054054058,0.11825396399275587,13.38167152293333,2.7200000000000006,5,0,0,0,0,1,9.9
1008,0.0,0.0,0.0,0.0,0.0,0.0,0.0,0.2,0.0,0.2,0.0,0.0,0.0,0.2,0.0,0.0,0.0,0.0,0.0,0.0,0.2,0.2,0.0,0.0,0.0,0.0,0.0,0.0,1.48,1.4540000000000002,2523.0,4.4,4.054054054054058,0.11825396399275587,13.38167152293333,2.7200000000000006,5,0,0,0,0,1,9.9
1009,0.0,0.0,0.0,0.0,0.0,0.0,0.0,0.2,0.0,0.2,0.0,0.0,0.0,0.2,0.0,0.0,0.0,0.0,0.0,0.0,0.2,0.2,0.0,0.0,0.0,0.0,0.0,0.0,1.48,1.4540000000000002,2523.0,4.4,4.054054054054058,0.11825396399275587,13.38167152293333,2.7200000000000006,5,0,0,0,0,1,9.9
1010,0.0,0.0,0.0,0.0,0.0,0.0,0.0,0.2,0.0,0.2,0.0,0.0,0.0,0.2,0.0,0.0,0.0,0.0,0.0,0.0,0.2,0.2,0.0,0.0,0.0,0.0,0.0,0.0,1.48,1.4540000000000002,2523.0,4.4,4.054054054054058,0.11825396399275587,13.38167152293333,2.7200000000000006,5,0,0,0,0,1,9.9
1011,0.0,0.0,0.0,0.0,0.0,0.0,0.0,0.2,0.0,0.2,0.0,0.0,0.0,0.2,0.0,0.0,0.0,0.0,0.0,0.0,0.2,0.2,0.0,0.0,0.0,0.0,0.0,0.0,1.48,1.4540000000000002,2523.0,4.4,4.054054054054058,0.11825396399275587,13.38167152293333,2.7200000000000006,5,0,0,0,0,1,9.9
1012,0.0,0.0,0.0,0.0,0.0,0.0,0.0,0.2,0.0,0.2,0.0,0.0,0.0,0.2,0.0,0.0,0.0,0.0,0.0,0.0,0.2,0.2,0.0,0.0,0.0,0.0,0.0,0.0,1.48,1.4540000000000002,2523.0,4.4,4.054054054054058,0.11825396399275587,13.38167152293333,2.7200000000000006,5,0,0,0,0,1,9.9
1013,0.0,0.0,0.0,0.0,0.0,0.0,0.0,0.2,0.0,0.2,0.0,0.0,0.0,0.2,0.0,0.0,0.0,0.0,0.0,0.0,0.2,0.2,0.0,0.0,0.0,0.0,0.0,0.0,1.48,1.4540000000000002,2523.0,4.4,4.054054054054058,0.11825396399275587,13.38167152293333,2.7200000000000006,5,0,0,0,0,1,9.9
1014,0.0,0.0,0.0,0.0,0.0,0.0,0.0,0.2,0.0,0.2,0.0,0.0,0.0,0.2,0.0,0.0,0.0,0.0,0.0,0.0,0.2,0.2,0.0,0.0,0.0,0.0,0.0,0.0,1.48,1.4540000000000002,2523.0,4.4,4.054054054054058,0.11825396399275587,13.38167152293333,2.7200000000000006,5,0,0,0,0,1,9.9
1015,0.0,0.0,0.0,0.0,0.0,0.0,0.0,0.2,0.0,0.2,0.0,0.0,0.0,0.2,0.0,0.0,0.0,0.0,0.0,0.0,0.2,0.2,0.0,0.0,0.0,0.0,0.0,0.0,1.48,1.4540000000000002,2523.0,4.4,4.054054054054058,0.11825396399275587,13.38167152293333,2.7200000000000006,5,0,0,0,0,1,9.9
1016,0.0,0.0,0.0,0.0,0.0,0.0,0.0,0.2,0.0,0.2,0.0,0.0,0.0,0.2,0.0,0.0,0.0,0.0,0.0,0.0,0.2,0.2,0.0,0.0,0.0,0.0,0.0,0.0,1.48,1.4540000000000002,2523.0,4.4,4.054054054054058,0.11825396399275587,13.38167152293333,2.7200000000000006,5,0,0,0,0,1,9.9
1017,0.0,0.0,0.0,0.0,0.0,0.0,0.0,0.2,0.0,0.2,0.0,0.0,0.0,0.2,0.0,0.0,0.0,0.0,0.0,0.0,0.2,0.2,0.0,0.0,0.0,0.0,0.0,0.0,1.48,1.4540000000000002,2523.0,4.4,4.054054054054058,0.11825396399275587,13.38167152293333,2.7200000000000006,5,0,0,0,0,1,9.9
1018,0.0,0.0,0.0,0.0,0.0,0.0,0.0,0.2,0.0,0.2,0.0,0.0,0.0,0.2,0.0,0.0,0.0,0.0,0.0,0.0,0.2,0.2,0.0,0.0,0.0,0.0,0.0,0.0,1.48,1.4540000000000002,2523.0,4.4,4.054054054054058,0.11825396399275587,13.38167152293333,2.7200000000000006,5,0,0,0,0,1,9.9
1019,0.0,0.0,0.0,0.0,0.0,0.0,0.0,0.2,0.0,0.2,0.0,0.0,0.0,0.2,0.0,0.0,0.0,0.0,0.0,0.0,0.2,0.2,0.0,0.0,0.0,0.0,0.0,0.0,1.48,1.4540000000000002,2523.0,4.4,4.054054054054058,0.11825396399275587,13.38167152293333,2.7200000000000006,5,0,0,0,0,1,9.9
1020,0.0,0.0,0.0,0.0,0.0,0.0,0.0,0.2,0.0,0.2,0.0,0.0,0.0,0.2,0.0,0.0,0.0,0.0,0.0,0.0,0.2,0.2,0.0,0.0,0.0,0.0,0.0,0.0,1.48,1.4540000000000002,2523.0,4.4,4.054054054054058,0.11825396399275587,13.38167152293333,2.7200000000000006,5,0,0,0,0,1,9.9
1021,0.0,0.0,0.0,0.0,0.0,0.0,0.0,0.2,0.0,0.2,0.0,0.0,0.0,0.2,0.0,0.0,0.0,0.0,0.0,0.0,0.2,0.2,0.0,0.0,0.0,0.0,0.0,0.0,1.48,1.4540000000000002,2523.0,4.4,4.054054054054058,0.11825396399275587,13.38167152293333,2.7200000000000006,5,0,0,0,0,1,9.9
1022,0.0,0.0,0.0,0.0,0.0,0.0,0.0,0.2,0.0,0.2,0.0,0.0,0.0,0.2,0.0,0.0,0.0,0.0,0.0,0.0,0.2,0.2,0.0,0.0,0.0,0.0,0.0,0.0,1.48,1.4540000000000002,2523.0,4.4,4.054054054054058,0.11825396399275587,13.38167152293333,2.7200000000000006,5,0,0,0,0,1,9.9
1023,0.0,0.0,0.0,0.0,0.0,0.0,0.0,0.2,0.0,0.2,0.0,0.0,0.0,0.2,0.0,0.0,0.0,0.0,0.0,0.0,0.2,0.2,0.0,0.0,0.0,0.0,0.0,0.0,1.48,1.4540000000000002,2523.0,4.4,4.054054054054058,0.11825396399275587,13.38167152293333,2.7200000000000006,5,0,0,0,0,1,9.9
1024,0.0,0.0,0.0,0.0,0.0,0.0,0.0,0.2,0.0,0.2,0.0,0.0,0.0,0.2,0.0,0.0,0.0,0.0,0.0,0.0,0.2,0.2,0.0,0.0,0.0,0.0,0.0,0.0,1.48,1.4540000000000002,2523.0,4.4,4.054054054054058,0.11825396399275587,13.38167152293333,2.7200000000000006,5,0,0,0,0,1,9.9
1025,0.0,0.0,0.0,0.0,0.0,0.0,0.0,0.2,0.0,0.2,0.0,0.0,0.0,0.2,0.0,0.0,0.0,0.0,0.0,0.0,0.2,0.2,0.0,0.0,0.0,0.0,0.0,0.0,1.48,1.4540000000000002,2523.0,4.4,4.054054054054058,0.11825396399275587,13.38167152293333,2.7200000000000006,5,0,0,0,0,1,9.9
1026,0.0,0.0,0.0,0.0,0.0,0.0,0.0,0.2,0.0,0.2,0.0,0.0,0.0,0.2,0.0,0.0,0.0,0.0,0.0,0.0,0.2,0.2,0.0,0.0,0.0,0.0,0.0,0.0,1.48,1.4540000000000002,2523.0,4.4,4.054054054054058,0.11825396399275587,13.38167152293333,2.7200000000000006,5,0,0,0,0,1,9.9
1027,0.0,0.0,0.0,0.0,0.0,0.0,0.0,0.2,0.0,0.2,0.0,0.0,0.0,0.2,0.0,0.0,0.0,0.0,0.0,0.0,0.2,0.2,0.0,0.0,0.0,0.0,0.0,0.0,1.48,1.4540000000000002,2523.0,4.4,4.054054054054058,0.11825396399275587,13.38167152293333,2.7200000000000006,5,0,0,0,0,1,9.9
1028,0.0,0.0,0.0,0.0,0.0,0.0,0.0,0.2,0.0,0.2,0.0,0.0,0.0,0.2,0.0,0.0,0.0,0.0,0.0,0.0,0.2,0.2,0.0,0.0,0.0,0.0,0.0,0.0,1.48,1.4540000000000002,2523.0,4.4,4.054054054054058,0.11825396399275587,13.38167152293333,2.7200000000000006,5,0,0,0,0,1,9.9
1029,0.0,0.0,0.0,0.0,0.0,0.0,0.0,0.2,0.0,0.2,0.0,0.0,0.0,0.2,0.0,0.0,0.0,0.0,0.0,0.0,0.2,0.2,0.0,0.0,0.0,0.0,0.0,0.0,1.48,1.4540000000000002,2523.0,4.4,4.054054054054058,0.11825396399275587,13.38167152293333,2.7200000000000006,5,0,0,0,0,1,9.9
1030,0.0,0.0,0.0,0.0,0.0,0.0,0.0,0.2,0.0,0.2,0.0,0.0,0.0,0.2,0.0,0.0,0.0,0.0,0.0,0.0,0.2,0.2,0.0,0.0,0.0,0.0,0.0,0.0,1.48,1.4540000000000002,2523.0,4.4,4.054054054054058,0.11825396399275587,13.38167152293333,2.7200000000000006,5,0,0,0,0,1,9.9
1031,0.0,0.0,0.0,0.0,0.0,0.0,0.0,0.2,0.0,0.2,0.0,0.0,0.0,0.2,0.0,0.0,0.0,0.0,0.0,0.0,0.2,0.2,0.0,0.0,0.0,0.0,0.0,0.0,1.48,1.4540000000000002,2523.0,4.4,4.054054054054058,0.11825396399275587,13.38167152293333,2.7200000000000006,5,0,0,0,0,1,9.9
1032,0.0,0.0,0.0,0.0,0.0,0.0,0.0,0.2,0.0,0.2,0.0,0.0,0.0,0.2,0.0,0.0,0.0,0.0,0.0,0.0,0.2,0.2,0.0,0.0,0.0,0.0,0.0,0.0,1.48,1.4540000000000002,2523.0,4.4,4.054054054054058,0.11825396399275587,13.38167152293333,2.7200000000000006,5,0,0,0,0,1,9.9
1033,0.0,0.0,0.0,0.0,0.0,0.0,0.0,0.2,0.0,0.2,0.0,0.0,0.0,0.2,0.0,0.0,0.0,0.0,0.0,0.0,0.2,0.2,0.0,0.0,0.0,0.0,0.0,0.0,1.48,1.4540000000000002,2523.0,4.4,4.054054054054058,0.11825396399275587,13.38167152293333,2.7200000000000006,5,0,0,0,0,1,9.9
1034,0.0,0.0,0.0,0.0,0.0,0.0,0.0,0.2,0.0,0.2,0.0,0.0,0.0,0.2,0.0,0.0,0.0,0.0,0.0,0.0,0.2,0.2,0.0,0.0,0.0,0.0,0.0,0.0,1.48,1.4540000000000002,2523.0,4.4,4.054054054054058,0.11825396399275587,13.38167152293333,2.7200000000000006,5,0,0,0,0,1,9.9
1035,0.0,0.0,0.0,0.0,0.0,0.0,0.0,0.2,0.0,0.2,0.0,0.0,0.0,0.2,0.0,0.0,0.0,0.0,0.0,0.0,0.2,0.2,0.0,0.0,0.0,0.0,0.0,0.0,1.48,1.4540000000000002,2523.0,4.4,4.054054054054058,0.11825396399275587,13.38167152293333,2.7200000000000006,5,0,0,0,0,1,9.9
1036,0.0,0.0,0.0,0.0,0.0,0.0,0.0,0.2,0.0,0.2,0.0,0.0,0.0,0.2,0.0,0.0,0.0,0.0,0.0,0.0,0.2,0.2,0.0,0.0,0.0,0.0,0.0,0.0,1.48,1.4540000000000002,2523.0,4.4,4.054054054054058,0.11825396399275587,13.38167152293333,2.7200000000000006,5,0,0,0,0,1,9.9
1037,0.0,0.0,0.0,0.0,0.0,0.0,0.0,0.2,0.0,0.2,0.0,0.0,0.0,0.2,0.0,0.0,0.0,0.0,0.0,0.0,0.2,0.2,0.0,0.0,0.0,0.0,0.0,0.0,1.48,1.4540000000000002,2523.0,4.4,4.054054054054058,0.11825396399275587,13.38167152293333,2.7200000000000006,5,0,0,0,0,1,9.9
1038,0.0,0.0,0.0,0.0,0.0,0.0,0.0,0.2,0.0,0.2,0.0,0.0,0.0,0.2,0.0,0.0,0.0,0.0,0.0,0.0,0.2,0.2,0.0,0.0,0.0,0.0,0.0,0.0,1.48,1.4540000000000002,2523.0,4.4,4.054054054054058,0.11825396399275587,13.38167152293333,2.7200000000000006,5,0,0,0,0,1,9.9
1039,0.0,0.0,0.0,0.0,0.0,0.0,0.0,0.2,0.0,0.2,0.0,0.0,0.0,0.2,0.0,0.0,0.0,0.0,0.0,0.0,0.2,0.2,0.0,0.0,0.0,0.0,0.0,0.0,1.48,1.4540000000000002,2523.0,4.4,4.054054054054058,0.11825396399275587,13.38167152293333,2.7200000000000006,5,0,0,0,0,1,9.9
1040,0.0,0.0,0.0,0.0,0.0,0.0,0.0,0.2,0.0,0.2,0.0,0.0,0.0,0.2,0.0,0.0,0.0,0.0,0.0,0.0,0.2,0.2,0.0,0.0,0.0,0.0,0.0,0.0,1.48,1.4540000000000002,2523.0,4.4,4.054054054054058,0.11825396399275587,13.38167152293333,2.7200000000000006,5,0,0,0,0,1,9.9
1041,0.0,0.0,0.0,0.0,0.0,0.0,0.0,0.2,0.0,0.2,0.0,0.0,0.0,0.2,0.0,0.0,0.0,0.0,0.0,0.0,0.2,0.2,0.0,0.0,0.0,0.0,0.0,0.0,1.48,1.4540000000000002,2523.0,4.4,4.054054054054058,0.11825396399275587,13.38167152293333,2.7200000000000006,5,0,0,0,0,1,9.9
1042,0.0,0.0,0.0,0.0,0.0,0.0,0.0,0.2,0.0,0.2,0.0,0.0,0.0,0.2,0.0,0.0,0.0,0.0,0.0,0.0,0.2,0.2,0.0,0.0,0.0,0.0,0.0,0.0,1.48,1.4540000000000002,2523.0,4.4,4.054054054054058,0.11825396399275587,13.38167152293333,2.7200000000000006,5,0,0,0,0,1,9.9
1043,0.0,0.0,0.0,0.0,0.0,0.0,0.0,0.2,0.0,0.2,0.0,0.0,0.0,0.2,0.0,0.0,0.0,0.0,0.0,0.0,0.2,0.2,0.0,0.0,0.0,0.0,0.0,0.0,1.48,1.4540000000000002,2523.0,4.4,4.054054054054058,0.11825396399275587,13.38167152293333,2.7200000000000006,5,0,0,0,0,1,9.9
1044,0.0,0.0,0.0,0.0,0.0,0.0,0.0,0.2,0.0,0.2,0.0,0.0,0.0,0.2,0.0,0.0,0.0,0.0,0.0,0.0,0.2,0.2,0.0,0.0,0.0,0.0,0.0,0.0,1.48,1.4540000000000002,2523.0,4.4,4.054054054054058,0.11825396399275587,13.38167152293333,2.7200000000000006,5,0,0,0,0,1,9.9
1045,0.0,0.0,0.0,0.0,0.0,0.0,0.0,0.2,0.0,0.2,0.0,0.0,0.0,0.2,0.0,0.0,0.0,0.0,0.0,0.0,0.2,0.2,0.0,0.0,0.0,0.0,0.0,0.0,1.48,1.4540000000000002,2523.0,4.4,4.054054054054058,0.11825396399275587,13.38167152293333,2.7200000000000006,5,0,0,0,0,1,9.9
1046,0.0,0.0,0.0,0.0,0.0,0.0,0.0,0.2,0.0,0.2,0.0,0.0,0.0,0.2,0.0,0.0,0.0,0.0,0.0,0.0,0.2,0.2,0.0,0.0,0.0,0.0,0.0,0.0,1.48,1.4540000000000002,2523.0,4.4,4.054054054054058,0.11825396399275587,13.38167152293333,2.7200000000000006,5,0,0,0,0,1,9.9
1047,0.0,0.0,0.0,0.0,0.0,0.0,0.0,0.2,0.0,0.2,0.0,0.0,0.0,0.2,0.0,0.0,0.0,0.0,0.0,0.0,0.2,0.2,0.0,0.0,0.0,0.0,0.0,0.0,1.48,1.4540000000000002,2523.0,4.4,4.054054054054058,0.11825396399275587,13.38167152293333,2.7200000000000006,5,0,0,0,0,1,9.9
1048,0.0,0.0,0.0,0.0,0.0,0.0,0.0,0.2,0.0,0.2,0.0,0.0,0.0,0.2,0.0,0.0,0.0,0.0,0.0,0.0,0.2,0.2,0.0,0.0,0.0,0.0,0.0,0.0,1.48,1.4540000000000002,2523.0,4.4,4.054054054054058,0.11825396399275587,13.38167152293333,2.7200000000000006,5,0,0,0,0,1,9.9
1049,0.0,0.23255813953488372,0.23255813953488372,0.23255813953488372,0.0,0.23255813953488372,0.0,0.0,0.0,0.06976744186046512,0.0,0.0,0.0,0.0,0.0,0.0,0.0,0.0,0.0,0.0,0.0,0.0,0.0,0.0,0.0,0.0,0.0,0.0,1.3767441860465117,1.80046511627907,1876.581395348837,7.953488372093022,1.8114535970884353,0.11741307498943569,12.826056830530574,-8.891292590589508,5,0,0,0,0,1,7.8
1050,0.0,0.23255813953488372,0.23255813953488372,0.23255813953488372,0.0,0.23255813953488372,0.0,0.0,0.0,0.06976744186046512,0.0,0.0,0.0,0.0,0.0,0.0,0.0,0.0,0.0,0.0,0.0,0.0,0.0,0.0,0.0,0.0,0.0,0.0,1.3767441860465117,1.80046511627907,1876.581395348837,7.953488372093022,1.8114535970884353,0.11741307498943569,12.826056830530574,-8.891292590589508,5,0,0,0,0,1,7.8
1051,0.0,0.11614928496686433,0.2326473665852808,0.3487966515521451,0.0,0.2326473665852808,0.0,0.0,0.0,0.06975933031042902,0.0,0.0,0.0,0.0,0.0,0.0,0.0,0.0,0.0,0.0,0.0,0.0,0.0,0.0,0.0,0.0,0.0,0.0,1.3767527031740496,1.8039309382629927,1871.9710498779211,8.069410533658878,1.8113990182950315,0.12013885456389488,12.319485955330167,-9.550163759237122,5,0,0,0,0,1,7.8
1052,0.0,0.11614928496686433,0.2326473665852808,0.3487966515521451,0.0,0.2326473665852808,0.0,0.0,0.0,0.06975933031042902,0.0,0.0,0.0,0.0,0.0,0.0,0.0,0.0,0.0,0.0,0.0,0.0,0.0,0.0,0.0,0.0,0.0,0.0,1.3767527031740496,1.8039309382629927,1871.9710498779211,8.069410533658878,1.8113990182950315,0.12013885456389488,12.319485955330167,-9.550163759237122,5,0,0,0,0,1,7.8
1053,0.0,0.0,0.23255813953488372,0.46511627906976744,0.0,0.23255813953488372,0.0,0.0,0.0,0.06976744186046512,0.0,0.0,0.0,0.0,0.0,0.0,0.0,0.0,0.0,0.0,0.0,0.0,0.0,0.0,0.0,0.0,0.0,0.0,1.3767441860465117,1.8074418604651163,1867.2790697674418,8.186046511627907,1.811453597088435,0.12270389814425,10.145511605988403,-10.210924824229313,4,0,0,0,0,1,7.8
1054,0.0,0.0,0.23255813953488372,0.46511627906976744,0.0,0.23255813953488372,0.0,0.0,0.0,0.06976744186046512,0.0,0.0,0.0,0.0,0.0,0.0,0.0,0.0,0.0,0.0,0.0,0.0,0.0,0.0,0.0,0.0,0.0,0.0,1.3767441860465117,1.8074418604651163,1867.2790697674418,8.186046511627907,1.811453597088435,0.12270389814425,10.145511605988403,-10.210924824229313,4,0,0,0,0,1,7.8
1055,0.0,0.0,0.0,0.0,0.0,0.0,0.0,0.3333333333333333,0.0,0.3333333333333333,0.0,0.0,0.0,0.0,0.0,0.0,0.0,0.0,0.0,0.0,0.3333333333333333,0.0,0.0,0.0,0.0,0.0,0.0,0.0,1.4333333333333331,1.5466666666666666,2660.333333333333,4.666666666666667,1.6444343748524337,0.04109609335312655,9.134411874130997,1.3333333333333333,3,0,0,0,0,1,10.0
1056,0.0,0.0,0.0,0.0,0.0,0.0,0.0,0.3333333333333333,0.0,0.3333333333333333,0.0,0.0,0.0,0.0,0.0,0.0,0.0,0.0,0.0,0.0,0.3333333333333333,0.0,0.0,0.0,0.0,0.0,0.0,0.0,1.4333333333333331,1.5466666666666666,2660.333333333333,4.666666666666667,1.6444343748524337,0.04109609335312655,9.134411874130997,1.3333333333333333,3,0,0,0,0,1,10.0
1057,0.0,0.0,0.0,0.0,0.0,0.0,0.0,0.3333333333333333,0.0,0.3333333333333333,0.0,0.0,0.0,0.0,0.0,0.0,0.0,0.0,0.0,0.0,0.3333333333333333,0.0,0.0,0.0,0.0,0.0,0.0,0.0,1.4333333333333331,1.5466666666666666,2660.333333333333,4.666666666666667,1.6444343748524337,0.04109609335312655,9.134411874130997,1.3333333333333333,3,0,0,0,0,1,10.0
1058,0.0,0.0,0.0,0.0,0.0,0.0,0.0,0.3333333333333333,0.0,0.3333333333333333,0.0,0.0,0.0,0.0,0.0,0.0,0.0,0.0,0.0,0.0,0.3333333333333333,0.0,0.0,0.0,0.0,0.0,0.0,0.0,1.4333333333333331,1.5466666666666666,2660.333333333333,4.666666666666667,1.6444343748524337,0.04109609335312655,9.134411874130997,1.3333333333333333,3,0,0,0,0,1,10.0
1059,0.0,0.0,0.0,0.0,0.0,0.0,0.0,0.3333333333333333,0.0,0.3333333333333333,0.0,0.0,0.0,0.0,0.0,0.0,0.0,0.0,0.0,0.0,0.3333333333333333,0.0,0.0,0.0,0.0,0.0,0.0,0.0,1.4333333333333331,1.5466666666666666,2660.333333333333,4.666666666666667,1.6444343748524337,0.04109609335312655,9.134411874130997,1.3333333333333333,3,0,0,0,0,1,10.0
1060,0.0,0.0,0.0,0.0,0.0,0.0,0.0,0.3333333333333333,0.0,0.3333333333333333,0.0,0.0,0.0,0.0,0.0,0.0,0.0,0.0,0.0,0.0,0.3333333333333333,0.0,0.0,0.0,0.0,0.0,0.0,0.0,1.4333333333333331,1.5466666666666666,2660.333333333333,4.666666666666667,1.6444343748524337,0.04109609335312655,9.134411874130997,1.3333333333333333,3,0,0,0,0,1,10.0
1061,0.0,0.0,0.0,0.0,0.0,0.0,0.0,0.3333333333333333,0.0,0.3333333333333333,0.0,0.0,0.0,0.0,0.0,0.0,0.0,0.0,0.0,0.0,0.3333333333333333,0.0,0.0,0.0,0.0,0.0,0.0,0.0,1.4333333333333331,1.5466666666666666,2660.333333333333,4.666666666666667,1.6444343748524337,0.04109609335312655,9.134411874130997,1.3333333333333333,3,0,0,0,0,1,10.0
1062,0.0,0.0,0.0,0.0,0.0,0.0,0.0,0.3333333333333333,0.0,0.3333333333333333,0.0,0.0,0.0,0.0,0.0,0.0,0.0,0.0,0.0,0.0,0.3333333333333333,0.0,0.0,0.0,0.0,0.0,0.0,0.0,1.4333333333333331,1.5466666666666666,2660.333333333333,4.666666666666667,1.6444343748524337,0.04109609335312655,9.134411874130997,1.3333333333333333,3,0,0,0,0,1,10.0
1063,0.25,0.0,0.0,0.0,0.0,0.0,0.0,0.25,0.0,0.25,0.0,0.0,0.0,0.0,0.0,0.0,0.0,0.0,0.0,0.0,0.25,0.0,0.0,0.0,0.0,0.0,0.0,0.0,1.3875,1.5625,2228.6175000000003,4.25,5.907602274145945,0.04493050188902861,11.52634446553133,-16.0,4,0,1,0,0,0,8.2
1064,0.25,0.0,0.0,0.0,0.0,0.0,0.0,0.25,0.0,0.25,0.0,0.0,0.0,0.0,0.0,0.0,0.0,0.0,0.0,0.0,0.25,0.0,0.0,0.0,0.0,0.0,0.0,0.0,1.3875,1.5625,2228.6175000000003,4.25,5.907602274145945,0.04493050188902861,11.52634446553133,-16.0,4,0,1,0,0,0,8.2
1065,0.25,0.0,0.0,0.0,0.0,0.0,0.0,0.25,0.0,0.25,0.0,0.0,0.0,0.0,0.0,0.0,0.0,0.0,0.0,0.0,0.25,0.0,0.0,0.0,0.0,0.0,0.0,0.0,1.3875,1.5625,2228.6175000000003,4.25,5.907602274145945,0.04493050188902861,11.52634446553133,-16.0,4,0,1,0,0,0,8.2
1066,0.0,0.0,0.0,0.0,0.0,0.0,0.0,0.25,0.25,0.25,0.0,0.0,0.0,0.0,0.0,0.0,0.0,0.0,0.0,0.0,0.25,0.0,0.0,0.0,0.0,0.0,0.0,0.0,1.4375,1.7000000000000002,2719.25,5.0,1.5061311370164159,0.26795522013948525,11.52634446553133,-3.0,4,1,0,0,0,0,10.0
1067,0.0,0.0,0.0,0.0,0.0,0.0,0.0,0.25,0.25,0.25,0.0,0.0,0.0,0.0,0.0,0.0,0.0,0.0,0.0,0.0,0.25,0.0,0.0,0.0,0.0,0.0,0.0,0.0,1.4375,1.7000000000000002,2719.25,5.0,1.5061311370164159,0.26795522013948525,11.52634446553133,-3.0,4,1,0,0,0,0,10.0
1068,0.0,0.0,0.0,0.0,0.0,0.0,0.0,0.25,0.25,0.25,0.0,0.0,0.0,0.0,0.0,0.0,0.0,0.0,0.0,0.0,0.25,0.0,0.0,0.0,0.0,0.0,0.0,0.0,1.4375,1.7000000000000002,2719.25,5.0,1.5061311370164159,0.26795522013948525,11.52634446553133,-3.0,4,1,0,0,0,0,10.0
1069,0.0,0.0,0.0,0.0,0.0,0.0,0.0,0.25,0.25,0.25,0.0,0.0,0.0,0.0,0.0,0.0,0.0,0.0,0.0,0.0,0.25,0.0,0.0,0.0,0.0,0.0,0.0,0.0,1.4375,1.7000000000000002,2719.25,5.0,1.5061311370164159,0.26795522013948525,11.52634446553133,-3.0,4,1,0,0,0,0,10.0
1070,0.0,0.0,0.0,0.0,0.0,0.0,0.0,0.25,0.25,0.25,0.0,0.0,0.0,0.0,0.0,0.0,0.0,0.0,0.0,0.0,0.25,0.0,0.0,0.0,0.0,0.0,0.0,0.0,1.4375,1.7000000000000002,2719.25,5.0,1.5061311370164159,0.26795522013948525,11.52634446553133,-3.0,4,1,0,0,0,0,10.0
1071,0.0,0.0,0.0,0.0,0.0,0.0,0.0,0.25,0.25,0.25,0.0,0.0,0.0,0.0,0.0,0.0,0.0,0.0,0.0,0.0,0.25,0.0,0.0,0.0,0.0,0.0,0.0,0.0,1.4375,1.7000000000000002,2719.25,5.0,1.5061311370164159,0.26795522013948525,11.52634446553133,-3.0,4,1,0,0,0,0,10.0
1072,0.0,0.0,0.0,0.0,0.0,0.0,0.0,0.25,0.25,0.25,0.0,0.0,0.0,0.0,0.0,0.0,0.0,0.0,0.0,0.0,0.25,0.0,0.0,0.0,0.0,0.0,0.0,0.0,1.4375,1.7000000000000002,2719.25,5.0,1.5061311370164159,0.26795522013948525,11.52634446553133,-3.0,4,1,0,0,0,0,10.0
1073,0.0,0.0,0.0,0.0,0.0,0.0,0.0,0.25,0.25,0.25,0.0,0.0,0.0,0.0,0.0,0.0,0.0,0.0,0.0,0.0,0.25,0.0,0.0,0.0,0.0,0.0,0.0,0.0,1.4375,1.7000000000000002,2719.25,5.0,1.5061311370164159,0.26795522013948525,11.52634446553133,-3.0,4,1,0,0,0,0,10.0
1074,0.0,0.0,0.0,0.0,0.0,0.0,0.0,0.25,0.25,0.25,0.0,0.0,0.0,0.0,0.0,0.0,0.0,0.0,0.0,0.0,0.25,0.0,0.0,0.0,0.0,0.0,0.0,0.0,1.4375,1.7000000000000002,2719.25,5.0,1.5061311370164159,0.26795522013948525,11.52634446553133,-3.0,4,1,0,0,0,0,10.0
1075,0.0,0.0,0.0,0.0,0.0,0.0,0.0,0.25,0.0,0.25,0.0,0.0,0.0,0.0,0.0,0.0,0.0,0.0,0.0,0.0,0.25,0.0,0.25,0.0,0.0,0.0,0.0,0.0,1.4125,1.75,2919.0,5.0,2.9350661861552125,0.35397740040855713,11.52634446553133,-4.5,4,1,0,0,0,0,12.1
1076,0.0,0.0,0.0,0.0,0.0,0.0,0.0,0.25,0.0,0.25,0.0,0.0,0.0,0.0,0.0,0.0,0.0,0.0,0.0,0.0,0.25,0.0,0.25,0.0,0.0,0.0,0.0,0.0,1.4125,1.75,2919.0,5.0,2.9350661861552125,0.35397740040855713,11.52634446553133,-4.5,4,1,0,0,0,0,12.1
1077,0.0,0.0,0.0,0.0,0.0,0.0,0.0,0.25,0.0,0.25,0.0,0.0,0.0,0.0,0.0,0.0,0.0,0.0,0.0,0.0,0.25,0.0,0.25,0.0,0.0,0.0,0.0,0.0,1.4125,1.75,2919.0,5.0,2.9350661861552125,0.35397740040855713,11.52634446553133,-4.5,4,1,0,0,0,0,12.1
1078,0.0,0.0,0.0,0.0,0.0,0.0,0.0,0.25,0.0,0.25,0.0,0.0,0.0,0.0,0.0,0.0,0.0,0.0,0.0,0.0,0.25,0.0,0.25,0.0,0.0,0.0,0.0,0.0,1.4125,1.75,2919.0,5.0,2.9350661861552125,0.35397740040855713,11.52634446553133,-4.5,4,1,0,0,0,0,12.1
1079,0.0,0.0,0.0,0.0,0.0,0.0,0.0,0.25,0.0,0.25,0.0,0.0,0.0,0.0,0.0,0.0,0.0,0.0,0.0,0.0,0.25,0.0,0.25,0.0,0.0,0.0,0.0,0.0,1.4125,1.75,2919.0,5.0,2.9350661861552125,0.35397740040855713,11.52634446553133,-4.5,4,1,0,0,0,0,12.1
1080,0.0,0.0,0.0,0.0,0.0,0.0,0.0,0.25,0.0,0.25,0.0,0.0,0.0,0.0,0.0,0.0,0.0,0.0,0.0,0.0,0.25,0.0,0.25,0.0,0.0,0.0,0.0,0.0,1.4125,1.75,2919.0,5.0,2.9350661861552125,0.35397740040855713,11.52634446553133,-4.5,4,1,0,0,0,0,12.1
1081,0.0,0.0,0.0,0.0,0.0,0.0,0.0,0.25,0.0,0.25,0.0,0.0,0.0,0.0,0.0,0.0,0.0,0.0,0.0,0.0,0.25,0.0,0.25,0.0,0.0,0.0,0.0,0.0,1.4125,1.75,2919.0,5.0,2.9350661861552125,0.35397740040855713,11.52634446553133,-4.5,4,1,0,0,0,0,12.1
1082,0.0,0.0,0.0,0.0,0.0,0.0,0.0,0.25,0.0,0.25,0.0,0.0,0.0,0.0,0.0,0.0,0.0,0.0,0.0,0.0,0.25,0.0,0.25,0.0,0.0,0.0,0.0,0.0,1.4125,1.75,2919.0,5.0,2.9350661861552125,0.35397740040855713,11.52634446553133,-4.5,4,1,0,0,0,0,12.1
1083,0.0,0.0,0.0,0.0,0.0,0.0,0.0,0.25,0.0,0.25,0.0,0.0,0.0,0.0,0.0,0.0,0.0,0.0,0.0,0.0,0.25,0.25,0.0,0.0,0.0,0.0,0.0,0.0,1.4625,1.485,2621.75,4.5,3.725554652598865,0.11258330249197702,11.52634446553133,2.5,4,1,0,0,0,0,10.9
1084,0.0,0.0,0.0,0.0,0.0,0.0,0.0,0.25,0.0,0.25,0.0,0.0,0.0,0.0,0.0,0.0,0.0,0.0,0.0,0.0,0.25,0.25,0.0,0.0,0.0,0.0,0.0,0.0,1.4625,1.485,2621.75,4.5,3.725554652598865,0.11258330249197702,11.52634446553133,2.5,4,1,0,0,0,0,10.9
1085,0.0,0.0,0.0,0.0,0.0,0.0,0.0,0.25,0.0,0.25,0.0,0.0,0.0,0.0,0.0,0.0,0.0,0.0,0.0,0.0,0.25,0.25,0.0,0.0,0.0,0.0,0.0,0.0,1.4625,1.485,2621.75,4.5,3.725554652598865,0.11258330249197702,11.52634446553133,2.5,4,1,0,0,0,0,10.9
1086,0.0,0.0,0.0,0.0,0.0,0.0,0.0,0.25,0.0,0.25,0.0,0.0,0.0,0.0,0.0,0.0,0.0,0.0,0.0,0.0,0.25,0.25,0.0,0.0,0.0,0.0,0.0,0.0,1.4625,1.485,2621.75,4.5,3.725554652598865,0.11258330249197702,11.52634446553133,2.5,4,1,0,0,0,0,10.9
1087,0.0,0.0,0.0,0.0,0.0,0.25,0.0,0.25,0.25,0.25,0.0,0.0,0.0,0.0,0.0,0.0,0.0,0.0,0.0,0.0,0.0,0.0,0.0,0.0,0.0,0.0,0.0,0.0,1.4249999999999998,1.74,2441.75,5.25,1.7543859649122806,0.24617067250182348,11.52634446553133,-5.5,4,1,0,0,0,0,7.6
1088,0.0,0.0,0.0,0.0,0.0,0.25,0.0,0.25,0.25,0.25,0.0,0.0,0.0,0.0,0.0,0.0,0.0,0.0,0.0,0.0,0.0,0.0,0.0,0.0,0.0,0.0,0.0,0.0,1.4249999999999998,1.74,2441.75,5.25,1.7543859649122806,0.24617067250182348,11.52634446553133,-5.5,4,1,0,0,0,0,7.6
1089,0.0,0.0,0.0,0.0,0.0,0.25,0.0,0.25,0.25,0.25,0.0,0.0,0.0,0.0,0.0,0.0,0.0,0.0,0.0,0.0,0.0,0.0,0.0,0.0,0.0,0.0,0.0,0.0,1.4249999999999998,1.74,2441.75,5.25,1.7543859649122806,0.24617067250182348,11.52634446553133,-5.5,4,1,0,0,0,0,7.6
1090,0.0,0.0,0.0,0.0,0.0,0.25,0.0,0.25,0.25,0.25,0.0,0.0,0.0,0.0,0.0,0.0,0.0,0.0,0.0,0.0,0.0,0.0,0.0,0.0,0.0,0.0,0.0,0.0,1.4249999999999998,1.74,2441.75,5.25,1.7543859649122806,0.24617067250182348,11.52634446553133,-5.5,4,1,0,0,0,0,7.6
1091,0.0,0.0,0.0,0.0,0.0,0.25,0.0,0.25,0.25,0.25,0.0,0.0,0.0,0.0,0.0,0.0,0.0,0.0,0.0,0.0,0.0,0.0,0.0,0.0,0.0,0.0,0.0,0.0,1.4249999999999998,1.74,2441.75,5.25,1.7543859649122806,0.24617067250182348,11.52634446553133,-5.5,4,1,0,0,0,0,7.6
1092,0.0,0.0,0.0,0.0,0.0,0.25,0.0,0.0,0.25,0.25,0.0,0.0,0.0,0.0,0.0,0.0,0.0,0.0,0.0,0.0,0.25,0.0,0.0,0.0,0.0,0.0,0.0,0.0,1.425,1.715,2576.75,5.25,1.754385964912275,0.2635811070619441,11.52634446553133,-5.5,4,1,0,0,0,0,9.9
1093,0.0,0.0,0.0,0.0,0.0,0.25,0.0,0.0,0.25,0.25,0.0,0.0,0.0,0.0,0.0,0.0,0.0,0.0,0.0,0.0,0.25,0.0,0.0,0.0,0.0,0.0,0.0,0.0,1.425,1.715,2576.75,5.25,1.754385964912275,0.2635811070619441,11.52634446553133,-5.5,4,1,0,0,0,0,9.9
1094,0.0,0.0,0.0,0.0,0.0,0.25,0.0,0.0,0.25,0.25,0.0,0.0,0.0,0.0,0.0,0.0,0.0,0.0,0.0,0.0,0.25,0.0,0.0,0.0,0.0,0.0,0.0,0.0,1.425,1.715,2576.75,5.25,1.754385964912275,0.2635811070619441,11.52634446553133,-5.5,4,1,0,0,0,0,9.9
1095,0.0,0.0,0.0,0.0,0.0,0.25,0.0,0.0,0.25,0.25,0.0,0.0,0.0,0.0,0.0,0.0,0.0,0.0,0.0,0.0,0.25,0.0,0.0,0.0,0.0,0.0,0.0,0.0,1.425,1.715,2576.75,5.25,1.754385964912275,0.2635811070619441,11.52634446553133,-5.5,4,1,0,0,0,0,9.9
1096,0.0,0.0,0.0,0.0,0.0,0.25,0.0,0.0,0.25,0.25,0.0,0.0,0.0,0.0,0.0,0.0,0.0,0.0,0.0,0.0,0.25,0.0,0.0,0.0,0.0,0.0,0.0,0.0,1.425,1.715,2576.75,5.25,1.754385964912275,0.2635811070619441,11.52634446553133,-5.5,4,1,0,0,0,0,9.9
1097,0.0,0.0,0.0,0.0,0.0,0.25,0.0,0.0,0.25,0.25,0.0,0.0,0.0,0.0,0.0,0.0,0.0,0.0,0.0,0.0,0.25,0.0,0.0,0.0,0.0,0.0,0.0,0.0,1.425,1.715,2576.75,5.25,1.754385964912275,0.2635811070619441,11.52634446553133,-5.5,4,1,0,0,0,0,9.9
1098,0.0,0.0,0.0,0.0,0.0,0.25,0.0,0.0,0.25,0.25,0.0,0.0,0.0,0.0,0.0,0.0,0.0,0.0,0.0,0.0,0.25,0.0,0.0,0.0,0.0,0.0,0.0,0.0,1.425,1.715,2576.75,5.25,1.754385964912275,0.2635811070619441,11.52634446553133,-5.5,4,1,0,0,0,0,9.9
1099,0.0,0.0,0.0,0.0,0.0,0.25,0.0,0.0,0.25,0.25,0.0,0.0,0.0,0.0,0.0,0.0,0.0,0.0,0.0,0.0,0.25,0.0,0.0,0.0,0.0,0.0,0.0,0.0,1.425,1.715,2576.75,5.25,1.754385964912275,0.2635811070619441,11.52634446553133,-5.5,4,1,0,0,0,0,9.9
1100,0.0,0.0,0.0,0.0,0.0,0.0,0.0,0.0,0.0,0.4444444444444444,0.0,0.0,0.2222222222222222,0.2222222222222222,0.0,0.0,0.0,0.0,0.0,0.0,0.0,0.1111111111111111,0.0,0.0,0.0,0.0,0.0,0.0,1.4388888888888889,1.4866666666666666,2099.111111111111,4.222222222222222,5.621706478208899,0.1231079020841292,10.584594104574444,-1.7777777777777777,4,0,1,0,0,0,6.5
1101,0.0,0.0,0.0,0.0,0.0,0.0,0.0,0.0,0.0,0.4444444444444444,0.0,0.0,0.2222222222222222,0.2222222222222222,0.0,0.0,0.0,0.0,0.0,0.0,0.0,0.1111111111111111,0.0,0.0,0.0,0.0,0.0,0.0,1.4388888888888889,1.4866666666666666,2099.111111111111,4.222222222222222,5.621706478208899,0.1231079020841292,10.584594104574444,-1.7777777777777777,4,0,1,0,0,0,6.5
1102,0.0,0.0,0.0,0.0,0.0,0.0,0.0,0.0,0.0,0.4444444444444444,0.0,0.0,0.2222222222222222,0.2222222222222222,0.0,0.0,0.0,0.0,0.0,0.0,0.0,0.1111111111111111,0.0,0.0,0.0,0.0,0.0,0.0,1.4388888888888889,1.4866666666666666,2099.111111111111,4.222222222222222,5.621706478208899,0.1231079020841292,10.584594104574444,-1.7777777777777777,4,0,1,0,0,0,6.5
1103,0.0,0.0,0.0,0.0,0.0,0.0,0.0,0.05263157894736842,0.0,0.42105263157894735,0.0,0.0,0.21052631578947367,0.21052631578947367,0.0,0.0,0.0,0.0,0.0,0.0,0.0,0.10526315789473684,0.0,0.0,0.0,0.0,0.0,0.0,1.4394736842105262,1.4926315789473683,2133.3684210526317,4.2631578947368425,5.472259432210517,0.12246770166104405,11.741894009323689,-1.1966759002770082,5,0,1,0,0,0,6.6
1104,0.0,0.0,0.0,0.0,0.0,0.0,0.0,0.1,0.0,0.4,0.0,0.0,0.2,0.2,0.0,0.0,0.0,0.0,0.0,0.0,0.0,0.1,0.0,0.0,0.0,0.0,0.0,0.0,1.44,1.4980000000000002,2164.2000000000003,4.300000000000001,5.334128991575427,0.1216388095962797,12.229037076380196,-0.7200000000000001,5,0,1,0,0,0,6.7
1105,0.0,0.0,0.0,0.0,0.0,0.0,0.0,0.1,0.0,0.4,0.0,0.0,0.2,0.2,0.0,0.0,0.0,0.0,0.0,0.0,0.0,0.1,0.0,0.0,0.0,0.0,0.0,0.0,1.44,1.4980000000000002,2164.2000000000003,4.300000000000001,5.334128991575427,0.1216388095962797,12.229037076380196,-0.7200000000000001,5,0,1,0,0,0,6.7
1106,0.0,0.0,0.0,0.0,0.0,0.0,0.0,0.1,0.0,0.4,0.0,0.0,0.2,0.2,0.0,0.0,0.0,0.0,0.0,0.0,0.0,0.1,0.0,0.0,0.0,0.0,0.0,0.0,1.44,1.4980000000000002,2164.2000000000003,4.300000000000001,5.334128991575427,0.1216388095962797,12.229037076380196,-0.7200000000000001,5,0,1,0,0,0,6.7
1107,0.0,0.0,0.0,0.0,0.0,0.0,0.0,0.14285714285714285,0.0,0.38095238095238093,0.0,0.0,0.19047619047619047,0.19047619047619047,0.0,0.0,0.0,0.0,0.0,0.0,0.0,0.09523809523809523,0.0,0.0,0.0,0.0,0.0,0.0,1.4404761904761902,1.502857142857143,2192.095238095238,4.333333333333334,5.205955619181362,0.12067835475395926,12.482421360901355,-0.3265306122448979,5,0,1,0,0,0,6.8
1108,0.0,0.0,0.0,0.0,0.0,0.0,0.0,0.18181818181818182,0.0,0.36363636363636365,0.0,0.0,0.18181818181818182,0.18181818181818182,0.0,0.0,0.0,0.0,0.0,0.0,0.0,0.09090909090909091,0.0,0.0,0.0,0.0,0.0,0.0,1.4409090909090907,1.5072727272727273,2217.4545454545455,4.363636363636363,5.086597948453346,0.11962752108797074,12.602353767616663,-1.1102230246251565e-16,5,0,1,0,0,0,6.9
1109,0.0,0.0,0.0,0.0,0.0,0.0,0.0,0.18181818181818182,0.0,0.36363636363636365,0.0,0.0,0.18181818181818182,0.18181818181818182,0.0,0.0,0.0,0.0,0.0,0.0,0.0,0.09090909090909091,0.0,0.0,0.0,0.0,0.0,0.0,1.4409090909090907,1.5072727272727273,2217.4545454545455,4.363636363636363,5.086597948453346,0.11962752108797074,12.602353767616663,-1.1102230246251565e-16,5,0,1,0,0,0,6.9
1110,0.0,0.0,0.0,0.0,0.0,0.0,0.0,0.18181818181818182,0.0,0.36363636363636365,0.0,0.0,0.18181818181818182,0.18181818181818182,0.0,0.0,0.0,0.0,0.0,0.0,0.0,0.09090909090909091,0.0,0.0,0.0,0.0,0.0,0.0,1.4409090909090907,1.5072727272727273,2217.4545454545455,4.363636363636363,5.086597948453346,0.11962752108797074,12.602353767616663,-1.1102230246251565e-16,5,0,1,0,0,0,6.9
1111,0.0,0.0,0.2,0.2,0.0,0.2,0.2,0.0,0.0,0.0,0.2,0.0,0.0,0.0,0.0,0.0,0.0,0.0,0.0,0.0,0.0,0.0,0.0,0.0,0.0,0.0,0.0,0.0,1.3800000000000001,1.77,1719.1540000000002,8.4,1.7749925672341786,0.14184498581197713,13.38167152293333,2.72,5,0,0,0,0,1,8.1
1112,0.0,0.0,0.2,0.2,0.0,0.2,0.2,0.0,0.0,0.0,0.2,0.0,0.0,0.0,0.0,0.0,0.0,0.0,0.0,0.0,0.0,0.0,0.0,0.0,0.0,0.0,0.0,0.0,1.3800000000000001,1.77,1719.1540000000002,8.4,1.7749925672341786,0.14184498581197713,13.38167152293333,2.72,5,0,0,0,0,1,8.1
1113,0.0,0.0,0.2,0.2,0.0,0.2,0.2,0.0,0.0,0.0,0.2,0.0,0.0,0.0,0.0,0.0,0.0,0.0,0.0,0.0,0.0,0.0,0.0,0.0,0.0,0.0,0.0,0.0,1.3800000000000001,1.77,1719.1540000000002,8.4,1.7749925672341786,0.14184498581197713,13.38167152293333,2.72,5,0,0,0,0,1,8.1
1114,0.0,0.0,0.2,0.2,0.0,0.2,0.2,0.0,0.0,0.0,0.2,0.0,0.0,0.0,0.0,0.0,0.0,0.0,0.0,0.0,0.0,0.0,0.0,0.0,0.0,0.0,0.0,0.0,1.3800000000000001,1.77,1719.1540000000002,8.4,1.7749925672341786,0.14184498581197713,13.38167152293333,2.72,5,0,0,0,0,1,8.1
1115,0.0,0.0,0.2,0.2,0.0,0.2,0.2,0.0,0.0,0.0,0.2,0.0,0.0,0.0,0.0,0.0,0.0,0.0,0.0,0.0,0.0,0.0,0.0,0.0,0.0,0.0,0.0,0.0,1.3800000000000001,1.77,1719.1540000000002,8.4,1.7749925672341786,0.14184498581197713,13.38167152293333,2.72,5,0,0,0,0,1,8.1
1116,0.0,0.0,0.2,0.2,0.0,0.2,0.2,0.0,0.0,0.0,0.2,0.0,0.0,0.0,0.0,0.0,0.0,0.0,0.0,0.0,0.0,0.0,0.0,0.0,0.0,0.0,0.0,0.0,1.3800000000000001,1.77,1719.1540000000002,8.4,1.7749925672341786,0.14184498581197713,13.38167152293333,2.72,5,0,0,0,0,1,8.1
1117,0.0,0.18866428854538247,0.18866428854538247,0.3963535473642489,0.0,0.18866428854538247,0.0,0.037653586999603646,0.0,0.0,0.0,0.0,0.0,0.0,0.0,0.0,0.0,0.0,0.0,0.0,0.0,0.0,0.0,0.0,0.0,0.0,0.0,0.0,1.3726317875544984,1.830408244153785,1874.9639318271898,8.491082045184305,2.0704278557579947,0.10223712365107956,11.924974516697684,-6.7011027677354065,5,0,1,0,0,0,8.3
1118,0.0,0.18181818181818182,0.18181818181818182,0.38197097020626436,0.0,0.18181818181818182,0.0,0.07257448433919023,0.0,0.0,0.0,0.0,0.0,0.0,0.0,0.0,0.0,0.0,0.0,0.0,0.0,0.0,0.0,0.0,0.0,0.0,0.0,0.0,1.3754392666157373,1.8220473644003057,1906.7165775401072,8.364400305576776,2.284896823597621,0.10922294139498638,12.370718024797837,-9.153632867828708,5,0,1,0,0,0,8.4
1119,0.0,0.18866428854538247,0.18866428854538247,0.3963535473642489,0.0,0.18866428854538247,0.0,0.037653586999603646,0.0,0.0,0.0,0.0,0.0,0.0,0.0,0.0,0.0,0.0,0.0,0.0,0.0,0.0,0.0,0.0,0.0,0.0,0.0,0.0,1.3726317875544984,1.830408244153785,1874.9639318271898,8.491082045184305,2.0704278557579947,0.10223712365107956,11.924974516697684,-6.7011027677354065,5,1,0,0,0,0,8.3
1120,0.0,0.18181818181818182,0.18181818181818182,0.38197097020626436,0.0,0.18181818181818182,0.0,0.07257448433919023,0.0,0.0,0.0,0.0,0.0,0.0,0.0,0.0,0.0,0.0,0.0,0.0,0.0,0.0,0.0,0.0,0.0,0.0,0.0,0.0,1.3754392666157373,1.8220473644003057,1906.7165775401072,8.364400305576776,2.284896823597621,0.10922294139498638,12.370718024797837,-9.153632867828708,5,1,0,0,0,0,8.4
1121,0.0,0.19790223629527015,0.19790223629527015,0.19790223629527015,0.0,0.19790223629527015,0.19790223629527015,0.0,0.0,0.0,0.0,0.010488818523649317,0.0,0.0,0.0,0.0,0.0,0.0,0.0,0.0,0.0,0.0,0.0,0.0,0.0,0.0,0.0,0.0,1.3728676034039187,1.7742232337225412,1822.1650504650704,7.9580447259054035,5.34910508921214,0.15913075040293093,13.725515459071783,-6.215375676056638,6,1,0,0,0,0,8.0
1122,0.0,0.19790223629527015,0.19790223629527015,0.19790223629527015,0.0,0.19790223629527015,0.19790223629527015,0.0,0.0,0.0,0.0,0.010488818523649317,0.0,0.0,0.0,0.0,0.0,0.0,0.0,0.0,0.0,0.0,0.0,0.0,0.0,0.0,0.0,0.0,1.3728676034039187,1.7742232337225412,1822.1650504650704,7.9580447259054035,5.34910508921214,0.15913075040293093,13.725515459071783,-6.215375676056638,6,1,0,0,0,0,8.0
1123,0.2,0.2,0.2,0.2,0.0,0.2,0.0,0.0,0.0,0.0,0.0,0.0,0.0,0.0,0.0,0.0,0.0,0.0,0.0,0.0,0.0,0.0,0.0,0.0,0.0,0.0,0.0,0.0,1.35,1.778,1684.094,7.2,4.057204129667899,0.12056533498481224,13.38167152293333,-12.320000000000002,5,0,0,0,1,0,6.7
1124,0.2,0.2,0.2,0.2,0.0,0.2,0.0,0.0,0.0,0.0,0.0,0.0,0.0,0.0,0.0,0.0,0.0,0.0,0.0,0.0,0.0,0.0,0.0,0.0,0.0,0.0,0.0,0.0,1.35,1.778,1684.094,7.2,4.057204129667899,0.12056533498481224,13.38167152293333,-12.320000000000002,5,0,0,0,1,0,6.7
1125,0.2,0.2,0.2,0.2,0.0,0.2,0.0,0.0,0.0,0.0,0.0,0.0,0.0,0.0,0.0,0.0,0.0,0.0,0.0,0.0,0.0,0.0,0.0,0.0,0.0,0.0,0.0,0.0,1.35,1.778,1684.094,7.2,4.057204129667899,0.12056533498481224,13.38167152293333,-12.320000000000002,5,0,0,0,1,0,6.7
1126,0.0,0.0,0.0,0.0,0.0,0.2,0.0,0.2,0.2,0.2,0.0,0.0,0.0,0.0,0.0,0.0,0.0,0.0,0.0,0.0,0.0,0.0,0.2,0.0,0.0,0.0,0.0,0.0,1.41,1.864,2692.4,5.4,2.653657721116267,0.33163835725078605,13.38167152293333,-5.6000000000000005,5,0,0,0,1,0,9.9
1127,0.0,0.0,0.0,0.0,0.0,0.2,0.0,0.2,0.2,0.2,0.0,0.0,0.0,0.0,0.0,0.0,0.0,0.0,0.0,0.0,0.0,0.0,0.2,0.0,0.0,0.0,0.0,0.0,1.41,1.864,2692.4,5.4,2.653657721116267,0.33163835725078605,13.38167152293333,-5.6000000000000005,5,0,0,0,1,0,9.9
1128,0.0,0.0,0.0,0.0,0.0,0.2,0.0,0.2,0.2,0.2,0.0,0.0,0.0,0.0,0.0,0.0,0.0,0.0,0.0,0.0,0.0,0.0,0.2,0.0,0.0,0.0,0.0,0.0,1.41,1.864,2692.4,5.4,2.653657721116267,0.33163835725078605,13.38167152293333,-5.6000000000000005,5,0,0,0,1,0,9.9
1129,0.0,0.0,0.0,0.0,0.0,0.2,0.0,0.2,0.2,0.2,0.0,0.0,0.0,0.0,0.0,0.0,0.0,0.0,0.0,0.0,0.0,0.0,0.2,0.0,0.0,0.0,0.0,0.0,1.41,1.864,2692.4,5.4,2.653657721116267,0.33163835725078605,13.38167152293333,-5.6000000000000005,5,0,0,0,1,0,9.9
1130,0.0,0.0,0.0,0.0,0.0,0.2,0.0,0.2,0.2,0.2,0.0,0.0,0.0,0.0,0.0,0.0,0.0,0.0,0.0,0.0,0.0,0.0,0.2,0.0,0.0,0.0,0.0,0.0,1.41,1.864,2692.4,5.4,2.653657721116267,0.33163835725078605,13.38167152293333,-5.6000000000000005,5,0,0,0,1,0,9.9
1131,0.2,0.2,0.2,0.2,0.0,0.2,0.0,0.0,0.0,0.0,0.0,0.0,0.0,0.0,0.0,0.0,0.0,0.0,0.0,0.0,0.0,0.0,0.0,0.0,0.0,0.0,0.0,0.0,1.35,1.778,1684.094,7.2,4.057204129667899,0.12056533498481224,13.38167152293333,-12.320000000000002,5,0,0,0,1,0,6.7
1132,0.2,0.2,0.2,0.2,0.0,0.2,0.0,0.0,0.0,0.0,0.0,0.0,0.0,0.0,0.0,0.0,0.0,0.0,0.0,0.0,0.0,0.0,0.0,0.0,0.0,0.0,0.0,0.0,1.35,1.778,1684.094,7.2,4.057204129667899,0.12056533498481224,13.38167152293333,-12.320000000000002,5,0,0,0,1,0,6.7
1133,0.2,0.2,0.2,0.2,0.0,0.2,0.0,0.0,0.0,0.0,0.0,0.0,0.0,0.0,0.0,0.0,0.0,0.0,0.0,0.0,0.0,0.0,0.0,0.0,0.0,0.0,0.0,0.0,1.35,1.778,1684.094,7.2,4.057204129667899,0.12056533498481224,13.38167152293333,-12.320000000000002,5,0,0,0,1,0,6.7
1134,0.2,0.2,0.2,0.2,0.0,0.2,0.0,0.0,0.0,0.0,0.0,0.0,0.0,0.0,0.0,0.0,0.0,0.0,0.0,0.0,0.0,0.0,0.0,0.0,0.0,0.0,0.0,0.0,1.35,1.778,1684.094,7.2,4.057204129667899,0.12056533498481224,13.38167152293333,-12.320000000000002,5,0,0,0,1,0,6.7
1135,0.2,0.2,0.2,0.2,0.0,0.2,0.0,0.0,0.0,0.0,0.0,0.0,0.0,0.0,0.0,0.0,0.0,0.0,0.0,0.0,0.0,0.0,0.0,0.0,0.0,0.0,0.0,0.0,1.35,1.778,1684.094,7.2,4.057204129667899,0.12056533498481224,13.38167152293333,-12.320000000000002,5,0,0,0,1,0,6.7
1136,0.2,0.2,0.2,0.2,0.0,0.2,0.0,0.0,0.0,0.0,0.0,0.0,0.0,0.0,0.0,0.0,0.0,0.0,0.0,0.0,0.0,0.0,0.0,0.0,0.0,0.0,0.0,0.0,1.35,1.778,1684.094,7.2,4.057204129667899,0.12056533498481224,13.38167152293333,-12.320000000000002,5,0,0,0,1,0,6.7
1137,0.2,0.2,0.2,0.2,0.0,0.2,0.0,0.0,0.0,0.0,0.0,0.0,0.0,0.0,0.0,0.0,0.0,0.0,0.0,0.0,0.0,0.0,0.0,0.0,0.0,0.0,0.0,0.0,1.35,1.778,1684.094,7.2,4.057204129667899,0.12056533498481224,13.38167152293333,-12.320000000000002,5,0,0,0,1,0,6.7
1138,0.2,0.2,0.2,0.2,0.0,0.2,0.0,0.0,0.0,0.0,0.0,0.0,0.0,0.0,0.0,0.0,0.0,0.0,0.0,0.0,0.0,0.0,0.0,0.0,0.0,0.0,0.0,0.0,1.35,1.778,1684.094,7.2,4.057204129667899,0.12056533498481224,13.38167152293333,-12.320000000000002,5,0,0,0,1,0,6.7
1139,0.2,0.2,0.2,0.2,0.0,0.2,0.0,0.0,0.0,0.0,0.0,0.0,0.0,0.0,0.0,0.0,0.0,0.0,0.0,0.0,0.0,0.0,0.0,0.0,0.0,0.0,0.0,0.0,1.35,1.778,1684.094,7.2,4.057204129667899,0.12056533498481224,13.38167152293333,-12.320000000000002,5,0,0,0,1,0,6.7
1140,0.2,0.2,0.2,0.2,0.0,0.2,0.0,0.0,0.0,0.0,0.0,0.0,0.0,0.0,0.0,0.0,0.0,0.0,0.0,0.0,0.0,0.0,0.0,0.0,0.0,0.0,0.0,0.0,1.35,1.778,1684.094,7.2,4.057204129667899,0.12056533498481224,13.38167152293333,-12.320000000000002,5,0,0,0,1,0,6.7
1141,0.0,0.1,0.4,0.0,0.0,0.1,0.4,0.0,0.0,0.0,0.0,0.0,0.0,0.0,0.0,0.0,0.0,0.0,0.0,0.0,0.0,0.0,0.0,0.0,0.0,0.0,0.0,0.0,1.395,1.7060000000000002,1726.8000000000002,7.5,1.075268817204298,0.13828955130450024,9.92376818327393,-0.9600000000000001,4,0,1,0,0,0,7.7
1142,0.0,0.1,0.4,0.0,0.0,0.1,0.4,0.0,0.0,0.0,0.0,0.0,0.0,0.0,0.0,0.0,0.0,0.0,0.0,0.0,0.0,0.0,0.0,0.0,0.0,0.0,0.0,0.0,1.395,1.7060000000000002,1726.8000000000002,7.5,1.075268817204298,0.13828955130450024,9.92376818327393,-0.9600000000000001,4,0,1,0,0,0,7.7
1143,0.0,0.1,0.4,0.0,0.0,0.1,0.4,0.0,0.0,0.0,0.0,0.0,0.0,0.0,0.0,0.0,0.0,0.0,0.0,0.0,0.0,0.0,0.0,0.0,0.0,0.0,0.0,0.0,1.395,1.7060000000000002,1726.8000000000002,7.5,1.075268817204298,0.13828955130450024,9.92376818327393,-0.9600000000000001,4,0,0,0,0,1,7.7
1144,0.0,0.1,0.4,0.0,0.0,0.1,0.4,0.0,0.0,0.0,0.0,0.0,0.0,0.0,0.0,0.0,0.0,0.0,0.0,0.0,0.0,0.0,0.0,0.0,0.0,0.0,0.0,0.0,1.395,1.7060000000000002,1726.8000000000002,7.5,1.075268817204298,0.13828955130450024,9.92376818327393,-0.9600000000000001,4,0,0,0,0,1,7.7
1145,0.0,0.1,0.4,0.0,0.0,0.1,0.4,0.0,0.0,0.0,0.0,0.0,0.0,0.0,0.0,0.0,0.0,0.0,0.0,0.0,0.0,0.0,0.0,0.0,0.0,0.0,0.0,0.0,1.395,1.7060000000000002,1726.8000000000002,7.5,1.075268817204298,0.13828955130450024,9.92376818327393,-0.9600000000000001,4,0,0,0,0,1,7.7
1146,0.0,0.1,0.4,0.0,0.0,0.1,0.4,0.0,0.0,0.0,0.0,0.0,0.0,0.0,0.0,0.0,0.0,0.0,0.0,0.0,0.0,0.0,0.0,0.0,0.0,0.0,0.0,0.0,1.395,1.7060000000000002,1726.8000000000002,7.5,1.075268817204298,0.13828955130450024,9.92376818327393,-0.9600000000000001,4,0,0,0,0,1,7.7
1147,0.0,0.2,0.2,0.2,0.0,0.2,0.2,0.0,0.0,0.0,0.0,0.0,0.0,0.0,0.0,0.0,0.0,0.0,0.0,0.0,0.0,0.0,0.0,0.0,0.0,0.0,0.0,0.0,1.3800000000000001,1.766,1801.2,8.0,1.7749925672341786,0.1383618444514238,13.38167152293333,-4.16,5,0,0,0,0,1,8.0
1148,0.0,0.19677292404565128,0.19677292404565128,0.19677292404565128,0.0,0.19677292404565128,0.19677292404565128,0.008067689885871704,0.0,0.0,0.0,0.008067689885871704,0.0,0.0,0.0,0.0,0.0,0.0,0.0,0.0,0.0,0.0,0.0,0.0,0.0,0.0,0.0,0.0,1.375078709169618,1.7709858323494685,1824.9803227075952,7.943526170798897,4.788766341398847,0.15489161701789467,13.945447267474686,-6.2123964309217055,7,0,0,0,0,1,8.0
1149,0.125,0.0,0.0,0.0,0.0,0.0,0.0,0.25,0.0,0.25,0.0,0.0,0.0,0.25,0.0,0.0,0.0,0.0,0.0,0.0,0.125,0.0,0.0,0.0,0.0,0.0,0.0,0.0,1.4375,1.50625,2232.68375,4.25,6.209937763950305,0.10769604217426006,12.967137523722748,-10.6875,5,0,0,0,0,1,7.3
1150,0.125,0.0,0.0,0.0,0.0,0.0,0.0,0.25,0.0,0.25,0.0,0.0,0.0,0.25,0.0,0.0,0.0,0.0,0.0,0.0,0.125,0.0,0.0,0.0,0.0,0.0,0.0,0.0,1.4375,1.50625,2232.68375,4.25,6.209937763950305,0.10769604217426006,12.967137523722748,-10.6875,5,0,0,0,1,0,7.3
1151,0.125,0.0,0.0,0.0,0.0,0.0,0.0,0.25,0.0,0.25,0.0,0.0,0.0,0.25,0.0,0.0,0.0,0.0,0.0,0.0,0.125,0.0,0.0,0.0,0.0,0.0,0.0,0.0,1.4375,1.50625,2232.68375,4.25,6.209937763950305,0.10769604217426006,12.967137523722748,-10.6875,5,0,0,0,0,1,7.3
1152,0.125,0.0,0.0,0.0,0.0,0.0,0.0,0.25,0.0,0.25,0.0,0.0,0.0,0.25,0.0,0.0,0.0,0.0,0.0,0.0,0.125,0.0,0.0,0.0,0.0,0.0,0.0,0.0,1.4375,1.50625,2232.68375,4.25,6.209937763950305,0.10769604217426006,12.967137523722748,-10.6875,5,0,0,0,0,1,7.3
1153,0.125,0.0,0.0,0.0,0.0,0.0,0.0,0.25,0.0,0.25,0.0,0.0,0.0,0.25,0.0,0.0,0.0,0.0,0.0,0.0,0.125,0.0,0.0,0.0,0.0,0.0,0.0,0.0,1.4375,1.50625,2232.68375,4.25,6.209937763950305,0.10769604217426006,12.967137523722748,-10.6875,5,0,0,0,0,1,7.3
1154,0.125,0.0,0.0,0.0,0.0,0.0,0.0,0.25,0.0,0.25,0.0,0.0,0.0,0.25,0.0,0.0,0.0,0.0,0.0,0.0,0.125,0.0,0.0,0.0,0.0,0.0,0.0,0.0,1.4375,1.50625,2232.68375,4.25,6.209937763950305,0.10769604217426006,12.967137523722748,-10.6875,5,0,0,0,0,1,7.3
1155,0.0,0.0,0.0,0.0,0.0,0.0,0.0,0.25,0.25,0.0,0.0,0.0,0.0,0.0,0.0,0.0,0.0,0.0,0.0,0.0,0.25,0.0,0.25,0.0,0.0,0.0,0.0,0.0,1.4249999999999998,1.9049999999999998,3157.75,5.5,3.0386856273138148,0.3636963018783666,11.52634446553133,-6.5,4,0,0,0,1,0,13.7
1156,0.0,0.0,0.0,0.0,0.058823529411764705,0.0,0.0,0.23529411764705882,0.23529411764705882,0.0,0.0,0.0,0.0,0.0,0.0,0.0,0.0,0.0,0.0,0.0,0.23529411764705882,0.0,0.23529411764705882,0.0,0.0,0.0,0.0,0.0,1.4058823529411764,1.904705882352941,3071.2352941176473,5.411764705882352,6.206023838573778,0.35283920095434945,12.70842814630239,-15.612456747404845,5,0,0,0,1,0,12.9
1157,0.0,0.0,0.0,0.0,0.1111111111111111,0.0,0.0,0.2222222222222222,0.2222222222222222,0.0,0.0,0.0,0.0,0.0,0.0,0.0,0.0,0.0,0.0,0.0,0.2222222222222222,0.0,0.2222222222222222,0.0,0.0,0.0,0.0,0.0,1.3888888888888888,1.9044444444444444,2994.333333333333,5.333333333333333,7.919595949289332,0.3428997621952809,13.146003985803628,-22.716049382716044,5,0,0,0,1,0,12.2
1158,0.0,0.0,0.0,0.0,0.15789473684210525,0.0,0.0,0.21052631578947367,0.21052631578947367,0.0,0.0,0.0,0.0,0.0,0.0,0.0,0.0,0.0,0.0,0.0,0.21052631578947367,0.0,0.21052631578947367,0.0,0.0,0.0,0.0,0.0,1.3736842105263158,1.9042105263157891,2925.5263157894738,5.2631578947368425,9.099112710373884,0.3337555958840743,13.332866993811251,-28.277008310249304,5,0,0,0,1,0,11.6
1159,0.0,0.0,0.0,0.0,0.0,0.0,0.0,0.25,0.25,0.0,0.0,0.0,0.0,0.0,0.0,0.0,0.0,0.0,0.0,0.0,0.25,0.0,0.25,0.0,0.0,0.0,0.0,0.0,1.4249999999999998,1.9049999999999998,3157.75,5.5,3.0386856273138148,0.3636963018783666,11.52634446553133,-6.5,4,0,0,0,1,0,13.7
1160,0.0,0.0,0.0,0.0,0.058823529411764705,0.0,0.0,0.23529411764705882,0.23529411764705882,0.0,0.0,0.0,0.0,0.0,0.0,0.0,0.0,0.0,0.0,0.0,0.23529411764705882,0.0,0.23529411764705882,0.0,0.0,0.0,0.0,0.0,1.4058823529411764,1.904705882352941,3071.2352941176473,5.411764705882352,6.206023838573778,0.35283920095434945,12.70842814630239,-15.612456747404845,5,0,0,0,1,0,12.9
1161,0.0,0.0,0.0,0.0,0.1111111111111111,0.0,0.0,0.2222222222222222,0.2222222222222222,0.0,0.0,0.0,0.0,0.0,0.0,0.0,0.0,0.0,0.0,0.0,0.2222222222222222,0.0,0.2222222222222222,0.0,0.0,0.0,0.0,0.0,1.3888888888888888,1.9044444444444444,2994.333333333333,5.333333333333333,7.919595949289332,0.3428997621952809,13.146003985803628,-22.716049382716044,5,0,0,0,1,0,12.2
1162,0.0,0.0,0.0,0.0,0.15789473684210525,0.0,0.0,0.21052631578947367,0.21052631578947367,0.0,0.0,0.0,0.0,0.0,0.0,0.0,0.0,0.0,0.0,0.0,0.21052631578947367,0.0,0.21052631578947367,0.0,0.0,0.0,0.0,0.0,1.3736842105263158,1.9042105263157891,2925.5263157894738,5.2631578947368425,9.099112710373884,0.3337555958840743,13.332866993811251,-28.277008310249304,5,0,0,0,1,0,11.6
1163,0.0,0.0,0.0,0.0,0.0,0.0,0.0,0.25,0.25,0.0,0.0,0.0,0.0,0.0,0.0,0.0,0.0,0.0,0.0,0.0,0.25,0.0,0.25,0.0,0.0,0.0,0.0,0.0,1.4249999999999998,1.9049999999999998,3157.75,5.5,3.0386856273138148,0.3636963018783666,11.52634446553133,-6.5,4,0,0,0,1,0,13.7
1164,0.0,0.0,0.0,0.0,0.058823529411764705,0.0,0.0,0.23529411764705882,0.23529411764705882,0.0,0.0,0.0,0.0,0.0,0.0,0.0,0.0,0.0,0.0,0.0,0.23529411764705882,0.0,0.23529411764705882,0.0,0.0,0.0,0.0,0.0,1.4058823529411764,1.904705882352941,3071.2352941176473,5.411764705882352,6.206023838573778,0.35283920095434945,12.70842814630239,-15.612456747404845,5,0,0,0,1,0,12.9
1165,0.0,0.0,0.0,0.0,0.1111111111111111,0.0,0.0,0.2222222222222222,0.2222222222222222,0.0,0.0,0.0,0.0,0.0,0.0,0.0,0.0,0.0,0.0,0.0,0.2222222222222222,0.0,0.2222222222222222,0.0,0.0,0.0,0.0,0.0,1.3888888888888888,1.9044444444444444,2994.333333333333,5.333333333333333,7.919595949289332,0.3428997621952809,13.146003985803628,-22.716049382716044,5,0,0,0,1,0,12.2
1166,0.0,0.0,0.0,0.0,0.15789473684210525,0.0,0.0,0.21052631578947367,0.21052631578947367,0.0,0.0,0.0,0.0,0.0,0.0,0.0,0.0,0.0,0.0,0.0,0.21052631578947367,0.0,0.21052631578947367,0.0,0.0,0.0,0.0,0.0,1.3736842105263158,1.9042105263157891,2925.5263157894738,5.2631578947368425,9.099112710373884,0.3337555958840743,13.332866993811251,-28.277008310249304,5,0,0,0,1,0,11.6
1167,0.0,0.0,0.0,0.0,0.0,0.0,0.0,0.25,0.25,0.0,0.0,0.0,0.0,0.0,0.0,0.0,0.0,0.0,0.0,0.0,0.25,0.0,0.25,0.0,0.0,0.0,0.0,0.0,1.4249999999999998,1.9049999999999998,3157.75,5.5,3.0386856273138148,0.3636963018783666,11.52634446553133,-6.5,4,0,0,0,1,0,13.7
1168,0.0,0.0,0.0,0.0,0.058823529411764705,0.0,0.0,0.23529411764705882,0.23529411764705882,0.0,0.0,0.0,0.0,0.0,0.0,0.0,0.0,0.0,0.0,0.0,0.23529411764705882,0.0,0.23529411764705882,0.0,0.0,0.0,0.0,0.0,1.4058823529411764,1.904705882352941,3071.2352941176473,5.411764705882352,6.206023838573778,0.35283920095434945,12.70842814630239,-15.612456747404845,5,0,0,0,1,0,12.9
1169,0.0,0.0,0.0,0.0,0.1111111111111111,0.0,0.0,0.2222222222222222,0.2222222222222222,0.0,0.0,0.0,0.0,0.0,0.0,0.0,0.0,0.0,0.0,0.0,0.2222222222222222,0.0,0.2222222222222222,0.0,0.0,0.0,0.0,0.0,1.3888888888888888,1.9044444444444444,2994.333333333333,5.333333333333333,7.919595949289332,0.3428997621952809,13.146003985803628,-22.716049382716044,5,0,0,0,1,0,12.2
1170,0.0,0.0,0.0,0.0,0.15789473684210525,0.0,0.0,0.21052631578947367,0.21052631578947367,0.0,0.0,0.0,0.0,0.0,0.0,0.0,0.0,0.0,0.0,0.0,0.21052631578947367,0.0,0.21052631578947367,0.0,0.0,0.0,0.0,0.0,1.3736842105263158,1.9042105263157891,2925.5263157894738,5.2631578947368425,9.099112710373884,0.3337555958840743,13.332866993811251,-28.277008310249304,5,0,0,0,1,0,11.6
1171,0.0,0.0,0.0,0.0,0.0,0.0,0.0,0.25,0.25,0.0,0.0,0.0,0.0,0.0,0.0,0.0,0.0,0.0,0.0,0.0,0.25,0.0,0.25,0.0,0.0,0.0,0.0,0.0,1.4249999999999998,1.9049999999999998,3157.75,5.5,3.0386856273138148,0.3636963018783666,11.52634446553133,-6.5,4,0,0,0,1,0,13.7
1172,0.0,0.0,0.0,0.0,0.058823529411764705,0.0,0.0,0.23529411764705882,0.23529411764705882,0.0,0.0,0.0,0.0,0.0,0.0,0.0,0.0,0.0,0.0,0.0,0.23529411764705882,0.0,0.23529411764705882,0.0,0.0,0.0,0.0,0.0,1.4058823529411764,1.904705882352941,3071.2352941176473,5.411764705882352,6.206023838573778,0.35283920095434945,12.70842814630239,-15.612456747404845,5,0,0,0,1,0,12.9
1173,0.0,0.0,0.0,0.0,0.1111111111111111,0.0,0.0,0.2222222222222222,0.2222222222222222,0.0,0.0,0.0,0.0,0.0,0.0,0.0,0.0,0.0,0.0,0.0,0.2222222222222222,0.0,0.2222222222222222,0.0,0.0,0.0,0.0,0.0,1.3888888888888888,1.9044444444444444,2994.333333333333,5.333333333333333,7.919595949289332,0.3428997621952809,13.146003985803628,-22.716049382716044,5,0,0,0,1,0,12.2
1174,0.0,0.0,0.0,0.0,0.15789473684210525,0.0,0.0,0.21052631578947367,0.21052631578947367,0.0,0.0,0.0,0.0,0.0,0.0,0.0,0.0,0.0,0.0,0.0,0.21052631578947367,0.0,0.21052631578947367,0.0,0.0,0.0,0.0,0.0,1.3736842105263158,1.9042105263157891,2925.5263157894738,5.2631578947368425,9.099112710373884,0.3337555958840743,13.332866993811251,-28.277008310249304,5,0,0,0,1,0,11.6
1175,0.0,0.0,0.0,0.0,0.15789473684210525,0.0,0.0,0.21052631578947367,0.21052631578947367,0.0,0.0,0.0,0.0,0.0,0.0,0.0,0.0,0.0,0.0,0.0,0.21052631578947367,0.0,0.21052631578947367,0.0,0.0,0.0,0.0,0.0,1.3736842105263158,1.9042105263157891,2925.5263157894738,5.2631578947368425,9.099112710373884,0.3337555958840743,13.332866993811251,-28.277008310249304,5,0,0,0,1,0,11.6
1176,0.0,0.2,0.2,0.2,0.0,0.2,0.2,0.0,0.0,0.0,0.0,0.0,0.0,0.0,0.0,0.0,0.0,0.0,0.0,0.0,0.0,0.0,0.0,0.0,0.0,0.0,0.0,0.0,1.3800000000000001,1.766,1801.2,8.0,1.7749925672341786,0.1383618444514238,13.38167152293333,-4.16,5,0,0,0,0,1,8.0
1177,0.0,0.2,0.2,0.2,0.0,0.2,0.2,0.0,0.0,0.0,0.0,0.0,0.0,0.0,0.0,0.0,0.0,0.0,0.0,0.0,0.0,0.0,0.0,0.0,0.0,0.0,0.0,0.0,1.3800000000000001,1.766,1801.2,8.0,1.7749925672341786,0.1383618444514238,13.38167152293333,-4.16,5,0,0,0,0,1,8.0
1178,0.0,0.2,0.2,0.2,0.0,0.2,0.2,0.0,0.0,0.0,0.0,0.0,0.0,0.0,0.0,0.0,0.0,0.0,0.0,0.0,0.0,0.0,0.0,0.0,0.0,0.0,0.0,0.0,1.3800000000000001,1.766,1801.2,8.0,1.7749925672341786,0.1383618444514238,13.38167152293333,-4.16,5,0,0,0,0,1,8.0
1179,0.0,0.2,0.2,0.2,0.0,0.2,0.2,0.0,0.0,0.0,0.0,0.0,0.0,0.0,0.0,0.0,0.0,0.0,0.0,0.0,0.0,0.0,0.0,0.0,0.0,0.0,0.0,0.0,1.3800000000000001,1.766,1801.2,8.0,1.7749925672341786,0.1383618444514238,13.38167152293333,-4.16,5,0,0,0,0,1,8.0
1180,0.0,0.2,0.2,0.2,0.0,0.2,0.2,0.0,0.0,0.0,0.0,0.0,0.0,0.0,0.0,0.0,0.0,0.0,0.0,0.0,0.0,0.0,0.0,0.0,0.0,0.0,0.0,0.0,1.3800000000000001,1.766,1801.2,8.0,1.7749925672341786,0.1383618444514238,13.38167152293333,-4.16,5,0,0,0,0,1,8.0
1181,0.0,0.2,0.2,0.2,0.0,0.2,0.2,0.0,0.0,0.0,0.0,0.0,0.0,0.0,0.0,0.0,0.0,0.0,0.0,0.0,0.0,0.0,0.0,0.0,0.0,0.0,0.0,0.0,1.3800000000000001,1.766,1801.2,8.0,1.7749925672341786,0.1383618444514238,13.38167152293333,-4.16,5,0,0,0,0,1,8.0
1182,0.0,0.2,0.2,0.2,0.0,0.2,0.2,0.0,0.0,0.0,0.0,0.0,0.0,0.0,0.0,0.0,0.0,0.0,0.0,0.0,0.0,0.0,0.0,0.0,0.0,0.0,0.0,0.0,1.3800000000000001,1.766,1801.2,8.0,1.7749925672341786,0.1383618444514238,13.38167152293333,-4.16,5,0,0,0,0,1,8.0
1183,0.0,0.2,0.2,0.2,0.0,0.2,0.2,0.0,0.0,0.0,0.0,0.0,0.0,0.0,0.0,0.0,0.0,0.0,0.0,0.0,0.0,0.0,0.0,0.0,0.0,0.0,0.0,0.0,1.3800000000000001,1.766,1801.2,8.0,1.7749925672341786,0.1383618444514238,13.38167152293333,-4.16,5,0,0,0,0,1,8.0
1184,0.0,0.2,0.2,0.2,0.0,0.2,0.2,0.0,0.0,0.0,0.0,0.0,0.0,0.0,0.0,0.0,0.0,0.0,0.0,0.0,0.0,0.0,0.0,0.0,0.0,0.0,0.0,0.0,1.3800000000000001,1.766,1801.2,8.0,1.7749925672341786,0.1383618444514238,13.38167152293333,-4.16,5,0,0,0,0,1,8.0
1185,0.0,0.2,0.2,0.2,0.0,0.2,0.2,0.0,0.0,0.0,0.0,0.0,0.0,0.0,0.0,0.0,0.0,0.0,0.0,0.0,0.0,0.0,0.0,0.0,0.0,0.0,0.0,0.0,1.3800000000000001,1.766,1801.2,8.0,1.7749925672341786,0.1383618444514238,13.38167152293333,-4.16,5,0,0,0,0,1,8.0
1186,0.0,0.2,0.2,0.2,0.0,0.2,0.2,0.0,0.0,0.0,0.0,0.0,0.0,0.0,0.0,0.0,0.0,0.0,0.0,0.0,0.0,0.0,0.0,0.0,0.0,0.0,0.0,0.0,1.3800000000000001,1.766,1801.2,8.0,1.7749925672341786,0.1383618444514238,13.38167152293333,-4.16,5,0,0,0,0,1,8.0
1187,0.0,0.19230769230769235,0.19230769230769235,0.19230769230769235,0.0,0.19230769230769235,0.19230769230769235,0.0,0.0,0.019230769230769235,0.0,0.019230769230769235,0.0,0.0,0.0,0.0,0.0,0.0,0.0,0.0,0.0,0.0,0.0,0.0,0.0,0.0,0.0,0.0,1.3673076923076923,1.7767307692307694,1842.3269230769235,7.846153846153848,7.059021148427343,0.17633797481242303,14.444112286896246,-9.229289940828405,7,0,0,0,1,0,7.8
1188,0.0,0.19230769230769235,0.19230769230769235,0.19230769230769235,0.0,0.19230769230769235,0.19230769230769235,0.0,0.0,0.019230769230769235,0.0,0.019230769230769235,0.0,0.0,0.0,0.0,0.0,0.0,0.0,0.0,0.0,0.0,0.0,0.0,0.0,0.0,0.0,0.0,1.3673076923076923,1.7767307692307694,1842.3269230769235,7.846153846153848,7.059021148427343,0.17633797481242303,14.444112286896246,-9.229289940828405,7,0,0,0,1,0,7.8
1189,0.0,0.19230769230769235,0.19230769230769235,0.19230769230769235,0.0,0.19230769230769235,0.19230769230769235,0.0,0.0,0.019230769230769235,0.0,0.019230769230769235,0.0,0.0,0.0,0.0,0.0,0.0,0.0,0.0,0.0,0.0,0.0,0.0,0.0,0.0,0.0,0.0,1.3673076923076923,1.7767307692307694,1842.3269230769235,7.846153846153848,7.059021148427343,0.17633797481242303,14.444112286896246,-9.229289940828405,7,0,0,0,1,0,7.8
1190,0.0,0.19230769230769235,0.19230769230769235,0.19230769230769235,0.0,0.19230769230769235,0.19230769230769235,0.0,0.0,0.019230769230769235,0.0,0.019230769230769235,0.0,0.0,0.0,0.0,0.0,0.0,0.0,0.0,0.0,0.0,0.0,0.0,0.0,0.0,0.0,0.0,1.3673076923076923,1.7767307692307694,1842.3269230769235,7.846153846153848,7.059021148427343,0.17633797481242303,14.444112286896246,-9.229289940828405,7,0,0,0,1,0,7.8
1191,0.05005250262513125,0.0,0.35001750087504374,0.19985999299964996,0.0,0.12005600280014,0.280014000700035,0.0,0.0,0.0,0.0,0.0,0.0,0.0,0.0,0.0,0.0,0.0,0.0,0.0,0.0,0.0,0.0,0.0,0.0,0.0,0.0,0.0,1.3824991249562477,1.7361638081904096,1713.025624781239,7.629331466573329,2.627532942885847,0.14254518695745094,12.056530106131605,-5.878151030407662,5,0,1,0,0,0,7.5
1192,0.1001050052502625,0.0,0.35001750087504374,0.19985999299964996,0.0,0.12005600280014,0.22996149807490374,0.0,0.0,0.0,0.0,0.0,0.0,0.0,0.0,0.0,0.0,0.0,0.0,0.0,0.0,0.0,0.0,0.0,0.0,0.0,0.0,0.0,1.3749912495624779,1.7391669583479175,1683.7183829191458,7.429121456072804,3.3538251559136403,0.1391838520933301,12.572669663775342,-8.182002729817974,5,0,0,0,0,1,7.2
1193,0.05005250262513125,0.0,0.35001750087504374,0.19985999299964996,0.0,0.12005600280014,0.280014000700035,0.0,0.0,0.0,0.0,0.0,0.0,0.0,0.0,0.0,0.0,0.0,0.0,0.0,0.0,0.0,0.0,0.0,0.0,0.0,0.0,0.0,1.3824991249562477,1.7361638081904096,1713.025624781239,7.629331466573329,2.627532942885847,0.14254518695745094,12.056530106131605,-5.878151030407662,5,0,1,0,0,0,7.5
1194,0.1001050052502625,0.0,0.35001750087504374,0.19985999299964996,0.0,0.12005600280014,0.22996149807490374,0.0,0.0,0.0,0.0,0.0,0.0,0.0,0.0,0.0,0.0,0.0,0.0,0.0,0.0,0.0,0.0,0.0,0.0,0.0,0.0,0.0,1.3749912495624779,1.7391669583479175,1683.7183829191458,7.429121456072804,3.3538251559136403,0.1391838520933301,12.572669663775342,-8.182002729817974,5,0,0,0,0,1,7.2
1195,0.0,0.2,0.2,0.2,0.0,0.0,0.2,0.0,0.0,0.0,0.2,0.0,0.0,0.0,0.0,0.0,0.0,0.0,0.0,0.0,0.0,0.0,0.0,0.0,0.0,0.0,0.0,0.0,1.37,1.8139999999999998,1636.7540000000001,9.0,1.7879487173599762,0.13484806264830054,13.38167152293333,1.7599999999999998,5,0,1,0,0,0,8.4
1196,0.0,0.2,0.2,0.2,0.0,0.0,0.2,0.0,0.0,0.0,0.2,0.0,0.0,0.0,0.0,0.0,0.0,0.0,0.0,0.0,0.0,0.0,0.0,0.0,0.0,0.0,0.0,0.0,1.37,1.8139999999999998,1636.7540000000001,9.0,1.7879487173599762,0.13484806264830054,13.38167152293333,1.7599999999999998,5,0,1,0,0,0,8.4
1197,0.0,0.2,0.2,0.2,0.0,0.0,0.2,0.0,0.0,0.0,0.2,0.0,0.0,0.0,0.0,0.0,0.0,0.0,0.0,0.0,0.0,0.0,0.0,0.0,0.0,0.0,0.0,0.0,1.37,1.8139999999999998,1636.7540000000001,9.0,1.7879487173599762,0.13484806264830054,13.38167152293333,1.7599999999999998,5,0,1,0,0,0,8.4
1198,0.0,0.24096385542168672,0.24096385542168672,0.24096385542168672,0.0,0.24096385542168672,0.0,0.0,0.03614457831325301,0.0,0.0,0.0,0.0,0.0,0.0,0.0,0.0,0.0,0.0,0.0,0.0,0.0,0.0,0.0,0.0,0.0,0.0,0.0,1.3777108433734937,1.8322891566265058,1908.7710843373493,8.16867469879518,2.0509032618379623,0.11418992107533983,12.402564514252939,-3.971548845986354,5,0,1,0,0,0,8.3
1199,0.0,0.24096385542168672,0.24096385542168672,0.24096385542168672,0.0,0.24096385542168672,0.0,0.0,0.03614457831325301,0.0,0.0,0.0,0.0,0.0,0.0,0.0,0.0,0.0,0.0,0.0,0.0,0.0,0.0,0.0,0.0,0.0,0.0,0.0,1.3777108433734937,1.8322891566265058,1908.7710843373493,8.16867469879518,2.0509032618379623,0.11418992107533983,12.402564514252939,-3.971548845986354,5,0,0,0,0,1,8.3
1200,0.0,0.24096385542168672,0.24096385542168672,0.24096385542168672,0.0,0.24096385542168672,0.0,0.0,0.03614457831325301,0.0,0.0,0.0,0.0,0.0,0.0,0.0,0.0,0.0,0.0,0.0,0.0,0.0,0.0,0.0,0.0,0.0,0.0,0.0,1.3777108433734937,1.8322891566265058,1908.7710843373493,8.16867469879518,2.0509032618379623,0.11418992107533983,12.402564514252939,-3.971548845986354,5,0,0,0,0,1,8.3
1201,0.2222222222222222,0.2222222222222222,0.2222222222222222,0.1111111111111111,0.0,0.0,0.0,0.0,0.0,0.0,0.2222222222222222,0.0,0.0,0.0,0.0,0.0,0.0,0.0,0.0,0.0,0.0,0.0,0.0,0.0,0.0,0.0,0.0,0.0,1.338888888888889,1.8166666666666669,1496.4977777777776,8.0,3.8479744794587973,0.11372481406154646,13.14600398580363,-4.543209876543209,5,0,1,0,0,0,6.9
1202,0.20833333333333334,0.20833333333333334,0.20833333333333334,0.16666666666666669,0.0,0.0,0.0,0.0,0.0,0.0,0.20833333333333334,0.0,0.0,0.0,0.0,0.0,0.0,0.0,0.0,0.0,0.0,0.0,0.0,0.0,0.0,0.0,0.0,0.0,1.3395833333333333,1.8225,1510.966666666667,8.125,3.72926245980771,0.1124073692720662,13.351478225728336,-5.034722222222223,5,0,1,0,0,0,7.0
1203,0.2,0.2,0.2,0.2,0.0,0.0,0.0,0.0,0.0,0.0,0.2,0.0,0.0,0.0,0.0,0.0,0.0,0.0,0.0,0.0,0.0,0.0,0.0,0.0,0.0,0.0,0.0,0.0,1.34,1.8259999999999998,1519.6480000000001,8.2,3.6559548399748927,0.11146299834474212,13.38167152293333,-5.280000000000001,5,0,1,0,0,0,7.0
1204,0.18184296619411122,0.18184296619411122,0.18184296619411122,0.27262813522355506,0.0,0.0,0.0,0.0,0.0,0.0,0.18184296619411122,0.0,0.0,0.0,0.0,0.0,0.0,0.0,0.0,0.0,0.0,0.0,0.0,0.0,0.0,0.0,0.0,0.0,1.3409078516902944,1.833625954198473,1538.5632715376225,8.363413304252997,3.4902762272330494,0.10898857754467997,13.25503303008884,-5.6855176485838195,5,0,1,0,0,0,7.2
1205,0.16666666666666666,0.16666666666666666,0.16666666666666666,0.3333333333333333,0.0,0.0,0.0,0.0,0.0,0.0,0.16666666666666666,0.0,0.0,0.0,0.0,0.0,0.0,0.0,0.0,0.0,0.0,0.0,0.0,0.0,0.0,0.0,0.0,0.0,1.3416666666666668,1.84,1554.3733333333332,8.5,3.3448228615742237,0.10645812948447533,12.976526695974774,-5.888888888888888,5,0,1,0,0,0,7.3
1206,0.1427958833619211,0.1427958833619211,0.1427958833619211,0.42881646655231553,0.0,0.0,0.0,0.0,0.0,0.0,0.1427958833619211,0.0,0.0,0.0,0.0,0.0,0.0,0.0,0.0,0.0,0.0,0.0,0.0,0.0,0.0,0.0,0.0,0.0,1.342860205831904,1.850025728987993,1579.2409605488847,8.714837049742709,3.100917564977795,0.10154509272254103,12.26228269120397,-5.958972635183839,5,0,1,0,0,0,7.5
1207,0.1111111111111111,0.0,0.2222222222222222,0.2222222222222222,0.0,0.2222222222222222,0.2222222222222222,0.0,0.0,0.0,0.0,0.0,0.0,0.0,0.0,0.0,0.0,0.0,0.0,0.0,0.0,0.0,0.0,0.0,0.0,0.0,0.0,0.0,1.3722222222222222,1.7233333333333332,1712.1633333333332,7.222222222222221,3.4827227801791936,0.1388044187577134,13.146003985803628,-9.28395061728395,5,0,1,0,0,0,7.1
1208,0.13043478260869565,0.0,0.2173913043478261,0.2173913043478261,0.0,0.2173913043478261,0.2173913043478261,0.0,0.0,0.0,0.0,0.0,0.0,0.0,0.0,0.0,0.0,0.0,0.0,0.0,0.0,0.0,0.0,0.0,0.0,0.0,0.0,0.0,1.3695652173913044,1.7208695652173913,1695.2352173913043,7.130434782608697,3.688555567816585,0.13827864255468914,13.242385524383808,-10.05671077504726,5,0,1,0,0,0,6.9
1209,0.14893617021276595,0.0,0.2127659574468085,0.2127659574468085,0.0,0.2127659574468085,0.2127659574468085,0.0,0.0,0.0,0.0,0.0,0.0,0.0,0.0,0.0,0.0,0.0,0.0,0.0,0.0,0.0,0.0,0.0,0.0,0.0,0.0,0.0,1.3670212765957446,1.7185106382978723,1679.0274468085108,7.042553191489362,3.867633817833199,0.13773206680817704,13.308889686158656,-10.755998189225892,5,0,1,0,0,0,6.8
1210,0.16666666666666669,0.0,0.20833333333333334,0.20833333333333334,0.0,0.20833333333333334,0.20833333333333334,0.0,0.0,0.0,0.0,0.0,0.0,0.0,0.0,0.0,0.0,0.0,0.0,0.0,0.0,0.0,0.0,0.0,0.0,0.0,0.0,0.0,1.3645833333333335,1.7162500000000003,1663.495,6.958333333333333,4.024863000447042,0.13716816017817934,13.351478225728336,-11.388888888888891,5,0,1,0,0,0,6.7
1211,0.0,0.2941176470588235,0.2941176470588235,0.2941176470588235,0.058823529411764705,0.058823529411764705,0.0,0.0,0.0,0.0,0.0,0.0,0.0,0.0,0.0,0.0,0.0,0.0,0.0,0.0,0.0,0.0,0.0,0.0,0.0,0.0,0.0,0.0,1.352941176470588,1.8623529411764703,1788.3529411764705,8.52941176470588,4.985802148339003,0.05965877596944985,11.74939512303777,-10.20069204152249,5,0,1,0,0,0,7.8
1212,0.0,0.2941176470588235,0.2941176470588235,0.2941176470588235,0.058823529411764705,0.058823529411764705,0.0,0.0,0.0,0.0,0.0,0.0,0.0,0.0,0.0,0.0,0.0,0.0,0.0,0.0,0.0,0.0,0.0,0.0,0.0,0.0,0.0,0.0,1.352941176470588,1.8623529411764703,1788.3529411764705,8.52941176470588,4.985802148339003,0.05965877596944985,11.74939512303777,-10.20069204152249,5,0,0,0,0,1,7.8
1213,0.0,0.2941176470588235,0.2941176470588235,0.2941176470588235,0.058823529411764705,0.058823529411764705,0.0,0.0,0.0,0.0,0.0,0.0,0.0,0.0,0.0,0.0,0.0,0.0,0.0,0.0,0.0,0.0,0.0,0.0,0.0,0.0,0.0,0.0,1.352941176470588,1.8623529411764703,1788.3529411764705,8.52941176470588,4.985802148339003,0.05965877596944985,11.74939512303777,-10.20069204152249,5,0,0,0,0,1,7.8
1214,0.6497725795971411,0.0,0.05003248862897986,0.0,0.1500974658869396,0.0,0.0,0.0,0.0,0.0,0.05003248862897986,0.0,0.0,0.0,0.0,0.0,0.0,0.0,0.05003248862897986,0.05003248862897986,0.0,0.0,0.0,0.0,0.0,0.0,0.0,0.0,1.2575048732943472,1.6660363872644577,1099.135575048733,4.200779727095517,7.3635829514497155,0.14385896178269098,9.679736566813393,-11.756171889546264,6,0,1,0,0,0,3.2
1215,0.6497725795971411,0.0,0.0,0.05003248862897986,0.1500974658869396,0.0,0.0,0.0,0.0,0.0,0.05003248862897986,0.0,0.0,0.0,0.0,0.0,0.0,0.0,0.05003248862897986,0.05003248862897986,0.0,0.0,0.0,0.0,0.0,0.0,0.0,0.0,1.2550032488628982,1.670038986354776,1094.9828784925278,4.3008447043534765,7.118051141303579,0.14937251831345214,9.679736566813393,-13.77736739509593,6,0,1,0,0,0,3.2
1216,0.6497725795971411,0.0,0.0,0.0,0.1500974658869396,0.05003248862897986,0.0,0.0,0.0,0.0,0.05003248862897986,0.0,0.0,0.0,0.0,0.0,0.0,0.0,0.05003248862897986,0.05003248862897986,0.0,0.0,0.0,0.0,0.0,0.0,0.0,0.0,1.2575048732943472,1.657530864197531,1117.5975633528267,4.100714749837557,7.363582951449716,0.13885173136627318,9.679736566813393,-11.626132932745797,6,0,1,0,0,0,3.1
1217,0.6497725795971411,0.0,0.0,0.0,0.1500974658869396,0.0,0.05003248862897986,0.0,0.0,0.0,0.05003248862897986,0.0,0.0,0.0,0.0,0.0,0.0,0.0,0.05003248862897986,0.05003248862897986,0.0,0.0,0.0,0.0,0.0,0.0,0.0,0.0,1.2575048732943472,1.6520272904483433,1084.526088369071,4.150747238466537,7.363582951449716,0.14081096885483851,9.679736566813393,-13.367224525347256,6,0,1,0,0,0,3.2
1218,0.6497725795971411,0.0,0.0,0.0,0.1500974658869396,0.0,0.0,0.0,0.0,0.0,0.05003248862897986,0.0,0.0,0.05003248862897986,0.0,0.0,0.0,0.0,0.05003248862897986,0.05003248862897986,0.0,0.0,0.0,0.0,0.0,0.0,0.0,0.0,1.265009746588694,1.6410201429499678,1114.9958739441197,4.000649772579598,8.580743907204766,0.15612239741010567,9.679736566813393,-18.330421389550697,6,0,1,0,0,0,3.2
1219,0.0,0.23809523809523808,0.23809523809523808,0.23809523809523808,0.0,0.23809523809523808,0.0,0.0,0.047619047619047616,0.0,0.0,0.0,0.0,0.0,0.0,0.0,0.0,0.0,0.0,0.0,0.0,0.0,0.0,0.0,0.0,0.0,0.0,0.0,1.3785714285714286,1.836190476190476,1920.5238095238094,8.142857142857142,2.1152761163930722,0.11894281100701058,12.56923273899109,-4.036281179138322,5,0,1,0,0,0,8.3
1220,0.0,0.23809523809523808,0.23809523809523808,0.23809523809523808,0.0,0.23809523809523808,0.0,0.0,0.047619047619047616,0.0,0.0,0.0,0.0,0.0,0.0,0.0,0.0,0.0,0.0,0.0,0.0,0.0,0.0,0.0,0.0,0.0,0.0,0.0,1.3785714285714286,1.836190476190476,1920.5238095238094,8.142857142857142,2.1152761163930722,0.11894281100701058,12.56923273899109,-4.036281179138322,5,1,0,0,0,0,8.3
1221,0.0,0.23809523809523808,0.23809523809523808,0.23809523809523808,0.0,0.23809523809523808,0.0,0.0,0.047619047619047616,0.0,0.0,0.0,0.0,0.0,0.0,0.0,0.0,0.0,0.0,0.0,0.0,0.0,0.0,0.0,0.0,0.0,0.0,0.0,1.3785714285714286,1.836190476190476,1920.5238095238094,8.142857142857142,2.1152761163930722,0.11894281100701058,12.56923273899109,-4.036281179138322,5,1,0,0,0,0,8.3
1222,0.0,0.23809523809523808,0.23809523809523808,0.23809523809523808,0.0,0.23809523809523808,0.0,0.0,0.047619047619047616,0.0,0.0,0.0,0.0,0.0,0.0,0.0,0.0,0.0,0.0,0.0,0.0,0.0,0.0,0.0,0.0,0.0,0.0,0.0,1.3785714285714286,1.836190476190476,1920.5238095238094,8.142857142857142,2.1152761163930722,0.11894281100701058,12.56923273899109,-4.036281179138322,5,1,0,0,0,0,8.3
1223,0.0,0.23809523809523808,0.23809523809523808,0.23809523809523808,0.0,0.23809523809523808,0.0,0.0,0.047619047619047616,0.0,0.0,0.0,0.0,0.0,0.0,0.0,0.0,0.0,0.0,0.0,0.0,0.0,0.0,0.0,0.0,0.0,0.0,0.0,1.3785714285714286,1.836190476190476,1920.5238095238094,8.142857142857142,2.1152761163930722,0.11894281100701058,12.56923273899109,-4.036281179138322,5,1,0,0,0,0,8.3
1224,0.0,0.23809523809523808,0.23809523809523808,0.23809523809523808,0.0,0.23809523809523808,0.0,0.0,0.047619047619047616,0.0,0.0,0.0,0.0,0.0,0.0,0.0,0.0,0.0,0.0,0.0,0.0,0.0,0.0,0.0,0.0,0.0,0.0,0.0,1.3785714285714286,1.836190476190476,1920.5238095238094,8.142857142857142,2.1152761163930722,0.11894281100701058,12.56923273899109,-4.036281179138322,5,1,0,0,0,0,8.3
1225,0.0,0.23809523809523808,0.23809523809523808,0.23809523809523808,0.0,0.23809523809523808,0.0,0.0,0.047619047619047616,0.0,0.0,0.0,0.0,0.0,0.0,0.0,0.0,0.0,0.0,0.0,0.0,0.0,0.0,0.0,0.0,0.0,0.0,0.0,1.3785714285714286,1.836190476190476,1920.5238095238094,8.142857142857142,2.1152761163930722,0.11894281100701058,12.56923273899109,-4.036281179138322,5,1,0,0,0,0,8.3
1226,0.0,0.23809523809523808,0.23809523809523808,0.23809523809523808,0.0,0.23809523809523808,0.0,0.0,0.047619047619047616,0.0,0.0,0.0,0.0,0.0,0.0,0.0,0.0,0.0,0.0,0.0,0.0,0.0,0.0,0.0,0.0,0.0,0.0,0.0,1.3785714285714286,1.836190476190476,1920.5238095238094,8.142857142857142,2.1152761163930722,0.11894281100701058,12.56923273899109,-4.036281179138322,5,1,0,0,0,0,8.3
1227,0.0,0.23809523809523808,0.23809523809523808,0.23809523809523808,0.0,0.23809523809523808,0.0,0.0,0.047619047619047616,0.0,0.0,0.0,0.0,0.0,0.0,0.0,0.0,0.0,0.0,0.0,0.0,0.0,0.0,0.0,0.0,0.0,0.0,0.0,1.3785714285714286,1.836190476190476,1920.5238095238094,8.142857142857142,2.1152761163930722,0.11894281100701058,12.56923273899109,-4.036281179138322,5,1,0,0,0,0,8.3
1228,0.0,0.23809523809523808,0.23809523809523808,0.23809523809523808,0.0,0.23809523809523808,0.0,0.0,0.047619047619047616,0.0,0.0,0.0,0.0,0.0,0.0,0.0,0.0,0.0,0.0,0.0,0.0,0.0,0.0,0.0,0.0,0.0,0.0,0.0,1.3785714285714286,1.836190476190476,1920.5238095238094,8.142857142857142,2.1152761163930722,0.11894281100701058,12.56923273899109,-4.036281179138322,5,1,0,0,0,0,8.3
1229,0.0,0.23809523809523808,0.23809523809523808,0.23809523809523808,0.0,0.23809523809523808,0.0,0.0,0.047619047619047616,0.0,0.0,0.0,0.0,0.0,0.0,0.0,0.0,0.0,0.0,0.0,0.0,0.0,0.0,0.0,0.0,0.0,0.0,0.0,1.3785714285714286,1.836190476190476,1920.5238095238094,8.142857142857142,2.1152761163930722,0.11894281100701058,12.56923273899109,-4.036281179138322,5,1,0,0,0,0,8.3
1230,0.0,0.2,0.2,0.2,0.0,0.2,0.0,0.0,0.0,0.0,0.0,0.0,0.0,0.0,0.0,0.0,0.0,0.0,0.0,0.0,0.0,0.0,0.0,0.0,0.2,0.0,0.0,0.0,1.3800000000000001,1.8960000000000001,1863.01,8.600000000000001,1.7749925672341786,0.17488281790959348,13.38167152293333,-5.6,5,0,1,0,0,0,9.2
1231,0.0,0.1923076923076923,0.1923076923076923,0.1923076923076923,0.0,0.1923076923076923,0.038461538461538464,0.0,0.0,0.0,0.0,0.0,0.0,0.0,0.0,0.0,0.0,0.0,0.0,0.0,0.0,0.0,0.0,0.0,0.1923076923076923,0.0,0.0,0.0,1.3807692307692307,1.8826923076923077,1849.778846153846,8.538461538461537,1.7617145739099556,0.1839430867730496,14.222451816405261,-6.183431952662721,6,0,1,0,0,0,9.1
1232,0.0,0.18518518518518517,0.18518518518518517,0.18518518518518517,0.0,0.18518518518518517,0.07407407407407407,0.0,0.0,0.0,0.0,0.0,0.0,0.0,0.0,0.0,0.0,0.0,0.0,0.0,0.0,0.0,0.0,0.0,0.18518518518518517,0.0,0.0,0.0,1.3814814814814813,1.8703703703703702,1837.5277777777776,8.481481481481481,1.7477754437540516,0.19112690144356553,14.585897380212828,-6.666666666666666,6,0,1,0,0,0,9.1
1233,0.0,0.17857142857142858,0.17857142857142858,0.17857142857142858,0.0,0.17857142857142858,0.10714285714285715,0.0,0.0,0.0,0.0,0.0,0.0,0.0,0.0,0.0,0.0,0.0,0.0,0.0,0.0,0.0,0.0,0.0,0.17857142857142858,0.0,0.0,0.0,1.3821428571428571,1.8589285714285715,1826.1517857142858,8.428571428571429,1.7333860290695988,0.19687449384450653,14.779006410718658,-7.066326530612245,6,0,1,0,0,0,9.0
1234,0.0,0.1724137931034483,0.1724137931034483,0.1724137931034483,0.0,0.1724137931034483,0.13793103448275862,0.0,0.0,0.0,0.0,0.0,0.0,0.0,0.0,0.0,0.0,0.0,0.0,0.0,0.0,0.0,0.0,0.0,0.1724137931034483,0.0,0.0,0.0,1.3827586206896554,1.8482758620689657,1815.560344827586,8.379310344827587,1.7187093207095,0.20149559703441872,14.871616835820523,-7.395957193816885,6,0,1,0,0,0,8.9
1235,0.0,0.0,0.3125,0.3125,0.0,0.3125,0.0,0.0,0.0,0.0625,0.0,0.0,0.0,0.0,0.0,0.0,0.0,0.0,0.0,0.0,0.0,0.0,0.0,0.0,0.0,0.0,0.0,0.0,1.384375,1.78375,1908.5,7.75,1.6740854372676397,0.11894720467501538,10.507371878312666,-8.515625,4,0,1,0,0,0,7.6
1236,0.0,0.0,0.30303030303030304,0.30303030303030304,0.0,0.30303030303030304,0.0,0.0,0.0,0.09090909090909091,0.0,0.0,0.0,0.0,0.0,0.0,0.0,0.0,0.0,0.0,0.0,0.0,0.0,0.0,0.0,0.0,0.0,0.0,1.3848484848484848,1.7763636363636361,1909.4848484848487,7.636363636363637,1.6592725260506629,0.12436062374518718,10.836907626074785,-10.174471992653812,4,0,1,0,0,0,7.5
1237,0.0,0.0,0.29411764705882354,0.29411764705882354,0.0,0.29411764705882354,0.0,0.0,0.0,0.11764705882352942,0.0,0.0,0.0,0.0,0.0,0.0,0.0,0.0,0.0,0.0,0.0,0.0,0.0,0.0,0.0,0.0,0.0,0.0,1.385294117647059,1.7694117647058825,1910.4117647058827,7.529411764705882,1.6445789155870083,0.1288624706118113,11.071374860359454,-11.626297577854672,4,0,1,0,0,0,7.4
1238,0.0,0.0,0.2857142857142857,0.2857142857142857,0.0,0.2857142857142857,0.0,0.0,0.0,0.14285714285714285,0.0,0.0,0.0,0.0,0.0,0.0,0.0,0.0,0.0,0.0,0.0,0.0,0.0,0.0,0.0,0.0,0.0,0.0,1.3857142857142857,1.7628571428571427,1911.2857142857142,7.428571428571428,1.6300400310146228,0.1326342215821161,11.239408020521262,-12.897959183673468,4,0,1,0,0,0,7.3
1239,0.0,0.0,0.2777777777777778,0.2777777777777778,0.0,0.2777777777777778,0.0,0.0,0.0,0.16666666666666666,0.0,0.0,0.0,0.0,0.0,0.0,0.0,0.0,0.0,0.0,0.0,0.0,0.0,0.0,0.0,0.0,0.0,0.0,1.3861111111111113,1.7566666666666666,1912.1111111111113,7.333333333333334,1.615682915490688,0.13581032524975573,11.358201066228055,-14.012345679012347,4,0,1,0,0,0,7.2
1240,0.2,0.0,0.2,0.0,0.0,0.2,0.2,0.0,0.0,0.0,0.2,0.0,0.0,0.0,0.0,0.0,0.0,0.0,0.0,0.0,0.0,0.0,0.0,0.0,0.0,0.0,0.0,0.0,1.36,1.71,1560.248,7.000000000000001,4.287464628562718,0.13311649033834985,13.38167152293333,-1.7599999999999998,5,0,0,0,1,0,6.5
1241,0.19801980198019803,0.0,0.19801980198019803,0.0,0.0,0.19801980198019803,0.19801980198019803,0.0,0.0,0.0,0.19801980198019803,0.0,0.0,0.0,0.0,0.0,0.0,0.0,0.0,0.0,0.0,0.0,0.009900990099009901,0.0,0.0,0.0,0.0,0.0,1.35990099009901,1.7164356435643564,1581.3841584158417,6.990099009900991,4.267118532826378,0.14726270832831298,13.711017568499765,-1.513577100284286,6,0,0,0,1,0,6.7
1242,0.19607843137254904,0.0,0.19607843137254904,0.0,0.0,0.19607843137254904,0.19607843137254904,0.0,0.0,0.0,0.19607843137254904,0.0,0.0,0.0,0.0,0.0,0.0,0.0,0.0,0.0,0.0,0.0,0.019607843137254905,0.0,0.0,0.0,0.0,0.0,1.3598039215686273,1.722745098039216,1602.1058823529415,6.980392156862746,4.247058824808406,0.15966973796267347,13.921709560836417,-1.276432141484044,6,0,0,0,1,0,6.8
1243,0.18181818181818182,0.0,0.18181818181818182,0.0,0.0,0.18181818181818182,0.18181818181818182,0.0,0.0,0.0,0.18181818181818182,0.0,0.0,0.0,0.0,0.0,0.0,0.0,0.0,0.0,0.0,0.0,0.09090909090909091,0.0,0.0,0.0,0.0,0.0,1.3590909090909091,1.769090909090909,1754.3163636363636,6.909090909090909,4.096136693617356,0.22589034127423802,14.698052761349631,0.33057851239669445,6,0,0,0,1,0,7.9
1244,0.0,0.2222222222222222,0.2222222222222222,0.2222222222222222,0.0,0.0,0.0,0.1111111111111111,0.0,0.0,0.2222222222222222,0.0,0.0,0.0,0.0,0.0,0.0,0.0,0.0,0.0,0.0,0.0,0.0,0.0,0.0,0.0,0.0,0.0,1.3722222222222222,1.848888888888889,1786.6155555555554,9.0,2.4957141712424917,0.0926695976088579,13.14600398580363,-2.765432098765432,5,0,0,0,0,1,8.6
1245,0.0,0.11111111111111112,0.11111111111111112,0.11111111111111112,0.0,0.0,0.0,0.5555555555555556,0.0,0.0,0.11111111111111112,0.0,0.0,0.0,0.0,0.0,0.0,0.0,0.0,0.0,0.0,0.0,0.0,0.0,0.0,0.0,0.0,0.0,1.411111111111111,1.7244444444444444,2268.307777777778,7.0,3.2465398626910607,0.14064226574390867,10.834561791076814,-15.802469135802472,5,0,0,0,0,1,8.6
1246,0.0,0.08681462140992167,0.08681462140992167,0.08681462140992167,0.0,0.0,0.0,0.6527415143603134,0.0,0.0,0.08681462140992167,0.0,0.0,0.0,0.0,0.0,0.0,0.0,0.0,0.0,0.0,0.0,0.0,0.0,0.0,0.0,0.0,0.0,1.4196148825065276,1.6972323759791124,2373.6386488250655,6.56266318537859,3.069041135385062,0.13453930985762366,9.371567916462809,-14.810619746538599,5,0,0,0,0,1,8.6
1247,0.0,0.06398809523809523,0.06398809523809523,0.06398809523809523,0.0,0.0,0.0,0.744047619047619,0.0,0.0,0.06398809523809523,0.0,0.0,0.0,0.0,0.0,0.0,0.0,0.0,0.0,0.0,0.0,0.0,0.0,0.0,0.0,0.0,0.0,1.4276041666666666,1.6716666666666666,2472.596889880952,6.1517857142857135,2.782602440819402,0.12318161517637403,7.679320895764362,-12.622413548752832,5,0,0,0,0,1,8.6
1248,0.0,0.05283911671924291,0.05283911671924291,0.05283911671924291,0.0,0.0,0.0,0.7886435331230284,0.0,0.0,0.05283911671924291,0.0,0.0,0.0,0.0,0.0,0.0,0.0,0.0,0.0,0.0,0.0,0.0,0.0,0.0,0.0,0.0,0.0,1.431506309148265,1.6591798107255522,2520.9302760252367,5.951104100946372,2.590587712149554,0.11519064913948318,6.724357108921995,-11.111216153011773,5,0,0,0,0,1,8.6
1249,0.0,0.1,0.5,0.0,0.0,0.1,0.3,0.0,0.0,0.0,0.0,0.0,0.0,0.0,0.0,0.0,0.0,0.0,0.0,0.0,0.0,0.0,0.0,0.0,0.0,0.0,0.0,0.0,1.395,1.734,1756.0,7.6,1.075268817204298,0.13207573584879245,9.71368443199303,-0.9199999999999999,4,0,1,0,0,0,7.8
1250,0.0,0.09990059642147117,0.4970178926441352,0.0,0.0,0.09990059642147117,0.30019880715705766,0.0,0.0,0.0,0.0,0.0,0.0,0.0,0.0,0.0,0.0,0.0,0.0,0.0,0.0,0.0,0.0,0.0,0.0,0.002982107355864811,0.0,0.0,1.3933648111332009,1.7345825049701789,1757.5139165009941,7.584990059642148,2.3887375483621387,0.1330393843392821,9.863585786620009,-1.2510562865352617,5,0,1,0,0,0,7.8
1251,0.0,0.09985170538803757,0.49431537320810676,0.0,0.0,0.09985170538803757,0.3000494315373208,0.0,0.0,0.0,0.0,0.0,0.0,0.0,0.0,0.0,0.0,0.0,0.0,0.0,0.0,0.0,0.0,0.0,0.0,0.005931784478497281,0.0,0.0,1.3917449332674245,1.73524962926347,1759.128521997034,7.570439940682155,3.193869083840849,0.13395214788312354,9.977671821627075,-1.576986748291826,5,0,1,0,0,0,7.8
1252,0.0,0.09999999999999998,0.48309178743961345,0.0,0.0,0.09999999999999998,0.29999999999999993,0.0,0.0,0.0,0.0,0.0,0.0,0.0,0.0,0.0,0.0,0.0,0.0,0.0,0.0,0.0,0.0,0.0,0.0,0.016908212560386472,0.0,0.0,1.3857004830917872,1.737550724637681,1765.0966183574874,7.515458937198066,5.184016132795459,0.1373272866508881,10.32799234453951,-2.7772242059324594,5,0,1,0,0,0,7.7
1253,0.0,0.0,0.0,0.0,0.0,0.0,0.0,0.0,0.0,0.3333333333333333,0.0,0.0,0.0,0.3333333333333333,0.0,0.0,0.0,0.0,0.0,0.0,0.0,0.3333333333333333,0.0,0.0,0.0,0.0,0.0,0.0,1.5,1.39,2191.6666666666665,4.0,4.714045207910327,0.1067707825203131,9.134411874130997,0.0,3,0,1,0,0,0,8.3
1254,0.0,0.0,0.0,0.0,0.0,0.0,0.0,0.0,0.0,0.25,0.0,0.0,0.0,0.25,0.0,0.0,0.0,0.0,0.0,0.0,0.0,0.25,0.0,0.0,0.0,0.0,0.25,0.0,1.525,1.3825,2097.25,3.75,4.918032786885247,0.09337424698491548,11.52634446553133,4.25,4,0,1,0,0,0,6.8
1255,0.0,0.0,0.0,0.0,0.0,0.0,0.0,0.0,0.0,0.25,0.0,0.0,0.0,0.25,0.0,0.25,0.0,0.0,0.0,0.0,0.0,0.25,0.0,0.0,0.0,0.0,0.0,0.0,1.575,1.3475,2093.5,3.75,9.118353407203228,0.11818946653572815,11.52634446553133,8.75,4,0,1,0,0,0,7.0
1256,0.0,0.0,0.0,0.0,0.0,0.0,0.0,0.0,0.0,0.2,0.0,0.0,0.0,0.2,0.0,0.2,0.0,0.0,0.0,0.0,0.0,0.2,0.0,0.0,0.0,0.0,0.2,0.0,1.58,1.35,2037.6000000000001,3.6,8.154492865015907,0.10583005244258363,13.38167152293333,8.48,5,0,1,0,0,0,6.2
1257,0.0,0.2,0.2,0.2,0.0,0.2,0.0,0.0,0.0,0.0,0.0,0.0,0.0,0.0,0.0,0.0,0.0,0.0,0.0,0.0,0.0,0.0,0.0,0.0,0.0,0.0,0.0,0.2,1.36,1.818,1557.9820000000002,7.2,2.7512186667455425,0.08657944328765345,13.38167152293333,-7.040000000000001,5,0,1,0,0,0,7.5
1258,0.1798975672215109,0.3002560819462228,0.0998719590268886,0.3201024327784891,0.0,0.0998719590268886,0.0,0.0,0.0,0.0,0.0,0.0,0.0,0.0,0.0,0.0,0.0,0.0,0.0,0.0,0.0,0.0,0.0,0.0,0.0,0.0,0.0,0.0,1.3419974391805378,1.8140653008962866,1650.5077272727272,7.841229193341869,3.5222365541602594,0.11890636235509101,12.427275388860103,-12.472441680697619,5,0,1,0,0,0,7.1
1259,0.18004338394793926,0.29996901146575766,0.100092965602727,0.3098853424233034,0.0,0.100092965602727,0.0,0.0,0.009916330957545709,0.0,0.0,0.0,0.0,0.0,0.0,0.0,0.0,0.0,0.0,0.0,0.0,0.0,0.0,0.0,0.0,0.0,0.0,0.0,1.3429965912612336,1.816436318562132,1662.0809017663466,7.799504183452123,3.6103783792200197,0.12343374820648263,12.799641871270836,-12.474478536526856,6,0,1,0,0,0,7.1
1260,0.18001800180018,0.3000300030003,0.0999099909990999,0.3000300030003,0.0,0.0999099909990999,0.0,0.0,0.020102010201020103,0.0,0.0,0.0,0.0,0.0,0.0,0.0,0.0,0.0,0.0,0.0,0.0,0.0,0.0,0.0,0.0,0.0,0.0,0.0,1.343999399939994,1.819048904890489,1673.9024902490248,7.75997599759976,3.693913615820093,0.1278269121918342,13.052868765450505,-12.465084852319613,6,0,1,0,0,0,7.1
1261,0.18001800180018,0.3000300030003,0.0999099909990999,0.2901290129012901,0.0,0.0999099909990999,0.0,0.0,0.030003000300030003,0.0,0.0,0.0,0.0,0.0,0.0,0.0,0.0,0.0,0.0,0.0,0.0,0.0,0.0,0.0,0.0,0.0,0.0,0.0,1.344989498949895,1.8215241524152415,1685.4668466846686,7.72037203720372,3.772598740628542,0.13191913226467536,13.25643486863639,-12.450457647024825,6,0,1,0,0,0,7.2
1262,0.0,0.24102193299590263,0.24102193299590263,0.24102193299590263,0.0,0.24102193299590263,0.0,0.0,0.03591226801638949,0.0,0.0,0.0,0.0,0.0,0.0,0.0,0.0,0.0,0.0,0.0,0.0,0.0,0.0,0.0,0.0,0.0,0.0,0.0,1.3776934201012294,1.8322101711255725,1908.533140515787,8.169197396963124,2.049557738973582,0.11409027214370919,12.398893690244096,-3.970210409417202,5,0,0,0,1,0,8.3
1263,0.0,0.2,0.2,0.2,0.0,0.2,0.0,0.0,0.0,0.0,0.2,0.0,0.0,0.0,0.0,0.0,0.0,0.0,0.0,0.0,0.0,0.0,0.0,0.0,0.0,0.0,0.0,0.0,1.37,1.8359999999999999,1768.9540000000002,8.8,1.7879487173599762,0.09221713506718802,13.38167152293333,3.200000000000001,5,0,1,0,0,0,8.3
1264,0.0,0.19833399444664818,0.19833399444664818,0.19833399444664818,0.0,0.19833399444664818,0.0,0.0,0.0,0.0,0.19833399444664818,0.0,0.008330027766759224,0.0,0.0,0.0,0.0,0.0,0.0,0.0,0.0,0.0,0.0,0.0,0.0,0.0,0.0,0.0,1.369833399444665,1.8342840142800478,1772.4030146767159,8.768345894486316,1.785640446907585,0.09372144842665735,13.670781802931504,2.909003482213115,6,0,1,0,0,0,8.3
1265,0.0,0.19657951641438964,0.19657951641438964,0.19657951641438964,0.0,0.19657951641438964,0.0,0.0,0.0,0.0,0.19657951641438964,0.0,0.017102417928051897,0.0,0.0,0.0,0.0,0.0,0.0,0.0,0.0,0.0,0.0,0.0,0.0,0.0,0.0,0.0,1.369657951641439,1.8324769019068214,1776.0351877334383,8.735010811873403,1.7831154216405125,0.09524655912399407,13.872325500360855,2.6073546553001186,6,0,1,0,0,0,8.3
1266,0.0,0.19470404984423675,0.19470404984423675,0.19470404984423675,0.0,0.19470404984423675,0.0,0.0,0.0,0.0,0.19470404984423675,0.0,0.026479750778816202,0.0,0.0,0.0,0.0,0.0,0.0,0.0,0.0,0.0,0.0,0.0,0.0,0.0,0.0,0.0,1.3694704049844235,1.830545171339564,1779.9178348909657,8.699376947040498,1.7803088992832672,0.09681299369254147,14.04405793166004,2.290350443027532,6,0,1,0,0,0,8.3
1267,0.0,0.19267822736030826,0.19267822736030826,0.19267822736030826,0.0,0.19267822736030826,0.0,0.0,0.0,0.0,0.19267822736030826,0.0,0.036608863198458574,0.0,0.0,0.0,0.0,0.0,0.0,0.0,0.0,0.0,0.0,0.0,0.0,0.0,0.0,0.0,1.3692678227360306,1.8284585741811175,1784.1117533718686,8.660886319845856,1.7771520355048218,0.09843443931200294,14.197267985614955,1.9542546990841285,6,0,1,0,0,0,8.2
1268,0.0,0.2,0.0,0.2,0.0,0.2,0.0,0.0,0.0,0.0,0.2,0.0,0.0,0.0,0.0,0.0,0.0,0.0,0.0,0.2,0.0,0.0,0.0,0.0,0.0,0.0,0.0,0.0,1.36,1.8,1545.2900000000002,9.6,1.4705882352941124,0.11882760622010358,13.38167152293333,0.4799999999999999,5,0,0,0,1,0,8.1
1269,0.0,0.2,0.0,0.2,0.0,0.2,0.0,0.0,0.0,0.0,0.2,0.0,0.0,0.0,0.0,0.0,0.0,0.0,0.0,0.2,0.0,0.0,0.0,0.0,0.0,0.0,0.0,0.0,1.36,1.8,1545.2900000000002,9.6,1.4705882352941124,0.11882760622010358,13.38167152293333,0.4799999999999999,5,0,0,0,1,0,8.1
1270,0.0,0.2,0.0,0.2,0.0,0.2,0.0,0.0,0.0,0.0,0.2,0.0,0.0,0.0,0.0,0.0,0.0,0.0,0.0,0.2,0.0,0.0,0.0,0.0,0.0,0.0,0.0,0.0,1.36,1.8,1545.2900000000002,9.6,1.4705882352941124,0.11882760622010358,13.38167152293333,0.4799999999999999,5,0,0,0,1,0,8.1
1271,0.0,0.2,0.0,0.2,0.0,0.2,0.0,0.0,0.0,0.0,0.2,0.0,0.0,0.0,0.0,0.0,0.0,0.0,0.0,0.2,0.0,0.0,0.0,0.0,0.0,0.0,0.0,0.0,1.36,1.8,1545.2900000000002,9.6,1.4705882352941124,0.11882760622010358,13.38167152293333,0.4799999999999999,5,0,0,0,1,0,8.1
1272,0.0,0.0,0.0,0.0,0.0,0.0,0.0,0.2,0.0,0.2,0.0,0.0,0.0,0.2,0.0,0.0,0.0,0.0,0.0,0.0,0.2,0.2,0.0,0.0,0.0,0.0,0.0,0.0,1.48,1.4540000000000002,2523.0,4.4,4.054054054054058,0.11825396399275587,13.38167152293333,2.7200000000000006,5,0,1,0,0,0,9.9
1273,0.0,0.0,0.0,0.0,0.0,0.0,0.0,0.25,0.0,0.25,0.0,0.0,0.0,0.25,0.0,0.0,0.0,0.0,0.0,0.0,0.25,0.0,0.0,0.0,0.0,0.0,0.0,0.0,1.4625,1.4925000000000002,2527.25,4.5,3.725554652598865,0.10034316120194739,11.52634446553133,2.5,4,0,1,0,0,0,8.9
1274,0.0,0.0,0.0,0.0,0.0,0.0,0.0,0.3333333333333333,0.0,0.3333333333333333,0.0,0.0,0.0,0.0,0.0,0.0,0.0,0.0,0.0,0.0,0.3333333333333333,0.0,0.0,0.0,0.0,0.0,0.0,0.0,1.4333333333333331,1.5466666666666666,2660.333333333333,4.666666666666667,1.6444343748524337,0.04109609335312655,9.134411874130997,1.3333333333333333,3,0,1,0,0,0,10.0
1275,0.0,0.0,0.0,0.0,0.0,0.0,0.0,0.0,0.0,0.3333333333333333,0.0,0.0,0.0,0.3333333333333333,0.0,0.0,0.0,0.0,0.0,0.0,0.3333333333333333,0.0,0.0,0.0,0.0,0.0,0.0,0.0,1.4666666666666666,1.4566666666666666,2453.0,4.333333333333333,4.251883394061299,0.0910433352249844,9.134411874130997,1.7777777777777777,3,0,1,0,0,0,9.0
1276,0.0,0.0,0.0,0.0,0.0,0.0,0.0,0.3333333333333333,0.0,0.3333333333333333,0.0,0.0,0.0,0.3333333333333333,0.0,0.0,0.0,0.0,0.0,0.0,0.0,0.0,0.0,0.0,0.0,0.0,0.0,0.0,1.4666666666666666,1.49,2273.0,4.333333333333333,4.251883394061299,0.11575836902790225,9.134411874130997,2.666666666666667,3,0,1,0,0,0,6.5
1277,0.0,0.0,0.0,0.0,0.0,0.0,0.0,0.3749531308586427,0.0,0.2500937382827147,0.0,0.0,0.0,0.12485939257592803,0.0,0.0,0.0,0.0,0.0,0.0,0.2500937382827147,0.0,0.0,0.0,0.0,0.0,0.0,0.0,1.4499812523434572,1.526272965879265,2605.062242219723,4.625046869141357,2.9853995690889343,0.08407050017211784,10.981872817097106,2.124156302734374,4,0,1,0,0,0,9.2
1278,0.0,0.0,0.0,0.0,0.0,0.0,0.0,0.12485939257592803,0.0,0.2500937382827147,0.0,0.0,0.0,0.3749531308586427,0.0,0.0,0.0,0.0,0.0,0.0,0.2500937382827147,0.0,0.0,0.0,0.0,0.0,0.0,0.0,1.4749906261717287,1.4587476565429323,2449.5039370078744,4.374953130858643,4.151833588657555,0.10384186799228193,10.981872817097106,2.374343814447266,4,0,1,0,0,0,8.6
1279,0.16666666666666666,0.16666666666666666,0.16666666666666666,0.16666666666666666,0.0,0.16666666666666666,0.0,0.0,0.0,0.0,0.0,0.16666666666666666,0.0,0.0,0.0,0.0,0.0,0.0,0.0,0.0,0.0,0.0,0.0,0.0,0.0,0.0,0.0,0.0,1.2416666666666667,1.9066666666666667,2036.7449999999997,6.666666666666667,19.920566549873595,0.3080404013906112,14.897584106896662,-33.888888888888886,6,0,0,0,1,0,6.2
1280,0.0,0.0,0.2,0.2,0.0,0.2,0.0,0.0,0.0,0.2,0.2,0.0,0.0,0.0,0.0,0.0,0.0,0.0,0.0,0.0,0.0,0.0,0.0,0.0,0.0,0.0,0.0,0.0,1.3800000000000001,1.768,1803.5540000000003,7.8,1.7749925672341786,0.14496896219536096,13.38167152293333,-7.840000000000002,5,0,1,0,0,0,7.2
1281,0.0,0.0,0.2,0.2,0.0,0.2,0.0,0.0,0.0,0.2,0.2,0.0,0.0,0.0,0.0,0.0,0.0,0.0,0.0,0.0,0.0,0.0,0.0,0.0,0.0,0.0,0.0,0.0,1.3800000000000001,1.768,1803.5540000000003,7.8,1.7749925672341786,0.14496896219536096,13.38167152293333,-7.840000000000002,5,0,0,0,0,1,7.2
1282,0.0,0.0,0.2,0.2,0.0,0.2,0.0,0.0,0.0,0.2,0.2,0.0,0.0,0.0,0.0,0.0,0.0,0.0,0.0,0.0,0.0,0.0,0.0,0.0,0.0,0.0,0.0,0.0,1.3800000000000001,1.768,1803.5540000000003,7.8,1.7749925672341786,0.14496896219536096,13.38167152293333,-7.840000000000002,5,0,0,0,0,1,7.2
1283,0.0,0.0,0.2,0.2,0.0,0.2,0.0,0.0,0.0,0.2,0.2,0.0,0.0,0.0,0.0,0.0,0.0,0.0,0.0,0.0,0.0,0.0,0.0,0.0,0.0,0.0,0.0,0.0,1.3800000000000001,1.768,1803.5540000000003,7.8,1.7749925672341786,0.14496896219536096,13.38167152293333,-7.840000000000002,5,0,0,0,0,1,7.2
1284,0.0,0.2,0.2,0.2,0.0,0.2,0.2,0.0,0.0,0.0,0.0,0.0,0.0,0.0,0.0,0.0,0.0,0.0,0.0,0.0,0.0,0.0,0.0,0.0,0.0,0.0,0.0,0.0,1.3800000000000001,1.766,1801.2,8.0,1.7749925672341786,0.1383618444514238,13.38167152293333,-4.16,5,0,0,0,1,0,8.0
1285,0.1111111111111111,0.0,0.2222222222222222,0.2222222222222222,0.0,0.2222222222222222,0.0,0.0,0.0,0.0,0.2222222222222222,0.0,0.0,0.0,0.0,0.0,0.0,0.0,0.0,0.0,0.0,0.0,0.0,0.0,0.0,0.0,0.0,0.0,1.3611111111111112,1.801111111111111,1676.3344444444444,8.11111111111111,3.3658005107082896,0.11608851454763532,13.146003985803628,-0.5925925925925928,5,0,1,0,0,0,7.4
1286,0.1111111111111111,0.0,0.2222222222222222,0.2222222222222222,0.0,0.2222222222222222,0.0,0.0,0.0,0.0,0.2222222222222222,0.0,0.0,0.0,0.0,0.0,0.0,0.0,0.0,0.0,0.0,0.0,0.0,0.0,0.0,0.0,0.0,0.0,1.3611111111111112,1.801111111111111,1676.3344444444444,8.11111111111111,3.3658005107082896,0.11608851454763532,13.146003985803628,-0.5925925925925928,5,0,0,0,0,1,7.4
1287,0.0,0.0,0.0,0.0,0.0,0.0,0.0,0.16666666666666666,0.16666666666666666,0.16666666666666666,0.0,0.0,0.0,0.16666666666666666,0.0,0.0,0.0,0.0,0.0,0.0,0.16666666666666666,0.16666666666666666,0.0,0.0,0.0,0.0,0.0,0.0,1.4749999999999999,1.5716666666666665,2585.1666666666665,4.666666666666667,3.789945724575917,0.28439506949937715,14.897584106896662,-0.888888888888889,6,0,1,0,0,0,9.9
1288,0.0,0.0,0.0,0.0,0.0,0.0,0.0,0.0,0.2,0.2,0.0,0.0,0.0,0.2,0.0,0.0,0.0,0.0,0.0,0.0,0.2,0.2,0.0,0.0,0.0,0.0,0.0,0.0,1.48,1.5660000000000003,2552.2000000000003,4.6,4.054054054054058,0.31122981862283056,13.38167152293333,-1.92,5,0,1,0,0,0,10.2
1289,0.0,0.0,0.0,0.0,0.0,0.0,0.0,0.2,0.2,0.2,0.0,0.0,0.0,0.2,0.0,0.0,0.0,0.0,0.0,0.0,0.0,0.2,0.0,0.0,0.0,0.0,0.0,0.0,1.48,1.586,2444.2000000000003,4.6,4.054054054054058,0.3095545186231337,13.38167152293333,-1.6000000000000003,5,0,1,0,0,0,8.7
1290,0.0,0.0,0.0,0.0,0.0,0.0,0.0,0.2,0.2,0.0,0.0,0.0,0.0,0.2,0.0,0.0,0.0,0.0,0.0,0.0,0.2,0.2,0.0,0.0,0.0,0.0,0.0,0.0,1.49,1.5780000000000003,2714.0,4.8,3.287905695010978,0.3111526956335105,13.38167152293333,-1.12,5,0,1,0,0,0,10.9
1291,0.0,0.0,0.0,0.0,0.0,0.0,0.0,0.2,0.2,0.2,0.0,0.0,0.0,0.0,0.0,0.0,0.0,0.0,0.0,0.0,0.2,0.2,0.0,0.0,0.0,0.0,0.0,0.0,1.46,1.62,2676.6,4.8,3.3554654010728493,0.28816661846924607,13.38167152293333,-1.4400000000000002,5,0,1,0,0,0,10.8
1292,0.0,0.0,0.0,0.0,0.0,0.0,0.0,0.16666666666666666,0.16666666666666666,0.16666666666666666,0.0,0.0,0.0,0.16666666666666666,0.0,0.0,0.0,0.0,0.0,0.0,0.16666666666666666,0.16666666666666666,0.0,0.0,0.0,0.0,0.0,0.0,1.4749999999999999,1.5716666666666665,2585.1666666666665,4.666666666666667,3.789945724575917,0.28439506949937715,14.897584106896662,-0.888888888888889,6,0,1,0,0,0,9.9
1293,0.0,0.0,0.0,0.0,0.0,0.0,0.0,0.0,0.2,0.2,0.0,0.0,0.0,0.2,0.0,0.0,0.0,0.0,0.0,0.0,0.2,0.2,0.0,0.0,0.0,0.0,0.0,0.0,1.48,1.5660000000000003,2552.2000000000003,4.6,4.054054054054058,0.31122981862283056,13.38167152293333,-1.92,5,0,1,0,0,0,10.2
1294,0.0,0.0,0.0,0.0,0.0,0.0,0.0,0.2,0.2,0.2,0.0,0.0,0.0,0.2,0.0,0.0,0.0,0.0,0.0,0.0,0.0,0.2,0.0,0.0,0.0,0.0,0.0,0.0,1.48,1.586,2444.2000000000003,4.6,4.054054054054058,0.3095545186231337,13.38167152293333,-1.6000000000000003,5,0,1,0,0,0,8.7
1295,0.0,0.0,0.0,0.0,0.0,0.0,0.0,0.2,0.2,0.0,0.0,0.0,0.0,0.2,0.0,0.0,0.0,0.0,0.0,0.0,0.2,0.2,0.0,0.0,0.0,0.0,0.0,0.0,1.49,1.5780000000000003,2714.0,4.8,3.287905695010978,0.3111526956335105,13.38167152293333,-1.12,5,0,1,0,0,0,10.9
1296,0.0,0.0,0.0,0.0,0.0,0.0,0.0,0.2,0.2,0.2,0.0,0.0,0.0,0.0,0.0,0.0,0.0,0.0,0.0,0.0,0.2,0.2,0.0,0.0,0.0,0.0,0.0,0.0,1.46,1.62,2676.6,4.8,3.3554654010728493,0.28816661846924607,13.38167152293333,-1.4400000000000002,5,0,1,0,0,0,10.8
1297,0.0,0.0,0.0,0.0,0.0,0.0,0.0,0.16666666666666666,0.16666666666666666,0.16666666666666666,0.0,0.0,0.0,0.16666666666666666,0.0,0.0,0.0,0.0,0.0,0.0,0.16666666666666666,0.16666666666666666,0.0,0.0,0.0,0.0,0.0,0.0,1.4749999999999999,1.5716666666666665,2585.1666666666665,4.666666666666667,3.789945724575917,0.28439506949937715,14.897584106896662,-0.888888888888889,6,0,1,0,0,0,9.9
1298,0.0,0.0,0.0,0.0,0.0,0.0,0.0,0.0,0.2,0.2,0.0,0.0,0.0,0.2,0.0,0.0,0.0,0.0,0.0,0.0,0.2,0.2,0.0,0.0,0.0,0.0,0.0,0.0,1.48,1.5660000000000003,2552.2000000000003,4.6,4.054054054054058,0.31122981862283056,13.38167152293333,-1.92,5,0,1,0,0,0,10.2
1299,0.0,0.0,0.0,0.0,0.0,0.0,0.0,0.2,0.2,0.2,0.0,0.0,0.0,0.2,0.0,0.0,0.0,0.0,0.0,0.0,0.0,0.2,0.0,0.0,0.0,0.0,0.0,0.0,1.48,1.586,2444.2000000000003,4.6,4.054054054054058,0.3095545186231337,13.38167152293333,-1.6000000000000003,5,0,1,0,0,0,8.7
1300,0.0,0.0,0.0,0.0,0.0,0.0,0.0,0.2,0.2,0.0,0.0,0.0,0.0,0.2,0.0,0.0,0.0,0.0,0.0,0.0,0.2,0.2,0.0,0.0,0.0,0.0,0.0,0.0,1.49,1.5780000000000003,2714.0,4.8,3.287905695010978,0.3111526956335105,13.38167152293333,-1.12,5,0,1,0,0,0,10.9
1301,0.0,0.0,0.0,0.0,0.0,0.0,0.0,0.2,0.2,0.2,0.0,0.0,0.0,0.0,0.0,0.0,0.0,0.0,0.0,0.0,0.2,0.2,0.0,0.0,0.0,0.0,0.0,0.0,1.46,1.62,2676.6,4.8,3.3554654010728493,0.28816661846924607,13.38167152293333,-1.4400000000000002,5,0,1,0,0,0,10.8
1302,0.0,0.0,0.0,0.0,0.0,0.0,0.0,0.16666666666666666,0.16666666666666666,0.16666666666666666,0.0,0.0,0.0,0.16666666666666666,0.0,0.0,0.0,0.0,0.0,0.0,0.16666666666666666,0.16666666666666666,0.0,0.0,0.0,0.0,0.0,0.0,1.4749999999999999,1.5716666666666665,2585.1666666666665,4.666666666666667,3.789945724575917,0.28439506949937715,14.897584106896662,-0.888888888888889,6,0,1,0,0,0,9.9
1303,0.0,0.0,0.0,0.0,0.0,0.0,0.0,0.0,0.2,0.2,0.0,0.0,0.0,0.2,0.0,0.0,0.0,0.0,0.0,0.0,0.2,0.2,0.0,0.0,0.0,0.0,0.0,0.0,1.48,1.5660000000000003,2552.2000000000003,4.6,4.054054054054058,0.31122981862283056,13.38167152293333,-1.92,5,0,1,0,0,0,10.2
1304,0.0,0.0,0.0,0.0,0.0,0.0,0.0,0.2,0.2,0.2,0.0,0.0,0.0,0.2,0.0,0.0,0.0,0.0,0.0,0.0,0.0,0.2,0.0,0.0,0.0,0.0,0.0,0.0,1.48,1.586,2444.2000000000003,4.6,4.054054054054058,0.3095545186231337,13.38167152293333,-1.6000000000000003,5,0,1,0,0,0,8.7
1305,0.0,0.0,0.0,0.0,0.0,0.0,0.0,0.2,0.2,0.0,0.0,0.0,0.0,0.2,0.0,0.0,0.0,0.0,0.0,0.0,0.2,0.2,0.0,0.0,0.0,0.0,0.0,0.0,1.49,1.5780000000000003,2714.0,4.8,3.287905695010978,0.3111526956335105,13.38167152293333,-1.12,5,0,1,0,0,0,10.9
1306,0.0,0.0,0.0,0.0,0.0,0.0,0.0,0.2,0.2,0.2,0.0,0.0,0.0,0.0,0.0,0.0,0.0,0.0,0.0,0.0,0.2,0.2,0.0,0.0,0.0,0.0,0.0,0.0,1.46,1.62,2676.6,4.8,3.3554654010728493,0.28816661846924607,13.38167152293333,-1.4400000000000002,5,0,1,0,0,0,10.8
1307,0.0,0.0,0.0,0.0,0.0,0.0,0.0,0.2,0.2,0.0,0.0,0.0,0.0,0.2,0.0,0.0,0.0,0.0,0.0,0.0,0.2,0.2,0.0,0.0,0.0,0.0,0.0,0.0,1.49,1.5780000000000003,2714.0,4.8,3.287905695010978,0.3111526956335105,13.38167152293333,-1.12,5,0,1,0,0,0,10.9
1308,0.0,0.0,0.0,0.0,0.0,0.0,0.0,0.2,0.2,0.2,0.0,0.0,0.0,0.0,0.0,0.0,0.0,0.0,0.0,0.0,0.2,0.2,0.0,0.0,0.0,0.0,0.0,0.0,1.46,1.62,2676.6,4.8,3.3554654010728493,0.28816661846924607,13.38167152293333,-1.4400000000000002,5,0,1,0,0,0,10.8
1309,0.0,0.25,0.25,0.25,0.0,0.25,0.0,0.0,0.0,0.0,0.0,0.0,0.0,0.0,0.0,0.0,0.0,0.0,0.0,0.0,0.0,0.0,0.0,0.0,0.0,0.0,0.0,0.0,1.375,1.82,1871.75,8.25,1.8181818181818077,0.09669539802906858,11.52634446553133,-3.75,4,0,0,0,1,0,8.2
1310,0.0,0.23685457129322599,0.23685457129322599,0.23685457129322599,0.0,0.23685457129322599,0.0,0.0,0.0,0.0,0.0,0.026290857413548085,0.0,0.0,0.0,0.0,0.0,0.0,0.0,0.0,0.0,0.0,0.026290857413548085,0.0,0.0,0.0,0.0,0.0,1.3565963998105164,1.853389388915206,1970.3801515869256,8.07910942681194,8.158182384770333,0.17152353078136584,12.936492249970248,-8.389041094660822,6,0,0,0,1,0,8.5
1311,0.0,0.20584602717167558,0.20584602717167558,0.20584602717167558,0.0,0.20584602717167558,0.0,0.0,0.0,0.0,0.0,0.08830794565664882,0.0,0.0,0.0,0.0,0.0,0.0,0.0,0.0,0.0,0.0,0.08830794565664882,0.0,0.0,0.0,0.0,0.0,1.3131844380403457,1.9321510909839439,2203.037258130918,7.675998353231782,14.644715138466236,0.2606351384622548,14.384887929252239,-18.592660627273602,6,0,0,0,1,0,9.1
1312,0.07698961937716263,0.28835063437139563,0.1923298731257209,0.1923298731257209,0.0,0.1923298731257209,0.0,0.0,0.0,0.05767012687427913,0.0,0.0,0.0,0.0,0.0,0.0,0.0,0.0,0.0,0.0,0.0,0.0,0.0,0.0,0.0,0.0,0.0,0.0,1.3644175317185698,1.7934457900807383,1793.5436822376012,7.672722029988466,2.993173833036505,0.12145067349515405,13.89952080661237,-11.835784812602023,6,0,0,0,1,0,7.3
1313,0.0,0.0,0.0,0.0,0.0,0.0,0.0,0.2,0.0,0.2,0.0,0.0,0.0,0.2,0.0,0.0,0.0,0.0,0.0,0.0,0.2,0.2,0.0,0.0,0.0,0.0,0.0,0.0,1.48,1.4540000000000002,2523.0,4.4,4.054054054054058,0.11825396399275587,13.38167152293333,2.7200000000000006,5,0,0,1,0,0,9.9
1314,0.0,0.0,0.0,0.0,0.0,0.0,0.0,0.2,0.0,0.2,0.0,0.0,0.0,0.2,0.0,0.0,0.0,0.0,0.0,0.0,0.2,0.2,0.0,0.0,0.0,0.0,0.0,0.0,1.48,1.4540000000000002,2523.0,4.4,4.054054054054058,0.11825396399275587,13.38167152293333,2.7200000000000006,5,0,0,1,0,0,9.9
1315,0.0,0.0,0.0,0.0,0.0,0.0,0.0,0.2,0.0,0.2,0.0,0.0,0.0,0.2,0.0,0.0,0.0,0.0,0.0,0.0,0.2,0.2,0.0,0.0,0.0,0.0,0.0,0.0,1.48,1.4540000000000002,2523.0,4.4,4.054054054054058,0.11825396399275587,13.38167152293333,2.7200000000000006,5,0,0,1,0,0,9.9
1316,0.0,0.0,0.0,0.0,0.0,0.0,0.0,0.2,0.0,0.2,0.0,0.0,0.0,0.2,0.0,0.0,0.0,0.0,0.0,0.0,0.2,0.2,0.0,0.0,0.0,0.0,0.0,0.0,1.48,1.4540000000000002,2523.0,4.4,4.054054054054058,0.11825396399275587,13.38167152293333,2.7200000000000006,5,0,0,1,0,0,9.9
1317,0.0,0.0,0.0,0.0,0.0,0.0,0.0,0.2,0.0,0.2,0.0,0.0,0.0,0.2,0.0,0.0,0.0,0.0,0.0,0.0,0.2,0.2,0.0,0.0,0.0,0.0,0.0,0.0,1.48,1.4540000000000002,2523.0,4.4,4.054054054054058,0.11825396399275587,13.38167152293333,2.7200000000000006,5,0,0,1,0,0,9.9
1318,0.0,0.0,0.0,0.0,0.0,0.0,0.0,0.2,0.0,0.2,0.0,0.0,0.0,0.2,0.0,0.0,0.0,0.0,0.0,0.0,0.2,0.2,0.0,0.0,0.0,0.0,0.0,0.0,1.48,1.4540000000000002,2523.0,4.4,4.054054054054058,0.11825396399275587,13.38167152293333,2.7200000000000006,5,0,0,1,0,0,9.9
1319,0.0,0.0,0.0,0.0,0.0,0.0,0.0,0.2,0.0,0.2,0.0,0.0,0.0,0.2,0.0,0.0,0.0,0.0,0.0,0.0,0.2,0.2,0.0,0.0,0.0,0.0,0.0,0.0,1.48,1.4540000000000002,2523.0,4.4,4.054054054054058,0.11825396399275587,13.38167152293333,2.7200000000000006,5,0,0,1,0,0,9.9
1320,0.0,0.0,0.0,0.0,0.0,0.0,0.0,0.2,0.0,0.2,0.0,0.0,0.0,0.2,0.0,0.0,0.0,0.0,0.0,0.0,0.2,0.2,0.0,0.0,0.0,0.0,0.0,0.0,1.48,1.4540000000000002,2523.0,4.4,4.054054054054058,0.11825396399275587,13.38167152293333,2.7200000000000006,5,0,0,1,0,0,9.9
1321,0.0,0.0,0.0,0.0,0.0,0.0,0.0,0.2,0.0,0.2,0.0,0.0,0.0,0.2,0.0,0.0,0.0,0.0,0.0,0.0,0.2,0.2,0.0,0.0,0.0,0.0,0.0,0.0,1.48,1.4540000000000002,2523.0,4.4,4.054054054054058,0.11825396399275587,13.38167152293333,2.7200000000000006,5,0,0,1,0,0,9.9
1322,0.0,0.0,0.0,0.0,0.0,0.0,0.0,0.2,0.0,0.2,0.0,0.0,0.0,0.2,0.0,0.0,0.0,0.0,0.0,0.0,0.2,0.2,0.0,0.0,0.0,0.0,0.0,0.0,1.48,1.4540000000000002,2523.0,4.4,4.054054054054058,0.11825396399275587,13.38167152293333,2.7200000000000006,5,0,0,1,0,0,9.9
1323,0.0,0.0,0.0,0.0,0.0,0.0,0.0,0.2,0.0,0.2,0.0,0.0,0.0,0.2,0.0,0.0,0.0,0.0,0.0,0.0,0.2,0.2,0.0,0.0,0.0,0.0,0.0,0.0,1.48,1.4540000000000002,2523.0,4.4,4.054054054054058,0.11825396399275587,13.38167152293333,2.7200000000000006,5,0,0,1,0,0,9.9
1324,0.25,0.0,0.0,0.0,0.0,0.0,0.0,0.25,0.0,0.25,0.0,0.0,0.0,0.25,0.0,0.0,0.0,0.0,0.0,0.0,0.0,0.0,0.0,0.0,0.0,0.0,0.0,0.0,1.4124999999999999,1.52,1938.1175,4.0,7.663941626410965,0.11291589790636215,11.52634446553133,-21.5,4,0,1,0,0,0,5.7
1325,0.25,0.0,0.0,0.0,0.0,0.0,0.0,0.25,0.0,0.25,0.0,0.0,0.0,0.25,0.0,0.0,0.0,0.0,0.0,0.0,0.0,0.0,0.0,0.0,0.0,0.0,0.0,0.0,1.4124999999999999,1.52,1938.1175,4.0,7.663941626410965,0.11291589790636215,11.52634446553133,-21.5,4,1,0,0,0,0,5.7
1326,0.2222222222222222,0.0,0.2222222222222222,0.2222222222222222,0.0,0.2222222222222222,0.0,0.0,0.1111111111111111,0.0,0.0,0.0,0.0,0.0,0.0,0.0,0.0,0.0,0.0,0.0,0.0,0.0,0.0,0.0,0.0,0.0,0.0,0.0,1.3611111111111112,1.7977777777777777,1800.1044444444444,6.666666666666666,4.829452884162946,0.1722258064143168,13.14600398580363,-11.851851851851851,5,0,1,0,0,0,6.8
1327,0.21052631578947367,0.0,0.21052631578947367,0.21052631578947367,0.0,0.21052631578947367,0.0,0.0,0.10526315789473684,0.05263157894736842,0.0,0.0,0.0,0.0,0.0,0.0,0.0,0.0,0.0,0.0,0.0,0.0,0.0,0.0,0.0,0.0,0.0,0.0,1.3631578947368421,1.7842105263157895,1807.52,6.526315789473684,4.736619361538725,0.17723952836631132,14.16849284417239,-14.670360110803323,6,0,1,0,0,0,6.6
1328,0.2040816326530612,0.0,0.2040816326530612,0.2040816326530612,0.0,0.2040816326530612,0.0,0.0,0.1020408163265306,0.08163265306122448,0.0,0.0,0.0,0.0,0.0,0.0,0.0,0.0,0.0,0.0,0.0,0.0,0.0,0.0,0.0,0.0,0.0,0.0,1.364285714285714,1.7767346938775508,1811.6061224489792,6.448979591836735,4.682864874345103,0.17950484906305786,14.423693221605056,-16.059975010412323,6,0,1,0,0,0,6.5
1329,0.2,0.0,0.2,0.2,0.0,0.2,0.0,0.0,0.1,0.1,0.0,0.0,0.0,0.0,0.0,0.0,0.0,0.0,0.0,0.0,0.0,0.0,0.0,0.0,0.0,0.0,0.0,0.0,1.365,1.772,1814.194,6.4,4.647830600897258,0.18076504086797315,14.53430596948646,-16.880000000000003,6,0,1,0,0,0,6.5
1330,0.19607843137254904,0.0,0.19607843137254904,0.19607843137254904,0.0,0.19607843137254904,0.0,0.0,0.09803921568627452,0.11764705882352941,0.0,0.0,0.0,0.0,0.0,0.0,0.0,0.0,0.0,0.0,0.0,0.0,0.0,0.0,0.0,0.0,0.0,0.0,1.365686274509804,1.7674509803921572,1816.680392156863,6.352941176470589,4.613429723778786,0.18185151384377896,14.611014958894128,-17.623990772779706,6,0,1,0,0,0,6.4
1331,0.19047619047619047,0.0,0.19047619047619047,0.19047619047619047,0.0,0.19047619047619047,0.0,0.0,0.09523809523809523,0.14285714285714285,0.0,0.0,0.0,0.0,0.0,0.0,0.0,0.0,0.0,0.0,0.0,0.0,0.0,0.0,0.0,0.0,0.0,0.0,1.3666666666666665,1.7609523809523808,1820.232380952381,6.285714285714285,4.562996813138948,0.18319660950035702,14.677915544812086,-18.61224489795918,6,0,1,0,0,0,6.4
1332,0.25,0.0,0.0,0.0,0.0,0.25,0.0,0.25,0.25,0.0,0.0,0.0,0.0,0.0,0.0,0.0,0.0,0.0,0.0,0.0,0.0,0.0,0.0,0.0,0.0,0.0,0.0,0.0,1.3875,1.7575,2189.8675000000003,5.0,5.907602274145946,0.23349250523303744,11.52634446553133,-11.5,4,1,0,0,0,0,7.2
1333,0.25,0.0,0.0,0.0,0.0,0.25,0.0,0.25,0.25,0.0,0.0,0.0,0.0,0.0,0.0,0.0,0.0,0.0,0.0,0.0,0.0,0.0,0.0,0.0,0.0,0.0,0.0,0.0,1.3875,1.7575,2189.8675000000003,5.0,5.907602274145946,0.23349250523303744,11.52634446553133,-11.5,4,0,1,0,0,0,7.2
1334,0.25,0.0,0.0,0.0,0.0,0.0,0.0,0.25,0.0,0.25,0.0,0.0,0.0,0.0,0.0,0.0,0.0,0.0,0.0,0.0,0.0,0.25,0.0,0.0,0.0,0.0,0.0,0.0,1.4124999999999999,1.5125,2032.6175,4.0,7.663941626410965,0.12557368354874363,11.52634446553133,-20.25,4,1,0,0,0,0,7.7
1335,0.25,0.0,0.0,0.0,0.0,0.0,0.0,0.25,0.0,0.25,0.0,0.0,0.0,0.0,0.0,0.0,0.0,0.0,0.0,0.0,0.0,0.25,0.0,0.0,0.0,0.0,0.0,0.0,1.4124999999999999,1.5125,2032.6175,4.0,7.663941626410965,0.12557368354874363,11.52634446553133,-20.25,4,0,1,0,0,0,7.7
1336,0.25,0.0,0.0,0.0,0.0,0.0,0.0,0.0,0.0,0.25,0.0,0.0,0.0,0.0,0.0,0.0,0.0,0.0,0.0,0.0,0.25,0.25,0.0,0.0,0.0,0.0,0.0,0.0,1.4124999999999999,1.4875,2167.6175000000003,4.0,7.663941626410965,0.11519006033508275,11.52634446553133,-21.0,4,1,0,0,0,0,9.7
1337,0.25,0.0,0.0,0.0,0.0,0.0,0.0,0.0,0.0,0.25,0.0,0.0,0.0,0.0,0.0,0.0,0.0,0.0,0.0,0.0,0.25,0.25,0.0,0.0,0.0,0.0,0.0,0.0,1.4124999999999999,1.4875,2167.6175000000003,4.0,7.663941626410965,0.11519006033508275,11.52634446553133,-21.0,4,0,1,0,0,0,9.7
1338,0.25,0.0,0.0,0.0,0.0,0.0,0.0,0.25,0.25,0.25,0.0,0.0,0.0,0.0,0.0,0.0,0.0,0.0,0.0,0.0,0.0,0.0,0.0,0.0,0.0,0.0,0.0,0.0,1.3875000000000002,1.7275,2130.1175000000003,4.5,5.90760227414594,0.25113492389550285,11.52634446553133,-15.25,4,1,0,0,0,0,6.5
1339,0.25,0.0,0.0,0.0,0.0,0.0,0.0,0.25,0.25,0.25,0.0,0.0,0.0,0.0,0.0,0.0,0.0,0.0,0.0,0.0,0.0,0.0,0.0,0.0,0.0,0.0,0.0,0.0,1.3875000000000002,1.7275,2130.1175000000003,4.5,5.90760227414594,0.25113492389550285,11.52634446553133,-15.25,4,0,1,0,0,0,6.5
1340,0.25,0.0,0.0,0.0,0.0,0.0,0.0,0.25,0.0,0.25,0.0,0.0,0.0,0.0,0.0,0.0,0.0,0.0,0.0,0.0,0.25,0.0,0.0,0.0,0.0,0.0,0.0,0.0,1.3875,1.5625,2228.6175000000003,4.25,5.907602274145945,0.04493050188902861,11.52634446553133,-16.0,4,1,0,0,0,0,8.2
1341,0.25,0.0,0.0,0.0,0.0,0.0,0.0,0.25,0.0,0.25,0.0,0.0,0.0,0.0,0.0,0.0,0.0,0.0,0.0,0.0,0.25,0.0,0.0,0.0,0.0,0.0,0.0,0.0,1.3875,1.5625,2228.6175000000003,4.25,5.907602274145945,0.04493050188902861,11.52634446553133,-16.0,4,0,1,0,0,0,8.2
1342,0.0,0.0,0.0,0.0,0.0,0.25,0.0,0.0,0.25,0.25,0.0,0.0,0.0,0.0,0.0,0.0,0.0,0.0,0.0,0.0,0.25,0.0,0.0,0.0,0.0,0.0,0.0,0.0,1.425,1.715,2576.75,5.25,1.754385964912275,0.2635811070619441,11.52634446553133,-5.5,4,1,0,0,0,0,9.9
1343,0.0,0.0,0.0,0.0,0.0,0.25,0.0,0.0,0.25,0.25,0.0,0.0,0.0,0.0,0.0,0.0,0.0,0.0,0.0,0.0,0.25,0.0,0.0,0.0,0.0,0.0,0.0,0.0,1.425,1.715,2576.75,5.25,1.754385964912275,0.2635811070619441,11.52634446553133,-5.5,4,0,1,0,0,0,9.9
1344,0.0,0.0,0.0,0.0,0.0,0.25,0.0,0.25,0.0,0.25,0.0,0.0,0.0,0.0,0.0,0.0,0.0,0.0,0.0,0.0,0.25,0.0,0.0,0.0,0.0,0.0,0.0,0.0,1.425,1.575,2540.25,5.0,1.754385964912275,0.06062177826491068,11.52634446553133,-4.5,4,1,0,0,0,0,9.4
1345,0.0,0.0,0.0,0.0,0.0,0.25,0.0,0.25,0.0,0.25,0.0,0.0,0.0,0.0,0.0,0.0,0.0,0.0,0.0,0.0,0.25,0.0,0.0,0.0,0.0,0.0,0.0,0.0,1.425,1.575,2540.25,5.0,1.754385964912275,0.06062177826491068,11.52634446553133,-4.5,4,0,1,0,0,0,9.4
1346,0.0,0.0,0.0,0.0,0.0,0.25,0.0,0.25,0.0,0.25,0.0,0.0,0.0,0.0,0.0,0.0,0.0,0.0,0.0,0.0,0.0,0.0,0.25,0.0,0.0,0.0,0.0,0.0,1.4,1.79,2641.5,5.25,2.525381361380526,0.3318132004607411,11.52634446553133,-6.25,4,1,0,0,0,0,9.9
1347,0.0,0.0,0.0,0.0,0.0,0.25,0.0,0.25,0.0,0.25,0.0,0.0,0.0,0.0,0.0,0.0,0.0,0.0,0.0,0.0,0.0,0.0,0.25,0.0,0.0,0.0,0.0,0.0,1.4,1.79,2641.5,5.25,2.525381361380526,0.3318132004607411,11.52634446553133,-6.25,4,0,1,0,0,0,9.9
1348,0.0,0.0,0.0,0.0,0.0,0.0,0.0,0.25,0.0,0.25,0.0,0.0,0.0,0.0,0.0,0.0,0.0,0.0,0.0,0.0,0.25,0.25,0.0,0.0,0.0,0.0,0.0,0.0,1.4625,1.485,2621.75,4.5,3.725554652598865,0.11258330249197702,11.52634446553133,2.5,4,1,0,0,0,0,10.9
1349,0.0,0.0,0.0,0.0,0.0,0.0,0.0,0.25,0.0,0.25,0.0,0.0,0.0,0.0,0.0,0.0,0.0,0.0,0.0,0.0,0.25,0.25,0.0,0.0,0.0,0.0,0.0,0.0,1.4625,1.485,2621.75,4.5,3.725554652598865,0.11258330249197702,11.52634446553133,2.5,4,0,1,0,0,0,10.9
1350,0.0,0.0,0.0,0.0,0.0,0.0,0.0,0.2,0.2,0.2,0.0,0.0,0.0,0.0,0.0,0.0,0.0,0.0,0.0,0.0,0.2,0.0,0.2,0.0,0.0,0.0,0.0,0.0,1.42,1.832,2914.4,5.2,2.8169014084507005,0.3565613551690648,13.38167152293333,-5.280000000000001,5,1,0,0,0,0,11.8
1351,0.0,0.0,0.0,0.0,0.0,0.0,0.0,0.2,0.2,0.2,0.0,0.0,0.0,0.0,0.0,0.0,0.0,0.0,0.0,0.0,0.2,0.0,0.2,0.0,0.0,0.0,0.0,0.0,1.42,1.832,2914.4,5.2,2.8169014084507005,0.3565613551690648,13.38167152293333,-5.280000000000001,5,0,1,0,0,0,11.8
1352,0.0,0.0,0.0,0.0,0.0,0.0,0.0,0.25,0.25,0.25,0.0,0.0,0.0,0.0,0.0,0.0,0.0,0.0,0.0,0.0,0.25,0.0,0.0,0.0,0.0,0.0,0.0,0.0,1.4375,1.7000000000000002,2719.25,5.0,1.5061311370164159,0.26795522013948525,11.52634446553133,-3.0,4,1,0,0,0,0,10.0
1353,0.0,0.0,0.0,0.0,0.0,0.0,0.0,0.25,0.25,0.25,0.0,0.0,0.0,0.0,0.0,0.0,0.0,0.0,0.0,0.0,0.25,0.0,0.0,0.0,0.0,0.0,0.0,0.0,1.4375,1.7000000000000002,2719.25,5.0,1.5061311370164159,0.26795522013948525,11.52634446553133,-3.0,4,0,1,0,0,0,10.0
